2025-10-27 08:55:03,687 - Knowledge - INFO - Created shared MongoDB connection pool
2025-10-27 08:55:04,012 - Knowledge - INFO - Starting Knowledge Graph processing with 50 threads
2025-10-27 08:55:04,199 - Knowledge - INFO - Initial configuration: chunk_size=65536, max_cache_size=500
2025-10-27 08:55:05,356 - Knowledge - INFO - load persisted knowledge: begin
2025-10-27 08:55:05,628 - Knowledge - INFO - Found code-base-name: https://github.com/kavia-common/Thunder-712.git:kavia-R4_4
2025-10-27 08:55:05,815 - Knowledge - INFO - Found code_base: <app.utils.kg_build.knowledge.KnowledgeCodeBase object at 0x7f99453638d0>
2025-10-27 08:55:06,047 - Knowledge - INFO - process ingested knowledge for /app/data/tataelxsimcvaripplecode5379/718/b3129g6/Thunder-712/Source/com/Communicator.cpp
2025-10-27 08:55:06,249 - Knowledge - INFO - [FILE_READ] Completed: Communicator.cpp, Duration: 6ms, Size: 19714
2025-10-27 08:55:06,426 - Knowledge - INFO - Found code-base-name: https://github.com/kavia-common/Thunder-712.git:kavia-R4_4
2025-10-27 08:55:06,653 - Knowledge - INFO - Found code_base: <app.utils.kg_build.knowledge.KnowledgeCodeBase object at 0x7f99453638d0>
2025-10-27 08:55:06,833 - Knowledge - INFO - process ingested knowledge for /app/data/tataelxsimcvaripplecode5379/718/b3129g6/Thunder-712/Source/WPEFramework/WarningReportingCategories.cpp
2025-10-27 08:55:07,007 - Knowledge - INFO - [FILE_READ] Completed: WarningReportingCategories.cpp, Duration: 5ms, Size: 1279
2025-10-27 08:55:07,185 - Knowledge - INFO - Found code-base-name: https://github.com/kavia-common/Thunder-712.git:kavia-R4_4
2025-10-27 08:55:07,352 - Knowledge - INFO - Found code_base: <app.utils.kg_build.knowledge.KnowledgeCodeBase object at 0x7f99453638d0>
2025-10-27 08:55:07,551 - Knowledge - INFO - process ingested knowledge for /app/data/tataelxsimcvaripplecode5379/718/b3129g6/Thunder-712/Tests/CMakeLists.txt
2025-10-27 08:55:07,755 - Knowledge - INFO - [FILE_READ] Completed: CMakeLists.txt, Duration: 6ms, Size: 548
2025-10-27 08:55:07,942 - Knowledge - INFO - Found code-base-name: https://github.com/kavia-common/Thunder-712.git:kavia-R4_4
2025-10-27 08:55:08,123 - Knowledge - INFO - Found code_base: <app.utils.kg_build.knowledge.KnowledgeCodeBase object at 0x7f99453638d0>
2025-10-27 08:55:08,306 - Knowledge - INFO - process ingested knowledge for /app/data/tataelxsimcvaripplecode5379/718/b3129g6/Thunder-712/Source/WPEFramework/SystemInfo.h
2025-10-27 08:55:08,472 - Knowledge - INFO - [FILE_READ] Completed: SystemInfo.h, Duration: 6ms, Size: 25278
2025-10-27 08:55:08,658 - Knowledge - INFO - Found code-base-name: https://github.com/kavia-common/Thunder-712.git:kavia-R4_4
2025-10-27 08:55:08,889 - Knowledge - INFO - Found code_base: <app.utils.kg_build.knowledge.KnowledgeCodeBase object at 0x7f99453638d0>
2025-10-27 08:55:09,069 - Knowledge - INFO - process ingested knowledge for /app/data/tataelxsimcvaripplecode5379/718/b3129g6/Thunder-712/Source/com/IteratorType.h
2025-10-27 08:55:09,239 - Knowledge - INFO - [FILE_READ] Completed: IteratorType.h, Duration: 5ms, Size: 5722
2025-10-27 08:55:09,427 - Knowledge - INFO - Found code-base-name: https://github.com/kavia-common/Thunder-712.git:kavia-R4_4
2025-10-27 08:55:09,623 - Knowledge - INFO - Found code_base: <app.utils.kg_build.knowledge.KnowledgeCodeBase object at 0x7f99453638d0>
2025-10-27 08:55:09,879 - Knowledge - INFO - process ingested knowledge for /app/data/tataelxsimcvaripplecode5379/718/b3129g6/Thunder-712/Source/extensions/privilegedrequest/CMakeLists.txt
2025-10-27 08:55:10,089 - Knowledge - INFO - [FILE_READ] Completed: CMakeLists.txt, Duration: 5ms, Size: 1798
2025-10-27 08:55:10,326 - Knowledge - INFO - Found code-base-name: https://github.com/kavia-common/Thunder-712.git:kavia-R4_4
2025-10-27 08:55:10,536 - Knowledge - INFO - Found code_base: <app.utils.kg_build.knowledge.KnowledgeCodeBase object at 0x7f99453638d0>
2025-10-27 08:55:10,744 - Knowledge - INFO - process ingested knowledge for /app/data/tataelxsimcvaripplecode5379/718/b3129g6/Thunder-712/Source/websocket/JSONWebToken.cpp
2025-10-27 08:55:10,957 - Knowledge - INFO - [FILE_READ] Completed: JSONWebToken.cpp, Duration: 6ms, Size: 6937
2025-10-27 08:55:11,117 - Knowledge - INFO - Found code-base-name: https://github.com/kavia-common/Thunder-712.git:kavia-R4_4
2025-10-27 08:55:11,274 - Knowledge - INFO - Found code_base: <app.utils.kg_build.knowledge.KnowledgeCodeBase object at 0x7f99453638d0>
2025-10-27 08:55:11,486 - Knowledge - INFO - process ingested knowledge for /app/data/tataelxsimcvaripplecode5379/718/b3129g6/Thunder-712/Source/core/Proxy.h
2025-10-27 08:55:11,719 - Knowledge - INFO - [FILE_READ] Completed: Proxy.h, Duration: 6ms, Size: 67018
2025-10-27 08:55:11,899 - Knowledge - INFO - Found code-base-name: https://github.com/kavia-common/Thunder-712.git:kavia-R4_4
2025-10-27 08:55:12,072 - Knowledge - INFO - Found code_base: <app.utils.kg_build.knowledge.KnowledgeCodeBase object at 0x7f99453638d0>
2025-10-27 08:55:12,247 - Knowledge - INFO - process ingested knowledge for /app/data/tataelxsimcvaripplecode5379/718/b3129g6/Thunder-712/Source/plugins/Channel.h
2025-10-27 08:55:12,418 - Knowledge - INFO - [FILE_READ] Completed: Channel.h, Duration: 6ms, Size: 15560
2025-10-27 08:55:12,588 - Knowledge - INFO - Found code-base-name: https://github.com/kavia-common/Thunder-712.git:kavia-R4_4
2025-10-27 08:55:12,771 - Knowledge - INFO - Found code_base: <app.utils.kg_build.knowledge.KnowledgeCodeBase object at 0x7f99453638d0>
2025-10-27 08:55:12,960 - Knowledge - INFO - process ingested knowledge for /app/data/tataelxsimcvaripplecode5379/718/b3129g6/Thunder-712/cmake/config/events/event_clear.cmake
2025-10-27 08:55:13,155 - Knowledge - INFO - [FILE_READ] Completed: event_clear.cmake, Duration: 5ms, Size: 312
2025-10-27 08:55:13,403 - Knowledge - INFO - Found code-base-name: https://github.com/kavia-common/Thunder-712.git:kavia-R4_4
2025-10-27 08:55:13,591 - Knowledge - INFO - Found code_base: <app.utils.kg_build.knowledge.KnowledgeCodeBase object at 0x7f99453638d0>
2025-10-27 08:55:13,787 - Knowledge - INFO - process ingested knowledge for /app/data/tataelxsimcvaripplecode5379/718/b3129g6/Thunder-712/Source/extensions/processcontainers/implementations/AWCImplementation/AWCContainerAdministrator.h
2025-10-27 08:55:13,971 - Knowledge - INFO - [FILE_READ] Completed: AWCContainerAdministrator.h, Duration: 5ms, Size: 1419
2025-10-27 08:55:14,183 - Knowledge - INFO - Found code-base-name: https://github.com/kavia-common/Thunder-712.git:kavia-R4_4
2025-10-27 08:55:14,354 - Knowledge - INFO - Found code_base: <app.utils.kg_build.knowledge.KnowledgeCodeBase object at 0x7f99453638d0>
2025-10-27 08:55:14,524 - Knowledge - INFO - process ingested knowledge for /app/data/tataelxsimcvaripplecode5379/718/b3129g6/Thunder-712/Source/extensions/processcontainers/common/CGroupContainerInfo.h
2025-10-27 08:55:14,712 - Knowledge - INFO - [FILE_READ] Completed: CGroupContainerInfo.h, Duration: 7ms, Size: 6475
2025-10-27 08:55:14,902 - Knowledge - INFO - Found code-base-name: https://github.com/kavia-common/Thunder-712.git:kavia-R4_4
2025-10-27 08:55:15,077 - Knowledge - INFO - Found code_base: <app.utils.kg_build.knowledge.KnowledgeCodeBase object at 0x7f99453638d0>
2025-10-27 08:55:15,299 - Knowledge - INFO - process ingested knowledge for /app/data/tataelxsimcvaripplecode5379/718/b3129g6/Thunder-712/Source/core/ThreadPool.h
2025-10-27 08:55:15,481 - Knowledge - INFO - [FILE_READ] Completed: ThreadPool.h, Duration: 6ms, Size: 25152
2025-10-27 08:55:15,713 - Knowledge - INFO - Found code-base-name: https://github.com/kavia-common/Thunder-712.git:kavia-R4_4
2025-10-27 08:55:15,900 - Knowledge - INFO - Found code_base: <app.utils.kg_build.knowledge.KnowledgeCodeBase object at 0x7f99453638d0>
2025-10-27 08:55:16,121 - Knowledge - INFO - process ingested knowledge for /app/data/tataelxsimcvaripplecode5379/718/b3129g6/Thunder-712/Source/cryptalgo/Module.h
2025-10-27 08:55:16,359 - Knowledge - INFO - [FILE_READ] Completed: Module.h, Duration: 5ms, Size: 923
2025-10-27 08:55:16,594 - Knowledge - INFO - Found code-base-name: https://github.com/kavia-common/Thunder-712.git:kavia-R4_4
2025-10-27 08:55:16,790 - Knowledge - INFO - Found code_base: <app.utils.kg_build.knowledge.KnowledgeCodeBase object at 0x7f99453638d0>
2025-10-27 08:55:17,006 - Knowledge - INFO - process ingested knowledge for /app/data/tataelxsimcvaripplecode5379/718/b3129g6/Thunder-712/cmake/config/map/helpers/map_values.cmake
2025-10-27 08:55:17,181 - Knowledge - INFO - [FILE_READ] Completed: map_values.cmake, Duration: 5ms, Size: 698
2025-10-27 08:55:17,363 - Knowledge - INFO - Found code-base-name: https://github.com/kavia-common/Thunder-712.git:kavia-R4_4
2025-10-27 08:55:17,587 - Knowledge - INFO - Found code_base: <app.utils.kg_build.knowledge.KnowledgeCodeBase object at 0x7f99453638d0>
2025-10-27 08:55:17,775 - Knowledge - INFO - process ingested knowledge for /app/data/tataelxsimcvaripplecode5379/718/b3129g6/Thunder-712/Tests/unit/core/test_jsonparser.cpp
2025-10-27 08:55:17,941 - Knowledge - INFO - [FILE_READ] Completed: test_jsonparser.cpp, Duration: 7ms, Size: 113077
2025-10-27 08:55:18,116 - Knowledge - INFO - Found code-base-name: https://github.com/kavia-common/Thunder-712.git:kavia-R4_4
2025-10-27 08:55:18,330 - Knowledge - INFO - Found code_base: <app.utils.kg_build.knowledge.KnowledgeCodeBase object at 0x7f99453638d0>
2025-10-27 08:55:18,565 - Knowledge - INFO - process ingested knowledge for /app/data/tataelxsimcvaripplecode5379/718/b3129g6/Thunder-712/Source/extensions/hibernate/common/Log.h
2025-10-27 08:55:18,762 - Knowledge - INFO - [FILE_READ] Completed: Log.h, Duration: 5ms, Size: 373
2025-10-27 08:55:18,945 - Knowledge - INFO - Found code-base-name: https://github.com/kavia-common/Thunder-712.git:kavia-R4_4
2025-10-27 08:55:19,111 - Knowledge - INFO - Found code_base: <app.utils.kg_build.knowledge.KnowledgeCodeBase object at 0x7f99453638d0>
2025-10-27 08:55:19,274 - Knowledge - INFO - process ingested knowledge for /app/data/tataelxsimcvaripplecode5379/718/b3129g6/Thunder-712/Source/com/Administrator.cpp
2025-10-27 08:55:19,468 - Knowledge - INFO - [FILE_READ] Completed: Administrator.cpp, Duration: 8ms, Size: 17589
2025-10-27 08:55:19,635 - Knowledge - INFO - Found code-base-name: https://github.com/kavia-common/Thunder-712.git:kavia-R4_4
2025-10-27 08:55:19,801 - Knowledge - INFO - Found code_base: <app.utils.kg_build.knowledge.KnowledgeCodeBase object at 0x7f99453638d0>
2025-10-27 08:55:19,987 - Knowledge - INFO - process ingested knowledge for /app/data/tataelxsimcvaripplecode5379/718/b3129g6/Thunder-712/docs/docs.md
2025-10-27 08:55:20,203 - Knowledge - INFO - [FILE_READ] Completed: docs.md, Duration: 6ms, Size: 2729
2025-10-27 08:55:20,590 - Knowledge - INFO - Found code-base-name: https://github.com/kavia-common/Thunder-712.git:kavia-R4_4
2025-10-27 08:55:20,765 - Knowledge - INFO - Found code_base: <app.utils.kg_build.knowledge.KnowledgeCodeBase object at 0x7f99453638d0>
2025-10-27 08:55:20,954 - Knowledge - INFO - process ingested knowledge for /app/data/tataelxsimcvaripplecode5379/718/b3129g6/Thunder-712/Tests/workerpool-test/CMakeLists.txt
2025-10-27 08:55:21,174 - Knowledge - INFO - [FILE_READ] Completed: CMakeLists.txt, Duration: 5ms, Size: 259
2025-10-27 08:55:21,355 - Knowledge - INFO - Found code-base-name: https://github.com/kavia-common/Thunder-712.git:kavia-R4_4
2025-10-27 08:55:21,594 - Knowledge - INFO - Found code_base: <app.utils.kg_build.knowledge.KnowledgeCodeBase object at 0x7f99453638d0>
2025-10-27 08:55:21,788 - Knowledge - INFO - process ingested knowledge for /app/data/tataelxsimcvaripplecode5379/718/b3129g6/Thunder-712/cmake/config/map/helpers/map_push_back.cmake
2025-10-27 08:55:22,008 - Knowledge - INFO - [FILE_READ] Completed: map_push_back.cmake, Duration: 5ms, Size: 177
2025-10-27 08:55:22,208 - Knowledge - INFO - Found code-base-name: https://github.com/kavia-common/Thunder-712.git:kavia-R4_4
2025-10-27 08:55:22,394 - Knowledge - INFO - Found code_base: <app.utils.kg_build.knowledge.KnowledgeCodeBase object at 0x7f99453638d0>
2025-10-27 08:55:22,600 - Knowledge - INFO - process ingested knowledge for /app/data/tataelxsimcvaripplecode5379/718/b3129g6/Thunder-712/Source/plugins/Request.h
2025-10-27 08:55:22,766 - Knowledge - INFO - [FILE_READ] Completed: Request.h, Duration: 8ms, Size: 12224
2025-10-27 08:55:22,974 - Knowledge - INFO - Found code-base-name: https://github.com/kavia-common/Thunder-712.git:kavia-R4_4
2025-10-27 08:55:23,204 - Knowledge - INFO - Found code_base: <app.utils.kg_build.knowledge.KnowledgeCodeBase object at 0x7f99453638d0>
2025-10-27 08:55:23,372 - Knowledge - INFO - process ingested knowledge for /app/data/tataelxsimcvaripplecode5379/718/b3129g6/Thunder-712/Source/WPEFramework/doc/ControllerPlugin.md
2025-10-27 08:55:23,614 - Knowledge - INFO - [FILE_READ] Completed: ControllerPlugin.md, Duration: 6ms, Size: 33337
2025-10-27 08:55:23,835 - Knowledge - INFO - Found code-base-name: https://github.com/kavia-common/Thunder-712.git:kavia-R4_4
2025-10-27 08:55:24,025 - Knowledge - INFO - Found code_base: <app.utils.kg_build.knowledge.KnowledgeCodeBase object at 0x7f99453638d0>
2025-10-27 08:55:24,222 - Knowledge - INFO - process ingested knowledge for /app/data/tataelxsimcvaripplecode5379/718/b3129g6/Thunder-712/cmake/config/function/function_import_table.cmake
2025-10-27 08:55:24,424 - Knowledge - INFO - [FILE_READ] Completed: function_import_table.cmake, Duration: 5ms, Size: 614
2025-10-27 08:55:24,639 - Knowledge - INFO - Found code-base-name: https://github.com/kavia-common/Thunder-712.git:kavia-R4_4
2025-10-27 08:55:24,835 - Knowledge - INFO - Found code_base: <app.utils.kg_build.knowledge.KnowledgeCodeBase object at 0x7f99453638d0>
2025-10-27 08:55:25,029 - Knowledge - INFO - process ingested knowledge for /app/data/tataelxsimcvaripplecode5379/718/b3129g6/Thunder-712/Source/WPEFramework/PluginServer.cpp
2025-10-27 08:55:25,186 - Knowledge - INFO - [FILE_READ] Completed: PluginServer.cpp, Duration: 6ms, Size: 47508
2025-10-27 08:55:25,364 - Knowledge - INFO - Found code-base-name: https://github.com/kavia-common/Thunder-712.git:kavia-R4_4
2025-10-27 08:55:25,531 - Knowledge - INFO - Found code_base: <app.utils.kg_build.knowledge.KnowledgeCodeBase object at 0x7f99453638d0>
2025-10-27 08:55:25,730 - Knowledge - INFO - process ingested knowledge for /app/data/tataelxsimcvaripplecode5379/718/b3129g6/Thunder-712/cmake/config/events/event_addhandler.cmake
2025-10-27 08:55:25,910 - Knowledge - INFO - [FILE_READ] Completed: event_addhandler.cmake, Duration: 6ms, Size: 451
2025-10-27 08:55:26,147 - Knowledge - INFO - Found code-base-name: https://github.com/kavia-common/Thunder-712.git:kavia-R4_4
2025-10-27 08:55:26,340 - Knowledge - INFO - Found code_base: <app.utils.kg_build.knowledge.KnowledgeCodeBase object at 0x7f99453638d0>
2025-10-27 08:55:26,516 - Knowledge - INFO - process ingested knowledge for /app/data/tataelxsimcvaripplecode5379/718/b3129g6/Thunder-712/Source/core/MessageStore.h
2025-10-27 08:55:26,686 - Knowledge - INFO - [FILE_READ] Completed: MessageStore.h, Duration: 6ms, Size: 9783
2025-10-27 08:55:26,881 - Knowledge - INFO - Found code-base-name: https://github.com/kavia-common/Thunder-712.git:kavia-R4_4
2025-10-27 08:55:27,038 - Knowledge - INFO - Found code_base: <app.utils.kg_build.knowledge.KnowledgeCodeBase object at 0x7f99453638d0>
2025-10-27 08:55:27,188 - Knowledge - INFO - process ingested knowledge for /app/data/tataelxsimcvaripplecode5379/718/b3129g6/Thunder-712/Source/messaging/LoggingCategories.h
2025-10-27 08:55:27,410 - Knowledge - INFO - [FILE_READ] Completed: LoggingCategories.h, Duration: 5ms, Size: 1200
2025-10-27 08:55:27,591 - Knowledge - INFO - Found code-base-name: https://github.com/kavia-common/Thunder-712.git:kavia-R4_4
2025-10-27 08:55:27,772 - Knowledge - INFO - Found code_base: <app.utils.kg_build.knowledge.KnowledgeCodeBase object at 0x7f99453638d0>
2025-10-27 08:55:27,934 - Knowledge - INFO - process ingested knowledge for /app/data/tataelxsimcvaripplecode5379/718/b3129g6/Thunder-712/cmake/config/map/core/map_new.cmake
2025-10-27 08:55:28,088 - Knowledge - INFO - [FILE_READ] Completed: map_new.cmake, Duration: 5ms, Size: 183
2025-10-27 08:55:28,263 - Knowledge - INFO - Found code-base-name: https://github.com/kavia-common/Thunder-712.git:kavia-R4_4
2025-10-27 08:55:28,451 - Knowledge - INFO - Found code_base: <app.utils.kg_build.knowledge.KnowledgeCodeBase object at 0x7f99453638d0>
2025-10-27 08:55:28,629 - Knowledge - INFO - process ingested knowledge for /app/data/tataelxsimcvaripplecode5379/718/b3129g6/Thunder-712/cmake/config/map/helpers/map_set_default.cmake
2025-10-27 08:55:28,814 - Knowledge - INFO - [FILE_READ] Completed: map_set_default.cmake, Duration: 5ms, Size: 344
2025-10-27 08:55:29,013 - Knowledge - INFO - Found code-base-name: https://github.com/kavia-common/Thunder-712.git:kavia-R4_4
2025-10-27 08:55:29,203 - Knowledge - INFO - Found code_base: <app.utils.kg_build.knowledge.KnowledgeCodeBase object at 0x7f99453638d0>
2025-10-27 08:55:29,377 - Knowledge - INFO - process ingested knowledge for /app/data/tataelxsimcvaripplecode5379/718/b3129g6/Thunder-712/Source/plugins/Service.h
2025-10-27 08:55:29,570 - Knowledge - INFO - [FILE_READ] Completed: Service.h, Duration: 6ms, Size: 15653
2025-10-27 08:55:29,770 - Knowledge - INFO - Found code-base-name: https://github.com/kavia-common/Thunder-712.git:kavia-R4_4
2025-10-27 08:55:30,000 - Knowledge - INFO - Found code_base: <app.utils.kg_build.knowledge.KnowledgeCodeBase object at 0x7f99453638d0>
2025-10-27 08:55:30,163 - Knowledge - INFO - process ingested knowledge for /app/data/tataelxsimcvaripplecode5379/718/b3129g6/Thunder-712/cmake/config/events/event_emit.cmake
2025-10-27 08:55:30,329 - Knowledge - INFO - [FILE_READ] Completed: event_emit.cmake, Duration: 5ms, Size: 1383
2025-10-27 08:55:30,531 - Knowledge - INFO - Found code-base-name: https://github.com/kavia-common/Thunder-712.git:kavia-R4_4
2025-10-27 08:55:30,747 - Knowledge - INFO - Found code_base: <app.utils.kg_build.knowledge.KnowledgeCodeBase object at 0x7f99453638d0>
2025-10-27 08:55:30,926 - Knowledge - INFO - process ingested knowledge for /app/data/tataelxsimcvaripplecode5379/718/b3129g6/Thunder-712/Source/websocket/WebLink.h
2025-10-27 08:55:31,107 - Knowledge - INFO - [FILE_READ] Completed: WebLink.h, Duration: 5ms, Size: 12215
2025-10-27 08:55:31,352 - Knowledge - INFO - Found code-base-name: https://github.com/kavia-common/Thunder-712.git:kavia-R4_4
2025-10-27 08:55:31,554 - Knowledge - INFO - Found code_base: <app.utils.kg_build.knowledge.KnowledgeCodeBase object at 0x7f99453638d0>
2025-10-27 08:55:31,766 - Knowledge - INFO - process ingested knowledge for /app/data/tataelxsimcvaripplecode5379/718/b3129g6/Thunder-712/cmake/config/map/helpers/map_path_set.cmake
2025-10-27 08:55:31,955 - Knowledge - INFO - [FILE_READ] Completed: map_path_set.cmake, Duration: 5ms, Size: 284
2025-10-27 08:55:32,148 - Knowledge - INFO - Found code-base-name: https://github.com/kavia-common/Thunder-712.git:kavia-R4_4
2025-10-27 08:55:32,322 - Knowledge - INFO - Found code_base: <app.utils.kg_build.knowledge.KnowledgeCodeBase object at 0x7f99453638d0>
2025-10-27 08:55:32,496 - Knowledge - INFO - process ingested knowledge for /app/data/tataelxsimcvaripplecode5379/718/b3129g6/Thunder-712/Source/com/IUnknown.cpp
2025-10-27 08:55:32,686 - Knowledge - INFO - [FILE_READ] Completed: IUnknown.cpp, Duration: 5ms, Size: 4688
2025-10-27 08:55:32,881 - Knowledge - INFO - Found code-base-name: https://github.com/kavia-common/Thunder-712.git:kavia-R4_4
2025-10-27 08:55:33,030 - Knowledge - INFO - Found code_base: <app.utils.kg_build.knowledge.KnowledgeCodeBase object at 0x7f99453638d0>
2025-10-27 08:55:33,210 - Knowledge - INFO - process ingested knowledge for /app/data/tataelxsimcvaripplecode5379/718/b3129g6/Thunder-712/Utils/PluginActivator/README.md
2025-10-27 08:55:33,405 - Knowledge - INFO - [FILE_READ] Completed: README.md, Duration: 6ms, Size: 713
2025-10-27 08:55:33,563 - Knowledge - INFO - Found code-base-name: https://github.com/kavia-common/Thunder-712.git:kavia-R4_4
2025-10-27 08:55:33,787 - Knowledge - INFO - Found code_base: <app.utils.kg_build.knowledge.KnowledgeCodeBase object at 0x7f99453638d0>
2025-10-27 08:55:33,994 - Knowledge - INFO - process ingested knowledge for /app/data/tataelxsimcvaripplecode5379/718/b3129g6/Thunder-712/Source/messaging/MessageUnit.h
2025-10-27 08:55:34,173 - Knowledge - INFO - [FILE_READ] Completed: MessageUnit.h, Duration: 6ms, Size: 35913
2025-10-27 08:55:34,378 - Knowledge - INFO - Found code-base-name: https://github.com/kavia-common/Thunder-712.git:kavia-R4_4
2025-10-27 08:55:34,586 - Knowledge - INFO - Found code_base: <app.utils.kg_build.knowledge.KnowledgeCodeBase object at 0x7f99453638d0>
2025-10-27 08:55:34,765 - Knowledge - INFO - process ingested knowledge for /app/data/tataelxsimcvaripplecode5379/718/b3129g6/Thunder-712/Source/extensions/hibernate/hibernate.h
2025-10-27 08:55:34,938 - Knowledge - INFO - [FILE_READ] Completed: hibernate.h, Duration: 5ms, Size: 1224
2025-10-27 08:55:35,138 - Knowledge - INFO - Found code-base-name: https://github.com/kavia-common/Thunder-712.git:kavia-R4_4
2025-10-27 08:55:35,336 - Knowledge - INFO - Found code_base: <app.utils.kg_build.knowledge.KnowledgeCodeBase object at 0x7f99453638d0>
2025-10-27 08:55:35,507 - Knowledge - INFO - process ingested knowledge for /app/data/tataelxsimcvaripplecode5379/718/b3129g6/Thunder-712/cmake/config/map/operations/map_issubsetof.cmake
2025-10-27 08:55:35,693 - Knowledge - INFO - [FILE_READ] Completed: map_issubsetof.cmake, Duration: 4ms, Size: 829
2025-10-27 08:55:35,887 - Knowledge - INFO - Found code-base-name: https://github.com/kavia-common/Thunder-712.git:kavia-R4_4
2025-10-27 08:55:36,042 - Knowledge - INFO - Found code_base: <app.utils.kg_build.knowledge.KnowledgeCodeBase object at 0x7f99453638d0>
2025-10-27 08:55:36,255 - Knowledge - INFO - process ingested knowledge for /app/data/tataelxsimcvaripplecode5379/718/b3129g6/Thunder-712/Tests/unit/core/test_time.cpp
2025-10-27 08:55:36,416 - Knowledge - INFO - [FILE_READ] Completed: test_time.cpp, Duration: 8ms, Size: 82939
2025-10-27 08:55:36,572 - Knowledge - INFO - Found code-base-name: https://github.com/kavia-common/Thunder-712.git:kavia-R4_4
2025-10-27 08:55:36,769 - Knowledge - INFO - Found code_base: <app.utils.kg_build.knowledge.KnowledgeCodeBase object at 0x7f99453638d0>
2025-10-27 08:55:36,960 - Knowledge - INFO - process ingested knowledge for /app/data/tataelxsimcvaripplecode5379/718/b3129g6/Thunder-712/cmake/config/ref/address_delete.cmake
2025-10-27 08:55:37,151 - Knowledge - INFO - [FILE_READ] Completed: address_delete.cmake, Duration: 6ms, Size: 83
2025-10-27 08:55:37,336 - Knowledge - INFO - Found code-base-name: https://github.com/kavia-common/Thunder-712.git:kavia-R4_4
2025-10-27 08:55:37,539 - Knowledge - INFO - Found code_base: <app.utils.kg_build.knowledge.KnowledgeCodeBase object at 0x7f99453638d0>
2025-10-27 08:55:37,767 - Knowledge - INFO - process ingested knowledge for /app/data/tataelxsimcvaripplecode5379/718/b3129g6/Thunder-712/Source/messaging/TraceCategories.h
2025-10-27 08:55:38,024 - Knowledge - INFO - [FILE_READ] Completed: TraceCategories.h, Duration: 5ms, Size: 5680
2025-10-27 08:55:38,207 - Knowledge - INFO - Found code-base-name: https://github.com/kavia-common/Thunder-712.git:kavia-R4_4
2025-10-27 08:55:38,385 - Knowledge - INFO - Found code_base: <app.utils.kg_build.knowledge.KnowledgeCodeBase object at 0x7f99453638d0>
2025-10-27 08:55:38,598 - Knowledge - INFO - process ingested knowledge for /app/data/tataelxsimcvaripplecode5379/718/b3129g6/Thunder-712/Source/core/JSON.h
2025-10-27 08:55:38,788 - Knowledge - INFO - [FILE_READ] Completed: JSON.h, Duration: 10ms, Size: 183246
2025-10-27 08:55:38,998 - Knowledge - INFO - Found code-base-name: https://github.com/kavia-common/Thunder-712.git:kavia-R4_4
2025-10-27 08:55:39,204 - Knowledge - INFO - Found code_base: <app.utils.kg_build.knowledge.KnowledgeCodeBase object at 0x7f99453638d0>
2025-10-27 08:55:39,369 - Knowledge - INFO - process ingested knowledge for /app/data/tataelxsimcvaripplecode5379/718/b3129g6/Thunder-712/Source/core/JSONRPC.cpp
2025-10-27 08:55:39,557 - Knowledge - INFO - [FILE_READ] Completed: JSONRPC.cpp, Duration: 6ms, Size: 922
2025-10-27 08:55:39,759 - Knowledge - INFO - Found code-base-name: https://github.com/kavia-common/Thunder-712.git:kavia-R4_4
2025-10-27 08:55:39,972 - Knowledge - INFO - Found code_base: <app.utils.kg_build.knowledge.KnowledgeCodeBase object at 0x7f99453638d0>
2025-10-27 08:55:40,168 - Knowledge - INFO - process ingested knowledge for /app/data/tataelxsimcvaripplecode5379/718/b3129g6/Thunder-712/Source/core/Trace.cpp
2025-10-27 08:55:40,342 - Knowledge - INFO - [FILE_READ] Completed: Trace.cpp, Duration: 6ms, Size: 4632
2025-10-27 08:55:40,526 - Knowledge - INFO - Found code-base-name: https://github.com/kavia-common/Thunder-712.git:kavia-R4_4
2025-10-27 08:55:40,742 - Knowledge - INFO - Found code_base: <app.utils.kg_build.knowledge.KnowledgeCodeBase object at 0x7f99453638d0>
2025-10-27 08:55:40,954 - Knowledge - INFO - process ingested knowledge for /app/data/tataelxsimcvaripplecode5379/718/b3129g6/Thunder-712/cmake/config/map/helpers/map_rename.cmake
2025-10-27 08:55:41,143 - Knowledge - INFO - [FILE_READ] Completed: map_rename.cmake, Duration: 6ms, Size: 219
2025-10-27 08:55:41,345 - Knowledge - INFO - Found code-base-name: https://github.com/kavia-common/Thunder-712.git:kavia-R4_4
2025-10-27 08:55:41,505 - Knowledge - INFO - Found code_base: <app.utils.kg_build.knowledge.KnowledgeCodeBase object at 0x7f99453638d0>
2025-10-27 08:55:41,744 - Knowledge - INFO - process ingested knowledge for /app/data/tataelxsimcvaripplecode5379/718/b3129g6/Thunder-712/Tests/unit/core/test_socketstreamjson.cpp
2025-10-27 08:55:41,926 - Knowledge - INFO - [FILE_READ] Completed: test_socketstreamjson.cpp, Duration: 7ms, Size: 8376
2025-10-27 08:55:42,104 - Knowledge - INFO - Found code-base-name: https://github.com/kavia-common/Thunder-712.git:kavia-R4_4
2025-10-27 08:55:42,274 - Knowledge - INFO - Found code_base: <app.utils.kg_build.knowledge.KnowledgeCodeBase object at 0x7f99453638d0>
2025-10-27 08:55:42,468 - Knowledge - INFO - process ingested knowledge for /app/data/tataelxsimcvaripplecode5379/718/b3129g6/Thunder-712/cmake/config/filesystem/file/fwrite.cmake
2025-10-27 08:55:42,671 - Knowledge - INFO - [FILE_READ] Completed: fwrite.cmake, Duration: 5ms, Size: 246
2025-10-27 08:55:42,913 - Knowledge - INFO - Found code-base-name: https://github.com/kavia-common/Thunder-712.git:kavia-R4_4
2025-10-27 08:55:43,072 - Knowledge - INFO - Found code_base: <app.utils.kg_build.knowledge.KnowledgeCodeBase object at 0x7f99453638d0>
2025-10-27 08:55:43,283 - Knowledge - INFO - process ingested knowledge for /app/data/tataelxsimcvaripplecode5379/718/b3129g6/Thunder-712/Source/extensions/localtracer/CMakeLists.txt
2025-10-27 08:55:43,486 - Knowledge - INFO - [FILE_READ] Completed: CMakeLists.txt, Duration: 5ms, Size: 1168
2025-10-27 08:55:43,674 - Knowledge - INFO - Found code-base-name: https://github.com/kavia-common/Thunder-712.git:kavia-R4_4
2025-10-27 08:55:43,880 - Knowledge - INFO - Found code_base: <app.utils.kg_build.knowledge.KnowledgeCodeBase object at 0x7f99453638d0>
2025-10-27 08:55:44,078 - Knowledge - INFO - process ingested knowledge for /app/data/tataelxsimcvaripplecode5379/718/b3129g6/Thunder-712/cmake/common/CompileSettingsDebug.cmake
2025-10-27 08:55:44,285 - Knowledge - INFO - [FILE_READ] Completed: CompileSettingsDebug.cmake, Duration: 5ms, Size: 1722
2025-10-27 08:55:44,519 - Knowledge - INFO - Found code-base-name: https://github.com/kavia-common/Thunder-712.git:kavia-R4_4
2025-10-27 08:55:44,695 - Knowledge - INFO - Found code_base: <app.utils.kg_build.knowledge.KnowledgeCodeBase object at 0x7f99453638d0>
2025-10-27 08:55:44,932 - Knowledge - INFO - process ingested knowledge for /app/data/tataelxsimcvaripplecode5379/718/b3129g6/Thunder-712/cmake/config/map/helpers/map_defaults.cmake
2025-10-27 08:55:45,118 - Knowledge - INFO - [FILE_READ] Completed: map_defaults.cmake, Duration: 5ms, Size: 597
2025-10-27 08:55:45,306 - Knowledge - INFO - Found code-base-name: https://github.com/kavia-common/Thunder-712.git:kavia-R4_4
2025-10-27 08:55:45,514 - Knowledge - INFO - Found code_base: <app.utils.kg_build.knowledge.KnowledgeCodeBase object at 0x7f99453638d0>
2025-10-27 08:55:45,699 - Knowledge - INFO - process ingested knowledge for /app/data/tataelxsimcvaripplecode5379/718/b3129g6/Thunder-712/Tests/unit/core/test_rangetype.cpp
2025-10-27 08:55:45,868 - Knowledge - INFO - [FILE_READ] Completed: test_rangetype.cpp, Duration: 5ms, Size: 2068
2025-10-27 08:55:46,047 - Knowledge - INFO - Found code-base-name: https://github.com/kavia-common/Thunder-712.git:kavia-R4_4
2025-10-27 08:55:46,223 - Knowledge - INFO - Found code_base: <app.utils.kg_build.knowledge.KnowledgeCodeBase object at 0x7f99453638d0>
2025-10-27 08:55:46,380 - Knowledge - INFO - process ingested knowledge for /app/data/tataelxsimcvaripplecode5379/718/b3129g6/Thunder-712/cmake/config/map/helpers/map_push_front.cmake
2025-10-27 08:55:46,600 - Knowledge - INFO - [FILE_READ] Completed: map_push_front.cmake, Duration: 5ms, Size: 190
2025-10-27 08:55:46,798 - Knowledge - INFO - Found code-base-name: https://github.com/kavia-common/Thunder-712.git:kavia-R4_4
2025-10-27 08:55:46,990 - Knowledge - INFO - Found code_base: <app.utils.kg_build.knowledge.KnowledgeCodeBase object at 0x7f99453638d0>
2025-10-27 08:55:47,147 - Knowledge - INFO - process ingested knowledge for /app/data/tataelxsimcvaripplecode5379/718/b3129g6/Thunder-712/Source/plugins/Module.cpp
2025-10-27 08:55:47,363 - Knowledge - INFO - [FILE_READ] Completed: Module.cpp, Duration: 6ms, Size: 803
2025-10-27 08:55:47,613 - Knowledge - INFO - Found code-base-name: https://github.com/kavia-common/Thunder-712.git:kavia-R4_4
2025-10-27 08:55:47,810 - Knowledge - INFO - Found code_base: <app.utils.kg_build.knowledge.KnowledgeCodeBase object at 0x7f99453638d0>
2025-10-27 08:55:47,996 - Knowledge - INFO - process ingested knowledge for /app/data/tataelxsimcvaripplecode5379/718/b3129g6/Thunder-712/cmake/config/core/return/set_ans.cmake
2025-10-27 08:55:48,192 - Knowledge - INFO - [FILE_READ] Completed: set_ans.cmake, Duration: 5ms, Size: 89
2025-10-27 08:55:48,437 - Knowledge - INFO - Found code-base-name: https://github.com/kavia-common/Thunder-712.git:kavia-R4_4
2025-10-27 08:55:48,607 - Knowledge - INFO - Found code_base: <app.utils.kg_build.knowledge.KnowledgeCodeBase object at 0x7f99453638d0>
2025-10-27 08:55:48,797 - Knowledge - INFO - process ingested knowledge for /app/data/tataelxsimcvaripplecode5379/718/b3129g6/Thunder-712/Source/plugins/MetaData.h
2025-10-27 08:55:48,972 - Knowledge - INFO - [FILE_READ] Completed: MetaData.h, Duration: 6ms, Size: 16423
2025-10-27 08:55:49,209 - Knowledge - INFO - Found code-base-name: https://github.com/kavia-common/Thunder-712.git:kavia-R4_4
2025-10-27 08:55:49,431 - Knowledge - INFO - Found code_base: <app.utils.kg_build.knowledge.KnowledgeCodeBase object at 0x7f99453638d0>
2025-10-27 08:55:49,628 - Knowledge - INFO - process ingested knowledge for /app/data/tataelxsimcvaripplecode5379/718/b3129g6/Thunder-712/Source/extensions/processcontainers/implementations/AWCImplementation/dbus/Client.cpp
2025-10-27 08:55:49,809 - Knowledge - INFO - [FILE_READ] Completed: Client.cpp, Duration: 7ms, Size: 12133
2025-10-27 08:55:50,006 - Knowledge - INFO - Found code-base-name: https://github.com/kavia-common/Thunder-712.git:kavia-R4_4
2025-10-27 08:55:50,200 - Knowledge - INFO - Found code_base: <app.utils.kg_build.knowledge.KnowledgeCodeBase object at 0x7f99453638d0>
2025-10-27 08:55:50,355 - Knowledge - INFO - process ingested knowledge for /app/data/tataelxsimcvaripplecode5379/718/b3129g6/Thunder-712/Source/core/Time.cpp
2025-10-27 08:55:50,586 - Knowledge - INFO - [FILE_READ] Completed: Time.cpp, Duration: 6ms, Size: 44317
2025-10-27 08:55:50,774 - Knowledge - INFO - Found code-base-name: https://github.com/kavia-common/Thunder-712.git:kavia-R4_4
2025-10-27 08:55:50,930 - Knowledge - INFO - Found code_base: <app.utils.kg_build.knowledge.KnowledgeCodeBase object at 0x7f99453638d0>
2025-10-27 08:55:51,111 - Knowledge - INFO - process ingested knowledge for /app/data/tataelxsimcvaripplecode5379/718/b3129g6/Thunder-712/Source/plugins/IShell.h
2025-10-27 08:55:51,310 - Knowledge - INFO - [FILE_READ] Completed: IShell.h, Duration: 5ms, Size: 14907
2025-10-27 08:55:51,467 - Knowledge - INFO - Found code-base-name: https://github.com/kavia-common/Thunder-712.git:kavia-R4_4
2025-10-27 08:55:51,660 - Knowledge - INFO - Found code_base: <app.utils.kg_build.knowledge.KnowledgeCodeBase object at 0x7f99453638d0>
2025-10-27 08:55:51,858 - Knowledge - INFO - process ingested knowledge for /app/data/tataelxsimcvaripplecode5379/718/b3129g6/Thunder-712/cmake/config/map/helpers/map_all_paths.cmake
2025-10-27 08:55:52,033 - Knowledge - INFO - [FILE_READ] Completed: map_all_paths.cmake, Duration: 6ms, Size: 565
2025-10-27 08:55:52,252 - Knowledge - INFO - Found code-base-name: https://github.com/kavia-common/Thunder-712.git:kavia-R4_4
2025-10-27 08:55:52,412 - Knowledge - INFO - Found code_base: <app.utils.kg_build.knowledge.KnowledgeCodeBase object at 0x7f99453638d0>
2025-10-27 08:55:52,586 - Knowledge - INFO - process ingested knowledge for /app/data/tataelxsimcvaripplecode5379/718/b3129g6/Thunder-712/Source/WPEProcess/CMakeLists.txt
2025-10-27 08:55:52,781 - Knowledge - INFO - [FILE_READ] Completed: CMakeLists.txt, Duration: 5ms, Size: 2700
2025-10-27 08:55:53,010 - Knowledge - INFO - Found code-base-name: https://github.com/kavia-common/Thunder-712.git:kavia-R4_4
2025-10-27 08:55:53,212 - Knowledge - INFO - Found code_base: <app.utils.kg_build.knowledge.KnowledgeCodeBase object at 0x7f99453638d0>
2025-10-27 08:55:53,413 - Knowledge - INFO - process ingested knowledge for /app/data/tataelxsimcvaripplecode5379/718/b3129g6/Thunder-712/cmake/config/map/iterator/README.md
2025-10-27 08:55:53,628 - Knowledge - INFO - [FILE_READ] Completed: README.md, Duration: 5ms, Size: 1925
2025-10-27 08:55:53,841 - Knowledge - INFO - Found code-base-name: https://github.com/kavia-common/Thunder-712.git:kavia-R4_4
2025-10-27 08:55:54,041 - Knowledge - INFO - Found code_base: <app.utils.kg_build.knowledge.KnowledgeCodeBase object at 0x7f99453638d0>
2025-10-27 08:55:54,249 - Knowledge - INFO - process ingested knowledge for /app/data/tataelxsimcvaripplecode5379/718/b3129g6/Thunder-712/cmake/config/map/helpers/map_invert.cmake
2025-10-27 08:55:54,457 - Knowledge - INFO - [FILE_READ] Completed: map_invert.cmake, Duration: 5ms, Size: 357
2025-10-27 08:55:54,644 - Knowledge - INFO - Found code-base-name: https://github.com/kavia-common/Thunder-712.git:kavia-R4_4
2025-10-27 08:55:54,871 - Knowledge - INFO - Found code_base: <app.utils.kg_build.knowledge.KnowledgeCodeBase object at 0x7f99453638d0>
2025-10-27 08:55:55,070 - Knowledge - INFO - process ingested knowledge for /app/data/tataelxsimcvaripplecode5379/718/b3129g6/Thunder-712/Source/core/IWarningReportingControl.h
2025-10-27 08:55:55,242 - Knowledge - INFO - [FILE_READ] Completed: IWarningReportingControl.h, Duration: 5ms, Size: 2057
2025-10-27 08:55:55,414 - Knowledge - INFO - Found code-base-name: https://github.com/kavia-common/Thunder-712.git:kavia-R4_4
2025-10-27 08:55:55,642 - Knowledge - INFO - Found code_base: <app.utils.kg_build.knowledge.KnowledgeCodeBase object at 0x7f99453638d0>
2025-10-27 08:55:55,805 - Knowledge - INFO - process ingested knowledge for /app/data/tataelxsimcvaripplecode5379/718/b3129g6/Thunder-712/cmake/config/map/core/map_append_unique.cmake
2025-10-27 08:55:55,996 - Knowledge - INFO - [FILE_READ] Completed: map_append_unique.cmake, Duration: 6ms, Size: 306
2025-10-27 08:55:56,228 - Knowledge - INFO - Found code-base-name: https://github.com/kavia-common/Thunder-712.git:kavia-R4_4
2025-10-27 08:55:56,389 - Knowledge - INFO - Found code_base: <app.utils.kg_build.knowledge.KnowledgeCodeBase object at 0x7f99453638d0>
2025-10-27 08:55:56,585 - Knowledge - INFO - process ingested knowledge for /app/data/tataelxsimcvaripplecode5379/718/b3129g6/Thunder-712/Tests/unit/core/test_processinfo.cpp
2025-10-27 08:55:56,788 - Knowledge - INFO - [FILE_READ] Completed: test_processinfo.cpp, Duration: 5ms, Size: 2767
2025-10-27 08:55:56,977 - Knowledge - INFO - Found code-base-name: https://github.com/kavia-common/Thunder-712.git:kavia-R4_4
2025-10-27 08:55:57,154 - Knowledge - INFO - Found code_base: <app.utils.kg_build.knowledge.KnowledgeCodeBase object at 0x7f99453638d0>
2025-10-27 08:55:57,342 - Knowledge - INFO - process ingested knowledge for /app/data/tataelxsimcvaripplecode5379/718/b3129g6/Thunder-712/cmake/config/map/core/map_remove.cmake
2025-10-27 08:55:57,579 - Knowledge - INFO - [FILE_READ] Completed: map_remove.cmake, Duration: 4ms, Size: 441
2025-10-27 08:55:57,760 - Knowledge - INFO - Found code-base-name: https://github.com/kavia-common/Thunder-712.git:kavia-R4_4
2025-10-27 08:55:57,928 - Knowledge - INFO - Found code_base: <app.utils.kg_build.knowledge.KnowledgeCodeBase object at 0x7f99453638d0>
2025-10-27 08:55:58,158 - Knowledge - INFO - process ingested knowledge for /app/data/tataelxsimcvaripplecode5379/718/b3129g6/Thunder-712/Tests/unit/core/test_ipcclient.cpp
2025-10-27 08:55:58,379 - Knowledge - INFO - [FILE_READ] Completed: test_ipcclient.cpp, Duration: 5ms, Size: 2852
2025-10-27 08:55:58,584 - Knowledge - INFO - Found code-base-name: https://github.com/kavia-common/Thunder-712.git:kavia-R4_4
2025-10-27 08:55:58,730 - Knowledge - INFO - Found code_base: <app.utils.kg_build.knowledge.KnowledgeCodeBase object at 0x7f99453638d0>
2025-10-27 08:55:58,947 - Knowledge - INFO - process ingested knowledge for /app/data/tataelxsimcvaripplecode5379/718/b3129g6/Thunder-712/Source/cryptalgo/AESImplementation.cpp
2025-10-27 08:55:59,177 - Knowledge - INFO - [FILE_READ] Completed: AESImplementation.cpp, Duration: 6ms, Size: 49333
2025-10-27 08:55:59,367 - Knowledge - INFO - Found code-base-name: https://github.com/kavia-common/Thunder-712.git:kavia-R4_4
2025-10-27 08:55:59,559 - Knowledge - INFO - Found code_base: <app.utils.kg_build.knowledge.KnowledgeCodeBase object at 0x7f99453638d0>
2025-10-27 08:55:59,736 - Knowledge - INFO - process ingested knowledge for /app/data/tataelxsimcvaripplecode5379/718/b3129g6/Thunder-712/cmake/config/core/return/return_math.cmake
2025-10-27 08:55:59,899 - Knowledge - INFO - [FILE_READ] Completed: return_math.cmake, Duration: 5ms, Size: 116
2025-10-27 08:56:00,129 - Knowledge - INFO - Found code-base-name: https://github.com/kavia-common/Thunder-712.git:kavia-R4_4
2025-10-27 08:56:00,330 - Knowledge - INFO - Found code_base: <app.utils.kg_build.knowledge.KnowledgeCodeBase object at 0x7f99453638d0>
2025-10-27 08:56:00,552 - Knowledge - INFO - process ingested knowledge for /app/data/tataelxsimcvaripplecode5379/718/b3129g6/Thunder-712/Tests/unit/core/test_synchronous.cpp
2025-10-27 08:56:00,776 - Knowledge - INFO - [FILE_READ] Completed: test_synchronous.cpp, Duration: 5ms, Size: 5165
2025-10-27 08:56:00,982 - Knowledge - INFO - Found code-base-name: https://github.com/kavia-common/Thunder-712.git:kavia-R4_4
2025-10-27 08:56:01,182 - Knowledge - INFO - Found code_base: <app.utils.kg_build.knowledge.KnowledgeCodeBase object at 0x7f99453638d0>
2025-10-27 08:56:01,345 - Knowledge - INFO - process ingested knowledge for /app/data/tataelxsimcvaripplecode5379/718/b3129g6/Thunder-712/cmake/config/core/eval.cmake
2025-10-27 08:56:01,519 - Knowledge - INFO - [FILE_READ] Completed: eval.cmake, Duration: 5ms, Size: 865
2025-10-27 08:56:01,736 - Knowledge - INFO - Found code-base-name: https://github.com/kavia-common/Thunder-712.git:kavia-R4_4
2025-10-27 08:56:01,898 - Knowledge - INFO - Found code_base: <app.utils.kg_build.knowledge.KnowledgeCodeBase object at 0x7f99453638d0>
2025-10-27 08:56:02,072 - Knowledge - INFO - process ingested knowledge for /app/data/tataelxsimcvaripplecode5379/718/b3129g6/Thunder-712/Source/plugins/IController.h
2025-10-27 08:56:02,289 - Knowledge - INFO - [FILE_READ] Completed: IController.h, Duration: 7ms, Size: 6412
2025-10-27 08:56:02,486 - Knowledge - INFO - Found code-base-name: https://github.com/kavia-common/Thunder-712.git:kavia-R4_4
2025-10-27 08:56:02,667 - Knowledge - INFO - Found code_base: <app.utils.kg_build.knowledge.KnowledgeCodeBase object at 0x7f99453638d0>
2025-10-27 08:56:02,844 - Knowledge - INFO - process ingested knowledge for /app/data/tataelxsimcvaripplecode5379/718/b3129g6/Thunder-712/cmake/config/map/core/map_append_string.cmake
2025-10-27 08:56:03,014 - Knowledge - INFO - [FILE_READ] Completed: map_append_string.cmake, Duration: 5ms, Size: 608
2025-10-27 08:56:03,221 - Knowledge - INFO - Found code-base-name: https://github.com/kavia-common/Thunder-712.git:kavia-R4_4
2025-10-27 08:56:03,406 - Knowledge - INFO - Found code_base: <app.utils.kg_build.knowledge.KnowledgeCodeBase object at 0x7f99453638d0>
2025-10-27 08:56:03,611 - Knowledge - INFO - process ingested knowledge for /app/data/tataelxsimcvaripplecode5379/718/b3129g6/Thunder-712/Tests/unit/core/test_xgetopt.cpp
2025-10-27 08:56:03,765 - Knowledge - INFO - [FILE_READ] Completed: test_xgetopt.cpp, Duration: 5ms, Size: 1876
2025-10-27 08:56:03,935 - Knowledge - INFO - Found code-base-name: https://github.com/kavia-common/Thunder-712.git:kavia-R4_4
2025-10-27 08:56:04,142 - Knowledge - INFO - Found code_base: <app.utils.kg_build.knowledge.KnowledgeCodeBase object at 0x7f99453638d0>
2025-10-27 08:56:04,349 - Knowledge - INFO - process ingested knowledge for /app/data/tataelxsimcvaripplecode5379/718/b3129g6/Thunder-712/cmake/config/map/helpers/map_to_keyvaluelist.cmake
2025-10-27 08:56:04,576 - Knowledge - INFO - [FILE_READ] Completed: map_to_keyvaluelist.cmake, Duration: 5ms, Size: 266
2025-10-27 08:56:04,776 - Knowledge - INFO - Found code-base-name: https://github.com/kavia-common/Thunder-712.git:kavia-R4_4
2025-10-27 08:56:04,950 - Knowledge - INFO - Found code_base: <app.utils.kg_build.knowledge.KnowledgeCodeBase object at 0x7f99453638d0>
2025-10-27 08:56:05,147 - Knowledge - INFO - process ingested knowledge for /app/data/tataelxsimcvaripplecode5379/718/b3129g6/Thunder-712/Source/WPEFramework/ExampleConfigAll.json
2025-10-27 08:56:05,324 - Knowledge - INFO - [FILE_READ] Completed: ExampleConfigAll.json, Duration: 6ms, Size: 4048
2025-10-27 08:56:05,511 - Knowledge - INFO - Found code-base-name: https://github.com/kavia-common/Thunder-712.git:kavia-R4_4
2025-10-27 08:56:05,704 - Knowledge - INFO - Found code_base: <app.utils.kg_build.knowledge.KnowledgeCodeBase object at 0x7f99453638d0>
2025-10-27 08:56:05,874 - Knowledge - INFO - process ingested knowledge for /app/data/tataelxsimcvaripplecode5379/718/b3129g6/Thunder-712/Source/core/KeyValue.h
2025-10-27 08:56:06,087 - Knowledge - INFO - [FILE_READ] Completed: KeyValue.h, Duration: 4ms, Size: 4059
2025-10-27 08:56:06,283 - Knowledge - INFO - Found code-base-name: https://github.com/kavia-common/Thunder-712.git:kavia-R4_4
2025-10-27 08:56:06,464 - Knowledge - INFO - Found code_base: <app.utils.kg_build.knowledge.KnowledgeCodeBase object at 0x7f99453638d0>
2025-10-27 08:56:06,713 - Knowledge - INFO - process ingested knowledge for /app/data/tataelxsimcvaripplecode5379/718/b3129g6/Thunder-712/cmake/config/map/helpers/map_capture.cmake
2025-10-27 08:56:06,866 - Knowledge - INFO - [FILE_READ] Completed: map_capture.cmake, Duration: 5ms, Size: 786
2025-10-27 08:56:07,109 - Knowledge - INFO - Found code-base-name: https://github.com/kavia-common/Thunder-712.git:kavia-R4_4
2025-10-27 08:56:07,328 - Knowledge - INFO - Found code_base: <app.utils.kg_build.knowledge.KnowledgeCodeBase object at 0x7f99453638d0>
2025-10-27 08:56:07,523 - Knowledge - INFO - process ingested knowledge for /app/data/tataelxsimcvaripplecode5379/718/b3129g6/Thunder-712/Source/websocket/JSONRPCLink.cpp
2025-10-27 08:56:07,783 - Knowledge - INFO - [FILE_READ] Completed: JSONRPCLink.cpp, Duration: 5ms, Size: 1022
2025-10-27 08:56:07,941 - Knowledge - INFO - Found code-base-name: https://github.com/kavia-common/Thunder-712.git:kavia-R4_4
2025-10-27 08:56:08,165 - Knowledge - INFO - Found code_base: <app.utils.kg_build.knowledge.KnowledgeCodeBase object at 0x7f99453638d0>
2025-10-27 08:56:08,343 - Knowledge - INFO - process ingested knowledge for /app/data/tataelxsimcvaripplecode5379/718/b3129g6/Thunder-712/cmake/config/ref/address_pop_back.cmake
2025-10-27 08:56:08,537 - Knowledge - INFO - [FILE_READ] Completed: address_pop_back.cmake, Duration: 5ms, Size: 163
2025-10-27 08:56:08,749 - Knowledge - INFO - Found code-base-name: https://github.com/kavia-common/Thunder-712.git:kavia-R4_4
2025-10-27 08:56:08,893 - Knowledge - INFO - Found code_base: <app.utils.kg_build.knowledge.KnowledgeCodeBase object at 0x7f99453638d0>
2025-10-27 08:56:09,090 - Knowledge - INFO - process ingested knowledge for /app/data/tataelxsimcvaripplecode5379/718/b3129g6/Thunder-712/cmake/platform.cmake
2025-10-27 08:56:09,343 - Knowledge - INFO - [FILE_READ] Completed: platform.cmake, Duration: 5ms, Size: 1096
2025-10-27 08:56:09,564 - Knowledge - INFO - Found code-base-name: https://github.com/kavia-common/Thunder-712.git:kavia-R4_4
2025-10-27 08:56:09,776 - Knowledge - INFO - Found code_base: <app.utils.kg_build.knowledge.KnowledgeCodeBase object at 0x7f99453638d0>
2025-10-27 08:56:09,977 - Knowledge - INFO - process ingested knowledge for /app/data/tataelxsimcvaripplecode5379/718/b3129g6/Thunder-712/cmake/config/map/helpers/map_get_default.cmake
2025-10-27 08:56:10,137 - Knowledge - INFO - [FILE_READ] Completed: map_get_default.cmake, Duration: 5ms, Size: 354
2025-10-27 08:56:10,322 - Knowledge - INFO - Found code-base-name: https://github.com/kavia-common/Thunder-712.git:kavia-R4_4
2025-10-27 08:56:10,522 - Knowledge - INFO - Found code_base: <app.utils.kg_build.knowledge.KnowledgeCodeBase object at 0x7f99453638d0>
2025-10-27 08:56:10,727 - Knowledge - INFO - process ingested knowledge for /app/data/tataelxsimcvaripplecode5379/718/b3129g6/Thunder-712/Source/core/NetworkInfo.h
2025-10-27 08:56:10,888 - Knowledge - INFO - [FILE_READ] Completed: NetworkInfo.h, Duration: 6ms, Size: 20778
2025-10-27 08:56:11,090 - Knowledge - INFO - Found code-base-name: https://github.com/kavia-common/Thunder-712.git:kavia-R4_4
2025-10-27 08:56:11,274 - Knowledge - INFO - Found code_base: <app.utils.kg_build.knowledge.KnowledgeCodeBase object at 0x7f99453638d0>
2025-10-27 08:56:11,476 - Knowledge - INFO - process ingested knowledge for /app/data/tataelxsimcvaripplecode5379/718/b3129g6/Thunder-712/Source/extensions/warningreporting/warningreporting.h
2025-10-27 08:56:11,651 - Knowledge - INFO - [FILE_READ] Completed: warningreporting.h, Duration: 5ms, Size: 989
2025-10-27 08:56:11,860 - Knowledge - INFO - Found code-base-name: https://github.com/kavia-common/Thunder-712.git:kavia-R4_4
2025-10-27 08:56:12,008 - Knowledge - INFO - Found code_base: <app.utils.kg_build.knowledge.KnowledgeCodeBase object at 0x7f99453638d0>
2025-10-27 08:56:12,176 - Knowledge - INFO - process ingested knowledge for /app/data/tataelxsimcvaripplecode5379/718/b3129g6/Thunder-712/docs/introduction/intro.md
2025-10-27 08:56:12,382 - Knowledge - INFO - [FILE_READ] Completed: intro.md, Duration: 5ms, Size: 3609
2025-10-27 08:56:12,591 - Knowledge - INFO - Found code-base-name: https://github.com/kavia-common/Thunder-712.git:kavia-R4_4
2025-10-27 08:56:12,787 - Knowledge - INFO - Found code_base: <app.utils.kg_build.knowledge.KnowledgeCodeBase object at 0x7f99453638d0>
2025-10-27 08:56:12,997 - Knowledge - INFO - process ingested knowledge for /app/data/tataelxsimcvaripplecode5379/718/b3129g6/Thunder-712/Tests/unit/core/test_numbertype.cpp
2025-10-27 08:56:13,172 - Knowledge - INFO - [FILE_READ] Completed: test_numbertype.cpp, Duration: 6ms, Size: 10434
2025-10-27 08:56:13,381 - Knowledge - INFO - Found code-base-name: https://github.com/kavia-common/Thunder-712.git:kavia-R4_4
2025-10-27 08:56:13,607 - Knowledge - INFO - Found code_base: <app.utils.kg_build.knowledge.KnowledgeCodeBase object at 0x7f99453638d0>
2025-10-27 08:56:13,769 - Knowledge - INFO - process ingested knowledge for /app/data/tataelxsimcvaripplecode5379/718/b3129g6/Thunder-712/cmake/config/core/return/ans_append.cmake
2025-10-27 08:56:13,924 - Knowledge - INFO - [FILE_READ] Completed: ans_append.cmake, Duration: 5ms, Size: 124
2025-10-27 08:56:14,154 - Knowledge - INFO - Found code-base-name: https://github.com/kavia-common/Thunder-712.git:kavia-R4_4
2025-10-27 08:56:14,354 - Knowledge - INFO - Found code_base: <app.utils.kg_build.knowledge.KnowledgeCodeBase object at 0x7f99453638d0>
2025-10-27 08:56:14,504 - Knowledge - INFO - process ingested knowledge for /app/data/tataelxsimcvaripplecode5379/718/b3129g6/Thunder-712/cmake/config/core/return/set_ans_ref.cmake
2025-10-27 08:56:14,723 - Knowledge - INFO - [FILE_READ] Completed: set_ans_ref.cmake, Duration: 5ms, Size: 91
2025-10-27 08:56:14,927 - Knowledge - INFO - Found code-base-name: https://github.com/kavia-common/Thunder-712.git:kavia-R4_4
2025-10-27 08:56:15,112 - Knowledge - INFO - Found code_base: <app.utils.kg_build.knowledge.KnowledgeCodeBase object at 0x7f99453638d0>
2025-10-27 08:56:15,319 - Knowledge - INFO - process ingested knowledge for /app/data/tataelxsimcvaripplecode5379/718/b3129g6/Thunder-712/Source/core/StreamJSON.h
2025-10-27 08:56:15,514 - Knowledge - INFO - [FILE_READ] Completed: StreamJSON.h, Duration: 6ms, Size: 9953
2025-10-27 08:56:15,720 - Knowledge - INFO - Found code-base-name: https://github.com/kavia-common/Thunder-712.git:kavia-R4_4
2025-10-27 08:56:15,902 - Knowledge - INFO - Found code_base: <app.utils.kg_build.knowledge.KnowledgeCodeBase object at 0x7f99453638d0>
2025-10-27 08:56:16,102 - Knowledge - INFO - process ingested knowledge for /app/data/tataelxsimcvaripplecode5379/718/b3129g6/Thunder-712/cmake/config/collections/list_pop_front.cmake
2025-10-27 08:56:16,332 - Knowledge - INFO - [FILE_READ] Completed: list_pop_front.cmake, Duration: 6ms, Size: 1052
2025-10-27 08:56:16,495 - Knowledge - INFO - Found code-base-name: https://github.com/kavia-common/Thunder-712.git:kavia-R4_4
2025-10-27 08:56:16,668 - Knowledge - INFO - Found code_base: <app.utils.kg_build.knowledge.KnowledgeCodeBase object at 0x7f99453638d0>
2025-10-27 08:56:16,829 - Knowledge - INFO - process ingested knowledge for /app/data/tataelxsimcvaripplecode5379/718/b3129g6/Thunder-712/Source/websocket/WebSerializer.h
2025-10-27 08:56:17,007 - Knowledge - INFO - [FILE_READ] Completed: WebSerializer.h, Duration: 6ms, Size: 12297
2025-10-27 08:56:17,241 - Knowledge - INFO - Found code-base-name: https://github.com/kavia-common/Thunder-712.git:kavia-R4_4
2025-10-27 08:56:17,423 - Knowledge - INFO - Found code_base: <app.utils.kg_build.knowledge.KnowledgeCodeBase object at 0x7f99453638d0>
2025-10-27 08:56:17,629 - Knowledge - INFO - process ingested knowledge for /app/data/tataelxsimcvaripplecode5379/718/b3129g6/Thunder-712/Source/plugins/StateControl.cpp
2025-10-27 08:56:17,836 - Knowledge - INFO - [FILE_READ] Completed: StateControl.cpp, Duration: 5ms, Size: 1727
2025-10-27 08:56:18,070 - Knowledge - INFO - Found code-base-name: https://github.com/kavia-common/Thunder-712.git:kavia-R4_4
2025-10-27 08:56:18,230 - Knowledge - INFO - Found code_base: <app.utils.kg_build.knowledge.KnowledgeCodeBase object at 0x7f99453638d0>
2025-10-27 08:56:18,415 - Knowledge - INFO - process ingested knowledge for /app/data/tataelxsimcvaripplecode5379/718/b3129g6/Thunder-712/cmake/config/map/helpers/map_has_all.cmake
2025-10-27 08:56:18,618 - Knowledge - INFO - [FILE_READ] Completed: map_has_all.cmake, Duration: 5ms, Size: 253
2025-10-27 08:56:18,811 - Knowledge - INFO - Found code-base-name: https://github.com/kavia-common/Thunder-712.git:kavia-R4_4
2025-10-27 08:56:18,991 - Knowledge - INFO - Found code_base: <app.utils.kg_build.knowledge.KnowledgeCodeBase object at 0x7f99453638d0>
2025-10-27 08:56:19,152 - Knowledge - INFO - process ingested knowledge for /app/data/tataelxsimcvaripplecode5379/718/b3129g6/Thunder-712/Tests/unit/core/test_message_dispatcher.cpp
2025-10-27 08:56:19,331 - Knowledge - INFO - [FILE_READ] Completed: test_message_dispatcher.cpp, Duration: 6ms, Size: 14454
2025-10-27 08:56:19,519 - Knowledge - INFO - Found code-base-name: https://github.com/kavia-common/Thunder-712.git:kavia-R4_4
2025-10-27 08:56:19,719 - Knowledge - INFO - Found code_base: <app.utils.kg_build.knowledge.KnowledgeCodeBase object at 0x7f99453638d0>
2025-10-27 08:56:19,912 - Knowledge - INFO - process ingested knowledge for /app/data/tataelxsimcvaripplecode5379/718/b3129g6/Thunder-712/Source/com/Ids.h
2025-10-27 08:56:20,115 - Knowledge - INFO - [FILE_READ] Completed: Ids.h, Duration: 5ms, Size: 4264
2025-10-27 08:56:20,288 - Knowledge - INFO - Found code-base-name: https://github.com/kavia-common/Thunder-712.git:kavia-R4_4
2025-10-27 08:56:20,516 - Knowledge - INFO - Found code_base: <app.utils.kg_build.knowledge.KnowledgeCodeBase object at 0x7f99453638d0>
2025-10-27 08:56:20,715 - Knowledge - INFO - process ingested knowledge for /app/data/tataelxsimcvaripplecode5379/718/b3129g6/Thunder-712/Source/core/Module.h
2025-10-27 08:56:20,895 - Knowledge - INFO - [FILE_READ] Completed: Module.h, Duration: 5ms, Size: 919
2025-10-27 08:56:21,096 - Knowledge - INFO - Found code-base-name: https://github.com/kavia-common/Thunder-712.git:kavia-R4_4
2025-10-27 08:56:21,300 - Knowledge - INFO - Found code_base: <app.utils.kg_build.knowledge.KnowledgeCodeBase object at 0x7f99453638d0>
2025-10-27 08:56:21,536 - Knowledge - INFO - process ingested knowledge for /app/data/tataelxsimcvaripplecode5379/718/b3129g6/Thunder-712/Source/core/XGetopt.cpp
2025-10-27 08:56:21,711 - Knowledge - INFO - [FILE_READ] Completed: XGetopt.cpp, Duration: 5ms, Size: 7390
2025-10-27 08:56:21,911 - Knowledge - INFO - Found code-base-name: https://github.com/kavia-common/Thunder-712.git:kavia-R4_4
2025-10-27 08:56:22,114 - Knowledge - INFO - Found code_base: <app.utils.kg_build.knowledge.KnowledgeCodeBase object at 0x7f99453638d0>
2025-10-27 08:56:22,281 - Knowledge - INFO - process ingested knowledge for /app/data/tataelxsimcvaripplecode5379/718/b3129g6/Thunder-712/Source/messaging/Module.cpp
2025-10-27 08:56:22,491 - Knowledge - INFO - [FILE_READ] Completed: Module.cpp, Duration: 6ms, Size: 779
2025-10-27 08:56:22,672 - Knowledge - INFO - Found code-base-name: https://github.com/kavia-common/Thunder-712.git:kavia-R4_4
2025-10-27 08:56:22,879 - Knowledge - INFO - Found code_base: <app.utils.kg_build.knowledge.KnowledgeCodeBase object at 0x7f99453638d0>
2025-10-27 08:56:23,080 - Knowledge - INFO - process ingested knowledge for /app/data/tataelxsimcvaripplecode5379/718/b3129g6/Thunder-712/cmake/config/map/helpers/map_copy_shallow.cmake
2025-10-27 08:56:23,279 - Knowledge - INFO - [FILE_READ] Completed: map_copy_shallow.cmake, Duration: 6ms, Size: 324
2025-10-27 08:56:23,435 - Knowledge - INFO - Found code-base-name: https://github.com/kavia-common/Thunder-712.git:kavia-R4_4
2025-10-27 08:56:23,630 - Knowledge - INFO - Found code_base: <app.utils.kg_build.knowledge.KnowledgeCodeBase object at 0x7f99453638d0>
2025-10-27 08:56:23,815 - Knowledge - INFO - process ingested knowledge for /app/data/tataelxsimcvaripplecode5379/718/b3129g6/Thunder-712/Source/core/Enumerate.h
2025-10-27 08:56:24,001 - Knowledge - INFO - [FILE_READ] Completed: Enumerate.h, Duration: 6ms, Size: 9611
2025-10-27 08:56:24,242 - Knowledge - INFO - Found code-base-name: https://github.com/kavia-common/Thunder-712.git:kavia-R4_4
2025-10-27 08:56:24,428 - Knowledge - INFO - Found code_base: <app.utils.kg_build.knowledge.KnowledgeCodeBase object at 0x7f99453638d0>
2025-10-27 08:56:24,606 - Knowledge - INFO - process ingested knowledge for /app/data/tataelxsimcvaripplecode5379/718/b3129g6/Thunder-712/cmake/config/formats/json/json2.cmake
2025-10-27 08:56:24,800 - Knowledge - INFO - [FILE_READ] Completed: json2.cmake, Duration: 7ms, Size: 652
2025-10-27 08:56:24,963 - Knowledge - INFO - Found code-base-name: https://github.com/kavia-common/Thunder-712.git:kavia-R4_4
2025-10-27 08:56:25,152 - Knowledge - INFO - Found code_base: <app.utils.kg_build.knowledge.KnowledgeCodeBase object at 0x7f99453638d0>
2025-10-27 08:56:25,363 - Knowledge - INFO - process ingested knowledge for /app/data/tataelxsimcvaripplecode5379/718/b3129g6/Thunder-712/Source/extensions/warningreporting/WarningReportingUnit.h
2025-10-27 08:56:25,573 - Knowledge - INFO - [FILE_READ] Completed: WarningReportingUnit.h, Duration: 6ms, Size: 6854
2025-10-27 08:56:25,789 - Knowledge - INFO - Found code-base-name: https://github.com/kavia-common/Thunder-712.git:kavia-R4_4
2025-10-27 08:56:25,959 - Knowledge - INFO - Found code_base: <app.utils.kg_build.knowledge.KnowledgeCodeBase object at 0x7f99453638d0>
2025-10-27 08:56:26,162 - Knowledge - INFO - process ingested knowledge for /app/data/tataelxsimcvaripplecode5379/718/b3129g6/Thunder-712/Source/core/WarningReportingCategories.h
2025-10-27 08:56:26,347 - Knowledge - INFO - [FILE_READ] Completed: WarningReportingCategories.h, Duration: 5ms, Size: 8894
2025-10-27 08:56:26,551 - Knowledge - INFO - Found code-base-name: https://github.com/kavia-common/Thunder-712.git:kavia-R4_4
2025-10-27 08:56:26,725 - Knowledge - INFO - Found code_base: <app.utils.kg_build.knowledge.KnowledgeCodeBase object at 0x7f99453638d0>
2025-10-27 08:56:26,946 - Knowledge - INFO - process ingested knowledge for /app/data/tataelxsimcvaripplecode5379/718/b3129g6/Thunder-712/Source/core/ProcessInfo.cpp
2025-10-27 08:56:27,127 - Knowledge - INFO - [FILE_READ] Completed: ProcessInfo.cpp, Duration: 6ms, Size: 22050
2025-10-27 08:56:27,327 - Knowledge - INFO - Found code-base-name: https://github.com/kavia-common/Thunder-712.git:kavia-R4_4
2025-10-27 08:56:27,476 - Knowledge - INFO - Found code_base: <app.utils.kg_build.knowledge.KnowledgeCodeBase object at 0x7f99453638d0>
2025-10-27 08:56:27,698 - Knowledge - INFO - process ingested knowledge for /app/data/tataelxsimcvaripplecode5379/718/b3129g6/Thunder-712/Source/core/Config.h
2025-10-27 08:56:27,911 - Knowledge - INFO - [FILE_READ] Completed: Config.h, Duration: 8ms, Size: 1359
2025-10-27 08:56:28,111 - Knowledge - INFO - Found code-base-name: https://github.com/kavia-common/Thunder-712.git:kavia-R4_4
2025-10-27 08:56:28,306 - Knowledge - INFO - Found code_base: <app.utils.kg_build.knowledge.KnowledgeCodeBase object at 0x7f99453638d0>
2025-10-27 08:56:28,507 - Knowledge - INFO - process ingested knowledge for /app/data/tataelxsimcvaripplecode5379/718/b3129g6/Thunder-712/Source/messaging/Control.h
2025-10-27 08:56:28,708 - Knowledge - INFO - [FILE_READ] Completed: Control.h, Duration: 5ms, Size: 3595
2025-10-27 08:56:28,909 - Knowledge - INFO - Found code-base-name: https://github.com/kavia-common/Thunder-712.git:kavia-R4_4
2025-10-27 08:56:29,089 - Knowledge - INFO - Found code_base: <app.utils.kg_build.knowledge.KnowledgeCodeBase object at 0x7f99453638d0>
2025-10-27 08:56:29,241 - Knowledge - INFO - process ingested knowledge for /app/data/tataelxsimcvaripplecode5379/718/b3129g6/Thunder-712/Source/WPEFramework/PostMortem.cpp
2025-10-27 08:56:29,467 - Knowledge - INFO - [FILE_READ] Completed: PostMortem.cpp, Duration: 5ms, Size: 1795
2025-10-27 08:56:29,660 - Knowledge - INFO - Found code-base-name: https://github.com/kavia-common/Thunder-712.git:kavia-R4_4
2025-10-27 08:56:29,881 - Knowledge - INFO - Found code_base: <app.utils.kg_build.knowledge.KnowledgeCodeBase object at 0x7f99453638d0>
2025-10-27 08:56:30,055 - Knowledge - INFO - process ingested knowledge for /app/data/tataelxsimcvaripplecode5379/718/b3129g6/Thunder-712/Source/com/IValueIterator.h
2025-10-27 08:56:30,244 - Knowledge - INFO - [FILE_READ] Completed: IValueIterator.h, Duration: 5ms, Size: 961
2025-10-27 08:56:30,421 - Knowledge - INFO - Found code-base-name: https://github.com/kavia-common/Thunder-712.git:kavia-R4_4
2025-10-27 08:56:30,615 - Knowledge - INFO - Found code_base: <app.utils.kg_build.knowledge.KnowledgeCodeBase object at 0x7f99453638d0>
2025-10-27 08:56:30,794 - Knowledge - INFO - process ingested knowledge for /app/data/tataelxsimcvaripplecode5379/718/b3129g6/Thunder-712/Source/core/Optional.h
2025-10-27 08:56:30,992 - Knowledge - INFO - [FILE_READ] Completed: Optional.h, Duration: 5ms, Size: 2817
2025-10-27 08:56:31,220 - Knowledge - INFO - Found code-base-name: https://github.com/kavia-common/Thunder-712.git:kavia-R4_4
2025-10-27 08:56:31,418 - Knowledge - INFO - Found code_base: <app.utils.kg_build.knowledge.KnowledgeCodeBase object at 0x7f99453638d0>
2025-10-27 08:56:31,572 - Knowledge - INFO - process ingested knowledge for /app/data/tataelxsimcvaripplecode5379/718/b3129g6/Thunder-712/Source/websocket/CMakeLists.txt
2025-10-27 08:56:31,787 - Knowledge - INFO - [FILE_READ] Completed: CMakeLists.txt, Duration: 5ms, Size: 3120
2025-10-27 08:56:31,956 - Knowledge - INFO - Found code-base-name: https://github.com/kavia-common/Thunder-712.git:kavia-R4_4
2025-10-27 08:56:32,137 - Knowledge - INFO - Found code_base: <app.utils.kg_build.knowledge.KnowledgeCodeBase object at 0x7f99453638d0>
2025-10-27 08:56:32,343 - Knowledge - INFO - process ingested knowledge for /app/data/tataelxsimcvaripplecode5379/718/b3129g6/Thunder-712/Source/core/Measurement.h
2025-10-27 08:56:32,545 - Knowledge - INFO - [FILE_READ] Completed: Measurement.h, Duration: 5ms, Size: 3023
2025-10-27 08:56:32,740 - Knowledge - INFO - Found code-base-name: https://github.com/kavia-common/Thunder-712.git:kavia-R4_4
2025-10-27 08:56:32,956 - Knowledge - INFO - Found code_base: <app.utils.kg_build.knowledge.KnowledgeCodeBase object at 0x7f99453638d0>
2025-10-27 08:56:33,172 - Knowledge - INFO - process ingested knowledge for /app/data/tataelxsimcvaripplecode5379/718/b3129g6/Thunder-712/cmake/config/collections/list_pop_back.cmake
2025-10-27 08:56:33,374 - Knowledge - INFO - [FILE_READ] Completed: list_pop_back.cmake, Duration: 5ms, Size: 934
2025-10-27 08:56:33,603 - Knowledge - INFO - Found code-base-name: https://github.com/kavia-common/Thunder-712.git:kavia-R4_4
2025-10-27 08:56:33,802 - Knowledge - INFO - Found code_base: <app.utils.kg_build.knowledge.KnowledgeCodeBase object at 0x7f99453638d0>
2025-10-27 08:56:33,991 - Knowledge - INFO - process ingested knowledge for /app/data/tataelxsimcvaripplecode5379/718/b3129g6/Thunder-712/Tests/unit/core/test_nodeid.cpp
2025-10-27 08:56:34,175 - Knowledge - INFO - [FILE_READ] Completed: test_nodeid.cpp, Duration: 9ms, Size: 1772
2025-10-27 08:56:34,388 - Knowledge - INFO - Found code-base-name: https://github.com/kavia-common/Thunder-712.git:kavia-R4_4
2025-10-27 08:56:34,630 - Knowledge - INFO - Found code_base: <app.utils.kg_build.knowledge.KnowledgeCodeBase object at 0x7f99453638d0>
2025-10-27 08:56:34,831 - Knowledge - INFO - process ingested knowledge for /app/data/tataelxsimcvaripplecode5379/718/b3129g6/Thunder-712/Source/com/Messages.h
2025-10-27 08:56:35,008 - Knowledge - INFO - [FILE_READ] Completed: Messages.h, Duration: 7ms, Size: 16888
2025-10-27 08:56:35,245 - Knowledge - INFO - Found code-base-name: https://github.com/kavia-common/Thunder-712.git:kavia-R4_4
2025-10-27 08:56:35,476 - Knowledge - INFO - Found code_base: <app.utils.kg_build.knowledge.KnowledgeCodeBase object at 0x7f99453638d0>
2025-10-27 08:56:35,632 - Knowledge - INFO - process ingested knowledge for /app/data/tataelxsimcvaripplecode5379/718/b3129g6/Thunder-712/Source/plugins/Types.h
2025-10-27 08:56:35,813 - Knowledge - INFO - [FILE_READ] Completed: Types.h, Duration: 5ms, Size: 20213
2025-10-27 08:56:36,012 - Knowledge - INFO - Found code-base-name: https://github.com/kavia-common/Thunder-712.git:kavia-R4_4
2025-10-27 08:56:36,177 - Knowledge - INFO - Found code_base: <app.utils.kg_build.knowledge.KnowledgeCodeBase object at 0x7f99453638d0>
2025-10-27 08:56:36,342 - Knowledge - INFO - process ingested knowledge for /app/data/tataelxsimcvaripplecode5379/718/b3129g6/Thunder-712/Source/core/Link.h
2025-10-27 08:56:36,555 - Knowledge - INFO - [FILE_READ] Completed: Link.h, Duration: 6ms, Size: 9120
2025-10-27 08:56:36,760 - Knowledge - INFO - Found code-base-name: https://github.com/kavia-common/Thunder-712.git:kavia-R4_4
2025-10-27 08:56:36,958 - Knowledge - INFO - Found code_base: <app.utils.kg_build.knowledge.KnowledgeCodeBase object at 0x7f99453638d0>
2025-10-27 08:56:37,144 - Knowledge - INFO - process ingested knowledge for /app/data/tataelxsimcvaripplecode5379/718/b3129g6/Thunder-712/cmake/config/core/return/clr.cmake
2025-10-27 08:56:37,317 - Knowledge - INFO - [FILE_READ] Completed: clr.cmake, Duration: 5ms, Size: 172
2025-10-27 08:56:37,500 - Knowledge - INFO - Found code-base-name: https://github.com/kavia-common/Thunder-712.git:kavia-R4_4
2025-10-27 08:56:37,686 - Knowledge - INFO - Found code_base: <app.utils.kg_build.knowledge.KnowledgeCodeBase object at 0x7f99453638d0>
2025-10-27 08:56:37,862 - Knowledge - INFO - process ingested knowledge for /app/data/tataelxsimcvaripplecode5379/718/b3129g6/Thunder-712/Source/messaging/BaseCategory.h
2025-10-27 08:56:38,085 - Knowledge - INFO - [FILE_READ] Completed: BaseCategory.h, Duration: 5ms, Size: 2488
2025-10-27 08:56:38,276 - Knowledge - INFO - Found code-base-name: https://github.com/kavia-common/Thunder-712.git:kavia-R4_4
2025-10-27 08:56:38,465 - Knowledge - INFO - Found code_base: <app.utils.kg_build.knowledge.KnowledgeCodeBase object at 0x7f99453638d0>
2025-10-27 08:56:38,632 - Knowledge - INFO - process ingested knowledge for /app/data/tataelxsimcvaripplecode5379/718/b3129g6/Thunder-712/cmake/config/formats/json/json_indented.cmake
2025-10-27 08:56:38,856 - Knowledge - INFO - [FILE_READ] Completed: json_indented.cmake, Duration: 5ms, Size: 3952
2025-10-27 08:56:39,076 - Knowledge - INFO - Found code-base-name: https://github.com/kavia-common/Thunder-712.git:kavia-R4_4
2025-10-27 08:56:39,245 - Knowledge - INFO - Found code_base: <app.utils.kg_build.knowledge.KnowledgeCodeBase object at 0x7f99453638d0>
2025-10-27 08:56:39,452 - Knowledge - INFO - process ingested knowledge for /app/data/tataelxsimcvaripplecode5379/718/b3129g6/Thunder-712/Tests/unit/core/test_portability.cpp
2025-10-27 08:56:39,628 - Knowledge - INFO - [FILE_READ] Completed: test_portability.cpp, Duration: 5ms, Size: 2784
2025-10-27 08:56:39,830 - Knowledge - INFO - Found code-base-name: https://github.com/kavia-common/Thunder-712.git:kavia-R4_4
2025-10-27 08:56:39,976 - Knowledge - INFO - Found code_base: <app.utils.kg_build.knowledge.KnowledgeCodeBase object at 0x7f99453638d0>
2025-10-27 08:56:40,131 - Knowledge - INFO - process ingested knowledge for /app/data/tataelxsimcvaripplecode5379/718/b3129g6/Thunder-712/Tests/unit/IPTestAdministrator.cpp
2025-10-27 08:56:40,305 - Knowledge - INFO - [FILE_READ] Completed: IPTestAdministrator.cpp, Duration: 5ms, Size: 7473
2025-10-27 08:56:40,535 - Knowledge - INFO - Found code-base-name: https://github.com/kavia-common/Thunder-712.git:kavia-R4_4
2025-10-27 08:56:40,731 - Knowledge - INFO - Found code_base: <app.utils.kg_build.knowledge.KnowledgeCodeBase object at 0x7f99453638d0>
2025-10-27 08:56:40,941 - Knowledge - INFO - process ingested knowledge for /app/data/tataelxsimcvaripplecode5379/718/b3129g6/Thunder-712/cmake/config/ref/address_pop_front.cmake
2025-10-27 08:56:41,153 - Knowledge - INFO - [FILE_READ] Completed: address_pop_front.cmake, Duration: 5ms, Size: 165
2025-10-27 08:56:41,336 - Knowledge - INFO - Found code-base-name: https://github.com/kavia-common/Thunder-712.git:kavia-R4_4
2025-10-27 08:56:41,564 - Knowledge - INFO - Found code_base: <app.utils.kg_build.knowledge.KnowledgeCodeBase object at 0x7f99453638d0>
2025-10-27 08:56:41,788 - Knowledge - INFO - process ingested knowledge for /app/data/tataelxsimcvaripplecode5379/718/b3129g6/Thunder-712/Tests/unit/core/test_doorbell.cpp
2025-10-27 08:56:41,953 - Knowledge - INFO - [FILE_READ] Completed: test_doorbell.cpp, Duration: 5ms, Size: 3466
2025-10-27 08:56:42,115 - Knowledge - INFO - Found code-base-name: https://github.com/kavia-common/Thunder-712.git:kavia-R4_4
2025-10-27 08:56:42,299 - Knowledge - INFO - Found code_base: <app.utils.kg_build.knowledge.KnowledgeCodeBase object at 0x7f99453638d0>
2025-10-27 08:56:42,477 - Knowledge - INFO - process ingested knowledge for /app/data/tataelxsimcvaripplecode5379/718/b3129g6/Thunder-712/Source/extensions/processcontainers/implementations/AWCImplementation/AWC.h
2025-10-27 08:56:42,678 - Knowledge - INFO - [FILE_READ] Completed: AWC.h, Duration: 10ms, Size: 1136
2025-10-27 08:56:42,851 - Knowledge - INFO - Found code-base-name: https://github.com/kavia-common/Thunder-712.git:kavia-R4_4
2025-10-27 08:56:43,079 - Knowledge - INFO - Found code_base: <app.utils.kg_build.knowledge.KnowledgeCodeBase object at 0x7f99453638d0>
2025-10-27 08:56:43,277 - Knowledge - INFO - process ingested knowledge for /app/data/tataelxsimcvaripplecode5379/718/b3129g6/Thunder-712/cmake/config/formats/json/json_write.cmake
2025-10-27 08:56:43,492 - Knowledge - INFO - [FILE_READ] Completed: json_write.cmake, Duration: 5ms, Size: 272
2025-10-27 08:56:43,688 - Knowledge - INFO - Found code-base-name: https://github.com/kavia-common/Thunder-712.git:kavia-R4_4
2025-10-27 08:56:43,853 - Knowledge - INFO - Found code_base: <app.utils.kg_build.knowledge.KnowledgeCodeBase object at 0x7f99453638d0>
2025-10-27 08:56:44,010 - Knowledge - INFO - process ingested knowledge for /app/data/tataelxsimcvaripplecode5379/718/b3129g6/Thunder-712/Source/core/Serialization.h
2025-10-27 08:56:44,163 - Knowledge - INFO - [FILE_READ] Completed: Serialization.h, Duration: 5ms, Size: 12964
2025-10-27 08:56:44,417 - Knowledge - INFO - Found code-base-name: https://github.com/kavia-common/Thunder-712.git:kavia-R4_4
2025-10-27 08:56:44,640 - Knowledge - INFO - Found code_base: <app.utils.kg_build.knowledge.KnowledgeCodeBase object at 0x7f99453638d0>
2025-10-27 08:56:44,816 - Knowledge - INFO - process ingested knowledge for /app/data/tataelxsimcvaripplecode5379/718/b3129g6/Thunder-712/cmake/modules/FindMemcr.cmake
2025-10-27 08:56:45,020 - Knowledge - INFO - [FILE_READ] Completed: FindMemcr.cmake, Duration: 5ms, Size: 1628
2025-10-27 08:56:45,193 - Knowledge - INFO - Found code-base-name: https://github.com/kavia-common/Thunder-712.git:kavia-R4_4
2025-10-27 08:56:45,424 - Knowledge - INFO - Found code_base: <app.utils.kg_build.knowledge.KnowledgeCodeBase object at 0x7f99453638d0>
2025-10-27 08:56:45,619 - Knowledge - INFO - process ingested knowledge for /app/data/tataelxsimcvaripplecode5379/718/b3129g6/Thunder-712/cmake/config/string/cmake_string_to_json.cmake
2025-10-27 08:56:45,853 - Knowledge - INFO - [FILE_READ] Completed: cmake_string_to_json.cmake, Duration: 5ms, Size: 649
2025-10-27 08:56:46,052 - Knowledge - INFO - Found code-base-name: https://github.com/kavia-common/Thunder-712.git:kavia-R4_4
2025-10-27 08:56:46,238 - Knowledge - INFO - Found code_base: <app.utils.kg_build.knowledge.KnowledgeCodeBase object at 0x7f99453638d0>
2025-10-27 08:56:46,419 - Knowledge - INFO - process ingested knowledge for /app/data/tataelxsimcvaripplecode5379/718/b3129g6/Thunder-712/Source/com/ConnectorType.cpp
2025-10-27 08:56:46,593 - Knowledge - INFO - [FILE_READ] Completed: ConnectorType.cpp, Duration: 4ms, Size: 1833
2025-10-27 08:56:46,774 - Knowledge - INFO - Found code-base-name: https://github.com/kavia-common/Thunder-712.git:kavia-R4_4
2025-10-27 08:56:46,958 - Knowledge - INFO - Found code_base: <app.utils.kg_build.knowledge.KnowledgeCodeBase object at 0x7f99453638d0>
2025-10-27 08:56:47,173 - Knowledge - INFO - process ingested knowledge for /app/data/tataelxsimcvaripplecode5379/718/b3129g6/Thunder-712/Tests/unit/core/test_memberavailability.cpp
2025-10-27 08:56:47,357 - Knowledge - INFO - [FILE_READ] Completed: test_memberavailability.cpp, Duration: 6ms, Size: 32206
2025-10-27 08:56:47,550 - Knowledge - INFO - Found code-base-name: https://github.com/kavia-common/Thunder-712.git:kavia-R4_4
2025-10-27 08:56:47,759 - Knowledge - INFO - Found code_base: <app.utils.kg_build.knowledge.KnowledgeCodeBase object at 0x7f99453638d0>
2025-10-27 08:56:47,956 - Knowledge - INFO - process ingested knowledge for /app/data/tataelxsimcvaripplecode5379/718/b3129g6/Thunder-712/Source/core/Singleton.cpp
2025-10-27 08:56:48,165 - Knowledge - INFO - [FILE_READ] Completed: Singleton.cpp, Duration: 5ms, Size: 1930
2025-10-27 08:56:48,372 - Knowledge - INFO - Found code-base-name: https://github.com/kavia-common/Thunder-712.git:kavia-R4_4
2025-10-27 08:56:48,595 - Knowledge - INFO - Found code_base: <app.utils.kg_build.knowledge.KnowledgeCodeBase object at 0x7f99453638d0>
2025-10-27 08:56:48,832 - Knowledge - INFO - process ingested knowledge for /app/data/tataelxsimcvaripplecode5379/718/b3129g6/Thunder-712/docs/utils/files/files.md
2025-10-27 08:56:49,023 - Knowledge - INFO - [FILE_READ] Completed: files.md, Duration: 5ms, Size: 4796
2025-10-27 08:56:49,222 - Knowledge - INFO - Found code-base-name: https://github.com/kavia-common/Thunder-712.git:kavia-R4_4
2025-10-27 08:56:49,389 - Knowledge - INFO - Found code_base: <app.utils.kg_build.knowledge.KnowledgeCodeBase object at 0x7f99453638d0>
2025-10-27 08:56:49,589 - Knowledge - INFO - process ingested knowledge for /app/data/tataelxsimcvaripplecode5379/718/b3129g6/Thunder-712/Tests/unit/core/test_singleton.cpp
2025-10-27 08:56:49,839 - Knowledge - INFO - [FILE_READ] Completed: test_singleton.cpp, Duration: 5ms, Size: 2157
2025-10-27 08:56:50,038 - Knowledge - INFO - Found code-base-name: https://github.com/kavia-common/Thunder-712.git:kavia-R4_4
2025-10-27 08:56:50,194 - Knowledge - INFO - Found code_base: <app.utils.kg_build.knowledge.KnowledgeCodeBase object at 0x7f99453638d0>
2025-10-27 08:56:50,408 - Knowledge - INFO - process ingested knowledge for /app/data/tataelxsimcvaripplecode5379/718/b3129g6/Thunder-712/Source/extensions/processcontainers/implementations/AWCImplementation/AWCProxyContainer.cpp
2025-10-27 08:56:50,559 - Knowledge - INFO - [FILE_READ] Completed: AWCProxyContainer.cpp, Duration: 6ms, Size: 4774
2025-10-27 08:56:50,735 - Knowledge - INFO - Found code-base-name: https://github.com/kavia-common/Thunder-712.git:kavia-R4_4
2025-10-27 08:56:50,912 - Knowledge - INFO - Found code_base: <app.utils.kg_build.knowledge.KnowledgeCodeBase object at 0x7f99453638d0>
2025-10-27 08:56:51,132 - Knowledge - INFO - process ingested knowledge for /app/data/tataelxsimcvaripplecode5379/718/b3129g6/Thunder-712/Tests/unit/core/test_valuerecorder.cpp
2025-10-27 08:56:51,321 - Knowledge - INFO - [FILE_READ] Completed: test_valuerecorder.cpp, Duration: 5ms, Size: 2922
2025-10-27 08:56:51,486 - Knowledge - INFO - Found code-base-name: https://github.com/kavia-common/Thunder-712.git:kavia-R4_4
2025-10-27 08:56:51,675 - Knowledge - INFO - Found code_base: <app.utils.kg_build.knowledge.KnowledgeCodeBase object at 0x7f99453638d0>
2025-10-27 08:56:51,898 - Knowledge - INFO - process ingested knowledge for /app/data/tataelxsimcvaripplecode5379/718/b3129g6/Thunder-712/Source/plugins/System.h
2025-10-27 08:56:52,073 - Knowledge - INFO - [FILE_READ] Completed: System.h, Duration: 6ms, Size: 1400
2025-10-27 08:56:52,294 - Knowledge - INFO - Found code-base-name: https://github.com/kavia-common/Thunder-712.git:kavia-R4_4
2025-10-27 08:56:52,482 - Knowledge - INFO - Found code_base: <app.utils.kg_build.knowledge.KnowledgeCodeBase object at 0x7f99453638d0>
2025-10-27 08:56:52,658 - Knowledge - INFO - process ingested knowledge for /app/data/tataelxsimcvaripplecode5379/718/b3129g6/Thunder-712/Source/core/Portability.cpp
2025-10-27 08:56:52,880 - Knowledge - INFO - [FILE_READ] Completed: Portability.cpp, Duration: 6ms, Size: 11318
2025-10-27 08:56:53,056 - Knowledge - INFO - Found code-base-name: https://github.com/kavia-common/Thunder-712.git:kavia-R4_4
2025-10-27 08:56:53,251 - Knowledge - INFO - Found code_base: <app.utils.kg_build.knowledge.KnowledgeCodeBase object at 0x7f99453638d0>
2025-10-27 08:56:53,456 - Knowledge - INFO - process ingested knowledge for /app/data/tataelxsimcvaripplecode5379/718/b3129g6/Thunder-712/Source/websocket/WebSocketLink.cpp
2025-10-27 08:56:53,661 - Knowledge - INFO - [FILE_READ] Completed: WebSocketLink.cpp, Duration: 6ms, Size: 12566
2025-10-27 08:56:53,845 - Knowledge - INFO - Found code-base-name: https://github.com/kavia-common/Thunder-712.git:kavia-R4_4
2025-10-27 08:56:53,993 - Knowledge - INFO - Found code_base: <app.utils.kg_build.knowledge.KnowledgeCodeBase object at 0x7f99453638d0>
2025-10-27 08:56:54,155 - Knowledge - INFO - process ingested knowledge for /app/data/tataelxsimcvaripplecode5379/718/b3129g6/Thunder-712/cmake/config/core/return/return_ans.cmake
2025-10-27 08:56:54,361 - Knowledge - INFO - [FILE_READ] Completed: return_ans.cmake, Duration: 5ms, Size: 159
2025-10-27 08:56:54,539 - Knowledge - INFO - Found code-base-name: https://github.com/kavia-common/Thunder-712.git:kavia-R4_4
2025-10-27 08:56:54,758 - Knowledge - INFO - Found code_base: <app.utils.kg_build.knowledge.KnowledgeCodeBase object at 0x7f99453638d0>
2025-10-27 08:56:54,926 - Knowledge - INFO - process ingested knowledge for /app/data/tataelxsimcvaripplecode5379/718/b3129g6/Thunder-712/Source/extensions/warningreporting/CMakeLists.txt
2025-10-27 08:56:55,100 - Knowledge - INFO - [FILE_READ] Completed: CMakeLists.txt, Duration: 5ms, Size: 2389
2025-10-27 08:56:55,291 - Knowledge - INFO - Found code-base-name: https://github.com/kavia-common/Thunder-712.git:kavia-R4_4
2025-10-27 08:56:55,518 - Knowledge - INFO - Found code_base: <app.utils.kg_build.knowledge.KnowledgeCodeBase object at 0x7f99453638d0>
2025-10-27 08:56:55,686 - Knowledge - INFO - process ingested knowledge for /app/data/tataelxsimcvaripplecode5379/718/b3129g6/Thunder-712/Source/com/ICOM.h
2025-10-27 08:56:55,905 - Knowledge - INFO - [FILE_READ] Completed: ICOM.h, Duration: 5ms, Size: 2494
2025-10-27 08:56:56,108 - Knowledge - INFO - Found code-base-name: https://github.com/kavia-common/Thunder-712.git:kavia-R4_4
2025-10-27 08:56:56,304 - Knowledge - INFO - Found code_base: <app.utils.kg_build.knowledge.KnowledgeCodeBase object at 0x7f99453638d0>
2025-10-27 08:56:56,523 - Knowledge - INFO - process ingested knowledge for /app/data/tataelxsimcvaripplecode5379/718/b3129g6/Thunder-712/Source/core/DoorBell.cpp
2025-10-27 08:56:56,699 - Knowledge - INFO - [FILE_READ] Completed: DoorBell.cpp, Duration: 6ms, Size: 6776
2025-10-27 08:56:56,879 - Knowledge - INFO - Found code-base-name: https://github.com/kavia-common/Thunder-712.git:kavia-R4_4
2025-10-27 08:56:57,044 - Knowledge - INFO - Found code_base: <app.utils.kg_build.knowledge.KnowledgeCodeBase object at 0x7f99453638d0>
2025-10-27 08:56:57,239 - Knowledge - INFO - process ingested knowledge for /app/data/tataelxsimcvaripplecode5379/718/b3129g6/Thunder-712/Source/com/CMakeLists.txt
2025-10-27 08:56:57,412 - Knowledge - INFO - [FILE_READ] Completed: CMakeLists.txt, Duration: 5ms, Size: 3128
2025-10-27 08:56:57,604 - Knowledge - INFO - Found code-base-name: https://github.com/kavia-common/Thunder-712.git:kavia-R4_4
2025-10-27 08:56:57,782 - Knowledge - INFO - Found code_base: <app.utils.kg_build.knowledge.KnowledgeCodeBase object at 0x7f99453638d0>
2025-10-27 08:56:57,956 - Knowledge - INFO - process ingested knowledge for /app/data/tataelxsimcvaripplecode5379/718/b3129g6/Thunder-712/Source/extensions/processcontainers/implementations/CRunImplementation/CRunImplementation.h
2025-10-27 08:56:58,155 - Knowledge - INFO - [FILE_READ] Completed: CRunImplementation.h, Duration: 6ms, Size: 3418
2025-10-27 08:56:58,363 - Knowledge - INFO - Found code-base-name: https://github.com/kavia-common/Thunder-712.git:kavia-R4_4
2025-10-27 08:56:58,533 - Knowledge - INFO - Found code_base: <app.utils.kg_build.knowledge.KnowledgeCodeBase object at 0x7f99453638d0>
2025-10-27 08:56:58,738 - Knowledge - INFO - process ingested knowledge for /app/data/tataelxsimcvaripplecode5379/718/b3129g6/Thunder-712/cmake/common/InstallLink.cmake
2025-10-27 08:56:58,934 - Knowledge - INFO - [FILE_READ] Completed: InstallLink.cmake, Duration: 5ms, Size: 642
2025-10-27 08:56:59,144 - Knowledge - INFO - Found code-base-name: https://github.com/kavia-common/Thunder-712.git:kavia-R4_4
2025-10-27 08:56:59,299 - Knowledge - INFO - Found code_base: <app.utils.kg_build.knowledge.KnowledgeCodeBase object at 0x7f99453638d0>
2025-10-27 08:56:59,489 - Knowledge - INFO - process ingested knowledge for /app/data/tataelxsimcvaripplecode5379/718/b3129g6/Thunder-712/Source/core/SocketPort.h
2025-10-27 08:56:59,682 - Knowledge - INFO - [FILE_READ] Completed: SocketPort.h, Duration: 6ms, Size: 20014
2025-10-27 08:56:59,904 - Knowledge - INFO - Found code-base-name: https://github.com/kavia-common/Thunder-712.git:kavia-R4_4
2025-10-27 08:57:00,093 - Knowledge - INFO - Found code_base: <app.utils.kg_build.knowledge.KnowledgeCodeBase object at 0x7f99453638d0>
2025-10-27 08:57:00,330 - Knowledge - INFO - process ingested knowledge for /app/data/tataelxsimcvaripplecode5379/718/b3129g6/Thunder-712/cmake/config/map/helpers/map_path_get.cmake
2025-10-27 08:57:00,504 - Knowledge - INFO - [FILE_READ] Completed: map_path_get.cmake, Duration: 7ms, Size: 464
2025-10-27 08:57:00,702 - Knowledge - INFO - Found code-base-name: https://github.com/kavia-common/Thunder-712.git:kavia-R4_4
2025-10-27 08:57:00,893 - Knowledge - INFO - Found code_base: <app.utils.kg_build.knowledge.KnowledgeCodeBase object at 0x7f99453638d0>
2025-10-27 08:57:01,058 - Knowledge - INFO - process ingested knowledge for /app/data/tataelxsimcvaripplecode5379/718/b3129g6/Thunder-712/Source/extensions/processcontainers/implementations/RunCImplementation/RunCImplementation.h
2025-10-27 08:57:01,282 - Knowledge - INFO - [FILE_READ] Completed: RunCImplementation.h, Duration: 5ms, Size: 3301
2025-10-27 08:57:01,462 - Knowledge - INFO - Found code-base-name: https://github.com/kavia-common/Thunder-712.git:kavia-R4_4
2025-10-27 08:57:01,625 - Knowledge - INFO - Found code_base: <app.utils.kg_build.knowledge.KnowledgeCodeBase object at 0x7f99453638d0>
2025-10-27 08:57:01,809 - Knowledge - INFO - process ingested knowledge for /app/data/tataelxsimcvaripplecode5379/718/b3129g6/Thunder-712/Source/core/NodeId.cpp
2025-10-27 08:57:02,029 - Knowledge - INFO - [FILE_READ] Completed: NodeId.cpp, Duration: 6ms, Size: 33446
2025-10-27 08:57:02,212 - Knowledge - INFO - Found code-base-name: https://github.com/kavia-common/Thunder-712.git:kavia-R4_4
2025-10-27 08:57:02,424 - Knowledge - INFO - Found code_base: <app.utils.kg_build.knowledge.KnowledgeCodeBase object at 0x7f99453638d0>
2025-10-27 08:57:02,660 - Knowledge - INFO - process ingested knowledge for /app/data/tataelxsimcvaripplecode5379/718/b3129g6/Thunder-712/cmake/config/formats/json/json2_definition.cmake
2025-10-27 08:57:02,860 - Knowledge - INFO - [FILE_READ] Completed: json2_definition.cmake, Duration: 5ms, Size: 3543
2025-10-27 08:57:03,104 - Knowledge - INFO - Found code-base-name: https://github.com/kavia-common/Thunder-712.git:kavia-R4_4
2025-10-27 08:57:03,290 - Knowledge - INFO - Found code_base: <app.utils.kg_build.knowledge.KnowledgeCodeBase object at 0x7f99453638d0>
2025-10-27 08:57:03,493 - Knowledge - INFO - process ingested knowledge for /app/data/tataelxsimcvaripplecode5379/718/b3129g6/Thunder-712/cmake/config/quickmap/map.cmake
2025-10-27 08:57:03,665 - Knowledge - INFO - [FILE_READ] Completed: map.cmake, Duration: 5ms, Size: 845
2025-10-27 08:57:03,850 - Knowledge - INFO - Found code-base-name: https://github.com/kavia-common/Thunder-712.git:kavia-R4_4
2025-10-27 08:57:04,010 - Knowledge - INFO - Found code_base: <app.utils.kg_build.knowledge.KnowledgeCodeBase object at 0x7f99453638d0>
2025-10-27 08:57:04,192 - Knowledge - INFO - process ingested knowledge for /app/data/tataelxsimcvaripplecode5379/718/b3129g6/Thunder-712/Source/extensions/processcontainers/implementations/DobbyImplementation/DobbyImplementation.h
2025-10-27 08:57:04,407 - Knowledge - INFO - [FILE_READ] Completed: DobbyImplementation.h, Duration: 5ms, Size: 3776
2025-10-27 08:57:04,639 - Knowledge - INFO - Found code-base-name: https://github.com/kavia-common/Thunder-712.git:kavia-R4_4
2025-10-27 08:57:04,899 - Knowledge - INFO - Found code_base: <app.utils.kg_build.knowledge.KnowledgeCodeBase object at 0x7f99453638d0>
2025-10-27 08:57:05,112 - Knowledge - INFO - process ingested knowledge for /app/data/tataelxsimcvaripplecode5379/718/b3129g6/Thunder-712/Tests/file-unlink/file-client.cpp
2025-10-27 08:57:05,287 - Knowledge - INFO - [FILE_READ] Completed: file-client.cpp, Duration: 4ms, Size: 573
2025-10-27 08:57:05,521 - Knowledge - INFO - Found code-base-name: https://github.com/kavia-common/Thunder-712.git:kavia-R4_4
2025-10-27 08:57:05,704 - Knowledge - INFO - Found code_base: <app.utils.kg_build.knowledge.KnowledgeCodeBase object at 0x7f99453638d0>
2025-10-27 08:57:05,875 - Knowledge - INFO - process ingested knowledge for /app/data/tataelxsimcvaripplecode5379/718/b3129g6/Thunder-712/cmake/config/quickmap/README.md
2025-10-27 08:57:06,127 - Knowledge - INFO - [FILE_READ] Completed: README.md, Duration: 5ms, Size: 1675
2025-10-27 08:57:06,368 - Knowledge - INFO - Found code-base-name: https://github.com/kavia-common/Thunder-712.git:kavia-R4_4
2025-10-27 08:57:06,511 - Knowledge - INFO - Found code_base: <app.utils.kg_build.knowledge.KnowledgeCodeBase object at 0x7f99453638d0>
2025-10-27 08:57:06,702 - Knowledge - INFO - process ingested knowledge for /app/data/tataelxsimcvaripplecode5379/718/b3129g6/Thunder-712/Source/extensions/privilegedrequest/include/privilegedrequest/PrivilegedRequest.h
2025-10-27 08:57:06,885 - Knowledge - INFO - [FILE_READ] Completed: PrivilegedRequest.h, Duration: 6ms, Size: 15734
2025-10-27 08:57:07,084 - Knowledge - INFO - Found code-base-name: https://github.com/kavia-common/Thunder-712.git:kavia-R4_4
2025-10-27 08:57:07,300 - Knowledge - INFO - Found code_base: <app.utils.kg_build.knowledge.KnowledgeCodeBase object at 0x7f99453638d0>
2025-10-27 08:57:07,488 - Knowledge - INFO - process ingested knowledge for /app/data/tataelxsimcvaripplecode5379/718/b3129g6/Thunder-712/cmake/config/map/core/map_set_special.cmake
2025-10-27 08:57:07,702 - Knowledge - INFO - [FILE_READ] Completed: map_set_special.cmake, Duration: 5ms, Size: 161
2025-10-27 08:57:07,884 - Knowledge - INFO - Found code-base-name: https://github.com/kavia-common/Thunder-712.git:kavia-R4_4
2025-10-27 08:57:08,098 - Knowledge - INFO - Found code_base: <app.utils.kg_build.knowledge.KnowledgeCodeBase object at 0x7f99453638d0>
2025-10-27 08:57:08,298 - Knowledge - INFO - process ingested knowledge for /app/data/tataelxsimcvaripplecode5379/718/b3129g6/Thunder-712/cmake/config/map/core/map_keys.cmake
2025-10-27 08:57:08,462 - Knowledge - INFO - [FILE_READ] Completed: map_keys.cmake, Duration: 6ms, Size: 299
2025-10-27 08:57:08,636 - Knowledge - INFO - Found code-base-name: https://github.com/kavia-common/Thunder-712.git:kavia-R4_4
2025-10-27 08:57:08,842 - Knowledge - INFO - Found code_base: <app.utils.kg_build.knowledge.KnowledgeCodeBase object at 0x7f99453638d0>
2025-10-27 08:57:08,997 - Knowledge - INFO - process ingested knowledge for /app/data/tataelxsimcvaripplecode5379/718/b3129g6/Thunder-712/cmake/config/events/event_handler_call.cmake
2025-10-27 08:57:09,155 - Knowledge - INFO - [FILE_READ] Completed: event_handler_call.cmake, Duration: 5ms, Size: 239
2025-10-27 08:57:09,323 - Knowledge - INFO - Found code-base-name: https://github.com/kavia-common/Thunder-712.git:kavia-R4_4
2025-10-27 08:57:09,478 - Knowledge - INFO - Found code_base: <app.utils.kg_build.knowledge.KnowledgeCodeBase object at 0x7f99453638d0>
2025-10-27 08:57:09,694 - Knowledge - INFO - process ingested knowledge for /app/data/tataelxsimcvaripplecode5379/718/b3129g6/Thunder-712/cmake/config/ref/address_print.cmake
2025-10-27 08:57:09,914 - Knowledge - INFO - [FILE_READ] Completed: address_print.cmake, Duration: 6ms, Size: 86
2025-10-27 08:57:10,133 - Knowledge - INFO - Found code-base-name: https://github.com/kavia-common/Thunder-712.git:kavia-R4_4
2025-10-27 08:57:10,323 - Knowledge - INFO - Found code_base: <app.utils.kg_build.knowledge.KnowledgeCodeBase object at 0x7f99453638d0>
2025-10-27 08:57:10,493 - Knowledge - INFO - process ingested knowledge for /app/data/tataelxsimcvaripplecode5379/718/b3129g6/Thunder-712/Source/core/DataBuffer.h
2025-10-27 08:57:10,697 - Knowledge - INFO - [FILE_READ] Completed: DataBuffer.h, Duration: 4ms, Size: 1853
2025-10-27 08:57:10,861 - Knowledge - INFO - Found code-base-name: https://github.com/kavia-common/Thunder-712.git:kavia-R4_4
2025-10-27 08:57:11,051 - Knowledge - INFO - Found code_base: <app.utils.kg_build.knowledge.KnowledgeCodeBase object at 0x7f99453638d0>
2025-10-27 08:57:11,274 - Knowledge - INFO - process ingested knowledge for /app/data/tataelxsimcvaripplecode5379/718/b3129g6/Thunder-712/Source/core/Number.cpp
2025-10-27 08:57:11,467 - Knowledge - INFO - [FILE_READ] Completed: Number.cpp, Duration: 5ms, Size: 3296
2025-10-27 08:57:11,632 - Knowledge - INFO - Found code-base-name: https://github.com/kavia-common/Thunder-712.git:kavia-R4_4
2025-10-27 08:57:11,829 - Knowledge - INFO - Found code_base: <app.utils.kg_build.knowledge.KnowledgeCodeBase object at 0x7f99453638d0>
2025-10-27 08:57:12,076 - Knowledge - INFO - process ingested knowledge for /app/data/tataelxsimcvaripplecode5379/718/b3129g6/Thunder-712/cmake/config/ref/address_peek_front.cmake
2025-10-27 08:57:12,298 - Knowledge - INFO - [FILE_READ] Completed: address_peek_front.cmake, Duration: 5ms, Size: 144
2025-10-27 08:57:12,456 - Knowledge - INFO - Found code-base-name: https://github.com/kavia-common/Thunder-712.git:kavia-R4_4
2025-10-27 08:57:12,637 - Knowledge - INFO - Found code_base: <app.utils.kg_build.knowledge.KnowledgeCodeBase object at 0x7f99453638d0>
2025-10-27 08:57:12,815 - Knowledge - INFO - process ingested knowledge for /app/data/tataelxsimcvaripplecode5379/718/b3129g6/Thunder-712/cmake/config/formats/json/json_deserialize.cmake
2025-10-27 08:57:13,000 - Knowledge - INFO - [FILE_READ] Completed: json_deserialize.cmake, Duration: 4ms, Size: 644
2025-10-27 08:57:13,211 - Knowledge - INFO - Found code-base-name: https://github.com/kavia-common/Thunder-712.git:kavia-R4_4
2025-10-27 08:57:13,377 - Knowledge - INFO - Found code_base: <app.utils.kg_build.knowledge.KnowledgeCodeBase object at 0x7f99453638d0>
2025-10-27 08:57:13,568 - Knowledge - INFO - process ingested knowledge for /app/data/tataelxsimcvaripplecode5379/718/b3129g6/Thunder-712/cmake/config/string/encoding/string_decode_semicolon.cmake
2025-10-27 08:57:13,769 - Knowledge - INFO - [FILE_READ] Completed: string_decode_semicolon.cmake, Duration: 5ms, Size: 542
2025-10-27 08:57:13,928 - Knowledge - INFO - Found code-base-name: https://github.com/kavia-common/Thunder-712.git:kavia-R4_4
2025-10-27 08:57:14,087 - Knowledge - INFO - Found code_base: <app.utils.kg_build.knowledge.KnowledgeCodeBase object at 0x7f99453638d0>
2025-10-27 08:57:14,276 - Knowledge - INFO - process ingested knowledge for /app/data/tataelxsimcvaripplecode5379/718/b3129g6/Thunder-712/Tests/unit/core/test_textfragment.cpp
2025-10-27 08:57:14,510 - Knowledge - INFO - [FILE_READ] Completed: test_textfragment.cpp, Duration: 6ms, Size: 2825
2025-10-27 08:57:14,746 - Knowledge - INFO - Found code-base-name: https://github.com/kavia-common/Thunder-712.git:kavia-R4_4
2025-10-27 08:57:14,948 - Knowledge - INFO - Found code_base: <app.utils.kg_build.knowledge.KnowledgeCodeBase object at 0x7f99453638d0>
2025-10-27 08:57:15,153 - Knowledge - INFO - process ingested knowledge for /app/data/tataelxsimcvaripplecode5379/718/b3129g6/Thunder-712/Utils/PluginActivator/source/Module.cpp
2025-10-27 08:57:15,409 - Knowledge - INFO - [FILE_READ] Completed: Module.cpp, Duration: 5ms, Size: 878
2025-10-27 08:57:15,610 - Knowledge - INFO - Found code-base-name: https://github.com/kavia-common/Thunder-712.git:kavia-R4_4
2025-10-27 08:57:15,789 - Knowledge - INFO - Found code_base: <app.utils.kg_build.knowledge.KnowledgeCodeBase object at 0x7f99453638d0>
2025-10-27 08:57:15,985 - Knowledge - INFO - process ingested knowledge for /app/data/tataelxsimcvaripplecode5379/718/b3129g6/Thunder-712/docs/introduction/build_windows.md
2025-10-27 08:57:16,157 - Knowledge - INFO - [FILE_READ] Completed: build_windows.md, Duration: 5ms, Size: 3763
2025-10-27 08:57:16,335 - Knowledge - INFO - Found code-base-name: https://github.com/kavia-common/Thunder-712.git:kavia-R4_4
2025-10-27 08:57:16,506 - Knowledge - INFO - Found code_base: <app.utils.kg_build.knowledge.KnowledgeCodeBase object at 0x7f99453638d0>
2025-10-27 08:57:16,726 - Knowledge - INFO - process ingested knowledge for /app/data/tataelxsimcvaripplecode5379/718/b3129g6/Thunder-712/cmake/config/map/helpers/map_ensure.cmake
2025-10-27 08:57:16,915 - Knowledge - INFO - [FILE_READ] Completed: map_ensure.cmake, Duration: 5ms, Size: 239
2025-10-27 08:57:17,118 - Knowledge - INFO - Found code-base-name: https://github.com/kavia-common/Thunder-712.git:kavia-R4_4
2025-10-27 08:57:17,296 - Knowledge - INFO - Found code_base: <app.utils.kg_build.knowledge.KnowledgeCodeBase object at 0x7f99453638d0>
2025-10-27 08:57:17,482 - Knowledge - INFO - process ingested knowledge for /app/data/tataelxsimcvaripplecode5379/718/b3129g6/Thunder-712/Source/core/WorkerPool.h
2025-10-27 08:57:17,660 - Knowledge - INFO - [FILE_READ] Completed: WorkerPool.h, Duration: 6ms, Size: 15114
2025-10-27 08:57:17,821 - Knowledge - INFO - Found code-base-name: https://github.com/kavia-common/Thunder-712.git:kavia-R4_4
2025-10-27 08:57:18,035 - Knowledge - INFO - Found code_base: <app.utils.kg_build.knowledge.KnowledgeCodeBase object at 0x7f99453638d0>
2025-10-27 08:57:18,243 - Knowledge - INFO - process ingested knowledge for /app/data/tataelxsimcvaripplecode5379/718/b3129g6/Thunder-712/Source/websocket/Module.h
2025-10-27 08:57:18,517 - Knowledge - INFO - [FILE_READ] Completed: Module.h, Duration: 6ms, Size: 975
2025-10-27 08:57:18,678 - Knowledge - INFO - Found code-base-name: https://github.com/kavia-common/Thunder-712.git:kavia-R4_4
2025-10-27 08:57:18,889 - Knowledge - INFO - Found code_base: <app.utils.kg_build.knowledge.KnowledgeCodeBase object at 0x7f99453638d0>
2025-10-27 08:57:19,088 - Knowledge - INFO - process ingested knowledge for /app/data/tataelxsimcvaripplecode5379/718/b3129g6/Thunder-712/Source/cryptalgo/CMakeLists.txt
2025-10-27 08:57:19,291 - Knowledge - INFO - [FILE_READ] Completed: CMakeLists.txt, Duration: 6ms, Size: 2881
2025-10-27 08:57:19,477 - Knowledge - INFO - Found code-base-name: https://github.com/kavia-common/Thunder-712.git:kavia-R4_4
2025-10-27 08:57:19,671 - Knowledge - INFO - Found code_base: <app.utils.kg_build.knowledge.KnowledgeCodeBase object at 0x7f99453638d0>
2025-10-27 08:57:19,843 - Knowledge - INFO - process ingested knowledge for /app/data/tataelxsimcvaripplecode5379/718/b3129g6/Thunder-712/Source/extensions/processcontainers/common/BaseRefCount.h
2025-10-27 08:57:20,012 - Knowledge - INFO - [FILE_READ] Completed: BaseRefCount.h, Duration: 10ms, Size: 1736
2025-10-27 08:57:20,247 - Knowledge - INFO - Found code-base-name: https://github.com/kavia-common/Thunder-712.git:kavia-R4_4
2025-10-27 08:57:20,434 - Knowledge - INFO - Found code_base: <app.utils.kg_build.knowledge.KnowledgeCodeBase object at 0x7f99453638d0>
2025-10-27 08:57:20,598 - Knowledge - INFO - process ingested knowledge for /app/data/tataelxsimcvaripplecode5379/718/b3129g6/Thunder-712/cmake/config/map/core/map_has.cmake
2025-10-27 08:57:20,800 - Knowledge - INFO - [FILE_READ] Completed: map_has.cmake, Duration: 5ms, Size: 380
2025-10-27 08:57:20,967 - Knowledge - INFO - Found code-base-name: https://github.com/kavia-common/Thunder-712.git:kavia-R4_4
2025-10-27 08:57:21,151 - Knowledge - INFO - Found code_base: <app.utils.kg_build.knowledge.KnowledgeCodeBase object at 0x7f99453638d0>
2025-10-27 08:57:21,348 - Knowledge - INFO - process ingested knowledge for /app/data/tataelxsimcvaripplecode5379/718/b3129g6/Thunder-712/cmake/config/map/core/is_map.cmake
2025-10-27 08:57:21,551 - Knowledge - INFO - [FILE_READ] Completed: is_map.cmake, Duration: 5ms, Size: 279
2025-10-27 08:57:21,775 - Knowledge - INFO - Found code-base-name: https://github.com/kavia-common/Thunder-712.git:kavia-R4_4
2025-10-27 08:57:21,987 - Knowledge - INFO - Found code_base: <app.utils.kg_build.knowledge.KnowledgeCodeBase object at 0x7f99453638d0>
2025-10-27 08:57:22,170 - Knowledge - INFO - process ingested knowledge for /app/data/tataelxsimcvaripplecode5379/718/b3129g6/Thunder-712/cmake/config/map/core/map_remove_item.cmake
2025-10-27 08:57:22,352 - Knowledge - INFO - [FILE_READ] Completed: map_remove_item.cmake, Duration: 6ms, Size: 330
2025-10-27 08:57:22,537 - Knowledge - INFO - Found code-base-name: https://github.com/kavia-common/Thunder-712.git:kavia-R4_4
2025-10-27 08:57:22,742 - Knowledge - INFO - Found code_base: <app.utils.kg_build.knowledge.KnowledgeCodeBase object at 0x7f99453638d0>
2025-10-27 08:57:22,918 - Knowledge - INFO - process ingested knowledge for /app/data/tataelxsimcvaripplecode5379/718/b3129g6/Thunder-712/Source/messaging/MessageClient.cpp
2025-10-27 08:57:23,084 - Knowledge - INFO - [FILE_READ] Completed: MessageClient.cpp, Duration: 7ms, Size: 6887
2025-10-27 08:57:23,311 - Knowledge - INFO - Found code-base-name: https://github.com/kavia-common/Thunder-712.git:kavia-R4_4
2025-10-27 08:57:23,480 - Knowledge - INFO - Found code_base: <app.utils.kg_build.knowledge.KnowledgeCodeBase object at 0x7f99453638d0>
2025-10-27 08:57:23,696 - Knowledge - INFO - process ingested knowledge for /app/data/tataelxsimcvaripplecode5379/718/b3129g6/Thunder-712/Source/core/DataElement.h
2025-10-27 08:57:23,868 - Knowledge - INFO - [FILE_READ] Completed: DataElement.h, Duration: 6ms, Size: 31100
2025-10-27 08:57:24,046 - Knowledge - INFO - Found code-base-name: https://github.com/kavia-common/Thunder-712.git:kavia-R4_4
2025-10-27 08:57:24,259 - Knowledge - INFO - Found code_base: <app.utils.kg_build.knowledge.KnowledgeCodeBase object at 0x7f99453638d0>
2025-10-27 08:57:24,462 - Knowledge - INFO - process ingested knowledge for /app/data/tataelxsimcvaripplecode5379/718/b3129g6/Thunder-712/Source/core/MessageException.h
2025-10-27 08:57:24,667 - Knowledge - INFO - [FILE_READ] Completed: MessageException.h, Duration: 5ms, Size: 1311
2025-10-27 08:57:24,830 - Knowledge - INFO - Found code-base-name: https://github.com/kavia-common/Thunder-712.git:kavia-R4_4
2025-10-27 08:57:25,008 - Knowledge - INFO - Found code_base: <app.utils.kg_build.knowledge.KnowledgeCodeBase object at 0x7f99453638d0>
2025-10-27 08:57:25,182 - Knowledge - INFO - process ingested knowledge for /app/data/tataelxsimcvaripplecode5379/718/b3129g6/Thunder-712/cmake/config/filesystem/path/path_vary.cmake
2025-10-27 08:57:25,344 - Knowledge - INFO - [FILE_READ] Completed: path_vary.cmake, Duration: 5ms, Size: 636
2025-10-27 08:57:25,570 - Knowledge - INFO - Found code-base-name: https://github.com/kavia-common/Thunder-712.git:kavia-R4_4
2025-10-27 08:57:25,789 - Knowledge - INFO - Found code_base: <app.utils.kg_build.knowledge.KnowledgeCodeBase object at 0x7f99453638d0>
2025-10-27 08:57:25,998 - Knowledge - INFO - process ingested knowledge for /app/data/tataelxsimcvaripplecode5379/718/b3129g6/Thunder-712/cmake/config/map/core/map_set.cmake
2025-10-27 08:57:26,220 - Knowledge - INFO - [FILE_READ] Completed: map_set.cmake, Duration: 5ms, Size: 346
2025-10-27 08:57:26,424 - Knowledge - INFO - Found code-base-name: https://github.com/kavia-common/Thunder-712.git:kavia-R4_4
2025-10-27 08:57:26,600 - Knowledge - INFO - Found code_base: <app.utils.kg_build.knowledge.KnowledgeCodeBase object at 0x7f99453638d0>
2025-10-27 08:57:26,789 - Knowledge - INFO - process ingested knowledge for /app/data/tataelxsimcvaripplecode5379/718/b3129g6/Thunder-712/cmake/modules/FindBreakpad.cmake
2025-10-27 08:57:27,009 - Knowledge - INFO - [FILE_READ] Completed: FindBreakpad.cmake, Duration: 5ms, Size: 2006
2025-10-27 08:57:27,205 - Knowledge - INFO - Found code-base-name: https://github.com/kavia-common/Thunder-712.git:kavia-R4_4
2025-10-27 08:57:27,397 - Knowledge - INFO - Found code_base: <app.utils.kg_build.knowledge.KnowledgeCodeBase object at 0x7f99453638d0>
2025-10-27 08:57:27,553 - Knowledge - INFO - process ingested knowledge for /app/data/tataelxsimcvaripplecode5379/718/b3129g6/Thunder-712/Source/core/DataElementFile.h
2025-10-27 08:57:27,757 - Knowledge - INFO - [FILE_READ] Completed: DataElementFile.h, Duration: 5ms, Size: 3545
2025-10-27 08:57:27,962 - Knowledge - INFO - Found code-base-name: https://github.com/kavia-common/Thunder-712.git:kavia-R4_4
2025-10-27 08:57:28,154 - Knowledge - INFO - Found code_base: <app.utils.kg_build.knowledge.KnowledgeCodeBase object at 0x7f99453638d0>
2025-10-27 08:57:28,327 - Knowledge - INFO - process ingested knowledge for /app/data/tataelxsimcvaripplecode5379/718/b3129g6/Thunder-712/cmake/config/map/operations/map_clone.cmake
2025-10-27 08:57:28,512 - Knowledge - INFO - [FILE_READ] Completed: map_clone.cmake, Duration: 5ms, Size: 300
2025-10-27 08:57:28,696 - Knowledge - INFO - Found code-base-name: https://github.com/kavia-common/Thunder-712.git:kavia-R4_4
2025-10-27 08:57:28,887 - Knowledge - INFO - Found code_base: <app.utils.kg_build.knowledge.KnowledgeCodeBase object at 0x7f99453638d0>
2025-10-27 08:57:29,083 - Knowledge - INFO - process ingested knowledge for /app/data/tataelxsimcvaripplecode5379/718/b3129g6/Thunder-712/cmake/config/formats/json/json_escape.cmake
2025-10-27 08:57:29,247 - Knowledge - INFO - [FILE_READ] Completed: json_escape.cmake, Duration: 5ms, Size: 470
2025-10-27 08:57:29,449 - Knowledge - INFO - Found code-base-name: https://github.com/kavia-common/Thunder-712.git:kavia-R4_4
2025-10-27 08:57:29,617 - Knowledge - INFO - Found code_base: <app.utils.kg_build.knowledge.KnowledgeCodeBase object at 0x7f99453638d0>
2025-10-27 08:57:29,826 - Knowledge - INFO - process ingested knowledge for /app/data/tataelxsimcvaripplecode5379/718/b3129g6/Thunder-712/cmake/config/map/helpers/map_unpack.cmake
2025-10-27 08:57:30,012 - Knowledge - INFO - [FILE_READ] Completed: map_unpack.cmake, Duration: 6ms, Size: 473
2025-10-27 08:57:30,232 - Knowledge - INFO - Found code-base-name: https://github.com/kavia-common/Thunder-712.git:kavia-R4_4
2025-10-27 08:57:30,405 - Knowledge - INFO - Found code_base: <app.utils.kg_build.knowledge.KnowledgeCodeBase object at 0x7f99453638d0>
2025-10-27 08:57:30,586 - Knowledge - INFO - process ingested knowledge for /app/data/tataelxsimcvaripplecode5379/718/b3129g6/Thunder-712/cmake/config/formats/json/json.cmake
2025-10-27 08:57:30,766 - Knowledge - INFO - [FILE_READ] Completed: json.cmake, Duration: 6ms, Size: 2050
2025-10-27 08:57:30,981 - Knowledge - INFO - Found code-base-name: https://github.com/kavia-common/Thunder-712.git:kavia-R4_4
2025-10-27 08:57:31,159 - Knowledge - INFO - Found code_base: <app.utils.kg_build.knowledge.KnowledgeCodeBase object at 0x7f99453638d0>
2025-10-27 08:57:31,330 - Knowledge - INFO - process ingested knowledge for /app/data/tataelxsimcvaripplecode5379/718/b3129g6/Thunder-712/Source/extensions/processcontainers/implementations/AWCImplementation/AWCImplementation.h
2025-10-27 08:57:31,557 - Knowledge - INFO - [FILE_READ] Completed: AWCImplementation.h, Duration: 5ms, Size: 1964
2025-10-27 08:57:31,752 - Knowledge - INFO - Found code-base-name: https://github.com/kavia-common/Thunder-712.git:kavia-R4_4
2025-10-27 08:57:31,904 - Knowledge - INFO - Found code_base: <app.utils.kg_build.knowledge.KnowledgeCodeBase object at 0x7f99453638d0>
2025-10-27 08:57:32,099 - Knowledge - INFO - process ingested knowledge for /app/data/tataelxsimcvaripplecode5379/718/b3129g6/Thunder-712/Source/WPEFramework/Probe.cpp
2025-10-27 08:57:32,300 - Knowledge - INFO - [FILE_READ] Completed: Probe.cpp, Duration: 6ms, Size: 12711
2025-10-27 08:57:32,487 - Knowledge - INFO - Found code-base-name: https://github.com/kavia-common/Thunder-712.git:kavia-R4_4
2025-10-27 08:57:32,703 - Knowledge - INFO - Found code_base: <app.utils.kg_build.knowledge.KnowledgeCodeBase object at 0x7f99453638d0>
2025-10-27 08:57:32,868 - Knowledge - INFO - process ingested knowledge for /app/data/tataelxsimcvaripplecode5379/718/b3129g6/Thunder-712/cmake/config/map/helpers/map_keys_clear.cmake
2025-10-27 08:57:33,019 - Knowledge - INFO - [FILE_READ] Completed: map_keys_clear.cmake, Duration: 5ms, Size: 93
2025-10-27 08:57:33,204 - Knowledge - INFO - Found code-base-name: https://github.com/kavia-common/Thunder-712.git:kavia-R4_4
2025-10-27 08:57:33,372 - Knowledge - INFO - Found code_base: <app.utils.kg_build.knowledge.KnowledgeCodeBase object at 0x7f99453638d0>
2025-10-27 08:57:33,597 - Knowledge - INFO - process ingested knowledge for /app/data/tataelxsimcvaripplecode5379/718/b3129g6/Thunder-712/Source/core/IPFrame.h
2025-10-27 08:57:33,785 - Knowledge - INFO - [FILE_READ] Completed: IPFrame.h, Duration: 6ms, Size: 17623
2025-10-27 08:57:33,994 - Knowledge - INFO - Found code-base-name: https://github.com/kavia-common/Thunder-712.git:kavia-R4_4
2025-10-27 08:57:34,180 - Knowledge - INFO - Found code_base: <app.utils.kg_build.knowledge.KnowledgeCodeBase object at 0x7f99453638d0>
2025-10-27 08:57:34,374 - Knowledge - INFO - process ingested knowledge for /app/data/tataelxsimcvaripplecode5379/718/b3129g6/Thunder-712/Source/core/SynchronousChannel.h
2025-10-27 08:57:34,578 - Knowledge - INFO - [FILE_READ] Completed: SynchronousChannel.h, Duration: 6ms, Size: 12341
2025-10-27 08:57:34,791 - Knowledge - INFO - Found code-base-name: https://github.com/kavia-common/Thunder-712.git:kavia-R4_4
2025-10-27 08:57:34,972 - Knowledge - INFO - Found code_base: <app.utils.kg_build.knowledge.KnowledgeCodeBase object at 0x7f99453638d0>
2025-10-27 08:57:35,128 - Knowledge - INFO - process ingested knowledge for /app/data/tataelxsimcvaripplecode5379/718/b3129g6/Thunder-712/cmake/config/filesystem/navigation/pwd.cmake
2025-10-27 08:57:35,324 - Knowledge - INFO - [FILE_READ] Completed: pwd.cmake, Duration: 4ms, Size: 136
2025-10-27 08:57:35,530 - Knowledge - INFO - Found code-base-name: https://github.com/kavia-common/Thunder-712.git:kavia-R4_4
2025-10-27 08:57:35,729 - Knowledge - INFO - Found code_base: <app.utils.kg_build.knowledge.KnowledgeCodeBase object at 0x7f99453638d0>
2025-10-27 08:57:35,923 - Knowledge - INFO - process ingested knowledge for /app/data/tataelxsimcvaripplecode5379/718/b3129g6/Thunder-712/cmake/modules/FindLibGioUnix.cmake
2025-10-27 08:57:36,155 - Knowledge - INFO - [FILE_READ] Completed: FindLibGioUnix.cmake, Duration: 5ms, Size: 3591
2025-10-27 08:57:36,331 - Knowledge - INFO - Found code-base-name: https://github.com/kavia-common/Thunder-712.git:kavia-R4_4
2025-10-27 08:57:36,536 - Knowledge - INFO - Found code_base: <app.utils.kg_build.knowledge.KnowledgeCodeBase object at 0x7f99453638d0>
2025-10-27 08:57:36,751 - Knowledge - INFO - process ingested knowledge for /app/data/tataelxsimcvaripplecode5379/718/b3129g6/Thunder-712/Source/core/Services.h
2025-10-27 08:57:36,948 - Knowledge - INFO - [FILE_READ] Completed: Services.h, Duration: 7ms, Size: 15722
2025-10-27 08:57:37,146 - Knowledge - INFO - Found code-base-name: https://github.com/kavia-common/Thunder-712.git:kavia-R4_4
2025-10-27 08:57:37,335 - Knowledge - INFO - Found code_base: <app.utils.kg_build.knowledge.KnowledgeCodeBase object at 0x7f99453638d0>
2025-10-27 08:57:37,521 - Knowledge - INFO - process ingested knowledge for /app/data/tataelxsimcvaripplecode5379/718/b3129g6/Thunder-712/Source/plugins/IStateControl.h
2025-10-27 08:57:37,706 - Knowledge - INFO - [FILE_READ] Completed: IStateControl.h, Duration: 5ms, Size: 2117
2025-10-27 08:57:37,907 - Knowledge - INFO - Found code-base-name: https://github.com/kavia-common/Thunder-712.git:kavia-R4_4
2025-10-27 08:57:38,115 - Knowledge - INFO - Found code_base: <app.utils.kg_build.knowledge.KnowledgeCodeBase object at 0x7f99453638d0>
2025-10-27 08:57:38,288 - Knowledge - INFO - process ingested knowledge for /app/data/tataelxsimcvaripplecode5379/718/b3129g6/Thunder-712/Source/extensions/localtracer/include/localtracer/localtracer.h
2025-10-27 08:57:38,486 - Knowledge - INFO - [FILE_READ] Completed: localtracer.h, Duration: 5ms, Size: 7430
2025-10-27 08:57:38,685 - Knowledge - INFO - Found code-base-name: https://github.com/kavia-common/Thunder-712.git:kavia-R4_4
2025-10-27 08:57:38,846 - Knowledge - INFO - Found code_base: <app.utils.kg_build.knowledge.KnowledgeCodeBase object at 0x7f99453638d0>
2025-10-27 08:57:39,029 - Knowledge - INFO - process ingested knowledge for /app/data/tataelxsimcvaripplecode5379/718/b3129g6/Thunder-712/Tests/unit/core/test_timer.cpp
2025-10-27 08:57:39,222 - Knowledge - INFO - [FILE_READ] Completed: test_timer.cpp, Duration: 5ms, Size: 4643
2025-10-27 08:57:39,435 - Knowledge - INFO - Found code-base-name: https://github.com/kavia-common/Thunder-712.git:kavia-R4_4
2025-10-27 08:57:39,632 - Knowledge - INFO - Found code_base: <app.utils.kg_build.knowledge.KnowledgeCodeBase object at 0x7f99453638d0>
2025-10-27 08:57:39,809 - Knowledge - INFO - process ingested knowledge for /app/data/tataelxsimcvaripplecode5379/718/b3129g6/Thunder-712/Source/com/Module.h
2025-10-27 08:57:40,026 - Knowledge - INFO - [FILE_READ] Completed: Module.h, Duration: 5ms, Size: 1033
2025-10-27 08:57:40,215 - Knowledge - INFO - Found code-base-name: https://github.com/kavia-common/Thunder-712.git:kavia-R4_4
2025-10-27 08:57:40,436 - Knowledge - INFO - Found code_base: <app.utils.kg_build.knowledge.KnowledgeCodeBase object at 0x7f99453638d0>
2025-10-27 08:57:40,631 - Knowledge - INFO - process ingested knowledge for /app/data/tataelxsimcvaripplecode5379/718/b3129g6/Thunder-712/cmake/config/formats/json/json_string_to_cmake.cmake
2025-10-27 08:57:40,851 - Knowledge - INFO - [FILE_READ] Completed: json_string_to_cmake.cmake, Duration: 5ms, Size: 943
2025-10-27 08:57:41,042 - Knowledge - INFO - Found code-base-name: https://github.com/kavia-common/Thunder-712.git:kavia-R4_4
2025-10-27 08:57:41,217 - Knowledge - INFO - Found code_base: <app.utils.kg_build.knowledge.KnowledgeCodeBase object at 0x7f99453638d0>
2025-10-27 08:57:41,386 - Knowledge - INFO - process ingested knowledge for /app/data/tataelxsimcvaripplecode5379/718/b3129g6/Thunder-712/Source/extensions/processcontainers/implementations/LXCImplementation/LXCImplementation.h
2025-10-27 08:57:41,568 - Knowledge - INFO - [FILE_READ] Completed: LXCImplementation.h, Duration: 5ms, Size: 5906
2025-10-27 08:57:41,740 - Knowledge - INFO - Found code-base-name: https://github.com/kavia-common/Thunder-712.git:kavia-R4_4
2025-10-27 08:57:41,898 - Knowledge - INFO - Found code_base: <app.utils.kg_build.knowledge.KnowledgeCodeBase object at 0x7f99453638d0>
2025-10-27 08:57:42,111 - Knowledge - INFO - process ingested knowledge for /app/data/tataelxsimcvaripplecode5379/718/b3129g6/Thunder-712/Source/WPEProcess/Process.cpp
2025-10-27 08:57:42,326 - Knowledge - INFO - [FILE_READ] Completed: Process.cpp, Duration: 6ms, Size: 22295
2025-10-27 08:57:42,485 - Knowledge - INFO - Found code-base-name: https://github.com/kavia-common/Thunder-712.git:kavia-R4_4
2025-10-27 08:57:42,672 - Knowledge - INFO - Found code_base: <app.utils.kg_build.knowledge.KnowledgeCodeBase object at 0x7f99453638d0>
2025-10-27 08:57:42,900 - Knowledge - INFO - process ingested knowledge for /app/data/tataelxsimcvaripplecode5379/718/b3129g6/Thunder-712/Source/plugins/Shell.cpp
2025-10-27 08:57:43,105 - Knowledge - INFO - [FILE_READ] Completed: Shell.cpp, Duration: 5ms, Size: 5507
2025-10-27 08:57:43,307 - Knowledge - INFO - Found code-base-name: https://github.com/kavia-common/Thunder-712.git:kavia-R4_4
2025-10-27 08:57:43,537 - Knowledge - INFO - Found code_base: <app.utils.kg_build.knowledge.KnowledgeCodeBase object at 0x7f99453638d0>
2025-10-27 08:57:43,771 - Knowledge - INFO - process ingested knowledge for /app/data/tataelxsimcvaripplecode5379/718/b3129g6/Thunder-712/cmake/config/events/event_handlers.cmake
2025-10-27 08:57:43,945 - Knowledge - INFO - [FILE_READ] Completed: event_handlers.cmake, Duration: 6ms, Size: 257
2025-10-27 08:57:44,147 - Knowledge - INFO - Found code-base-name: https://github.com/kavia-common/Thunder-712.git:kavia-R4_4
2025-10-27 08:57:44,316 - Knowledge - INFO - Found code_base: <app.utils.kg_build.knowledge.KnowledgeCodeBase object at 0x7f99453638d0>
2025-10-27 08:57:44,471 - Knowledge - INFO - process ingested knowledge for /app/data/tataelxsimcvaripplecode5379/718/b3129g6/Thunder-712/Tests/unit/core/test_weblinktext.cpp
2025-10-27 08:57:44,664 - Knowledge - INFO - [FILE_READ] Completed: test_weblinktext.cpp, Duration: 5ms, Size: 7017
2025-10-27 08:57:44,838 - Knowledge - INFO - Found code-base-name: https://github.com/kavia-common/Thunder-712.git:kavia-R4_4
2025-10-27 08:57:45,033 - Knowledge - INFO - Found code_base: <app.utils.kg_build.knowledge.KnowledgeCodeBase object at 0x7f99453638d0>
2025-10-27 08:57:45,200 - Knowledge - INFO - process ingested knowledge for /app/data/tataelxsimcvaripplecode5379/718/b3129g6/Thunder-712/Source/core/SharedBuffer.cpp
2025-10-27 08:57:45,433 - Knowledge - INFO - [FILE_READ] Completed: SharedBuffer.cpp, Duration: 6ms, Size: 6008
2025-10-27 08:57:45,596 - Knowledge - INFO - Found code-base-name: https://github.com/kavia-common/Thunder-712.git:kavia-R4_4
2025-10-27 08:57:45,808 - Knowledge - INFO - Found code_base: <app.utils.kg_build.knowledge.KnowledgeCodeBase object at 0x7f99453638d0>
2025-10-27 08:57:45,997 - Knowledge - INFO - process ingested knowledge for /app/data/tataelxsimcvaripplecode5379/718/b3129g6/Thunder-712/Source/extensions/warningreporting/Module.h
2025-10-27 08:57:46,202 - Knowledge - INFO - [FILE_READ] Completed: Module.h, Duration: 5ms, Size: 971
2025-10-27 08:57:46,386 - Knowledge - INFO - Found code-base-name: https://github.com/kavia-common/Thunder-712.git:kavia-R4_4
2025-10-27 08:57:46,592 - Knowledge - INFO - Found code_base: <app.utils.kg_build.knowledge.KnowledgeCodeBase object at 0x7f99453638d0>
2025-10-27 08:57:46,816 - Knowledge - INFO - process ingested knowledge for /app/data/tataelxsimcvaripplecode5379/718/b3129g6/Thunder-712/Source/extensions/processcontainers/implementations/AWCImplementation/AWCContainerBase.h
2025-10-27 08:57:47,010 - Knowledge - INFO - [FILE_READ] Completed: AWCContainerBase.h, Duration: 6ms, Size: 572
2025-10-27 08:57:47,198 - Knowledge - INFO - Found code-base-name: https://github.com/kavia-common/Thunder-712.git:kavia-R4_4
2025-10-27 08:57:47,398 - Knowledge - INFO - Found code_base: <app.utils.kg_build.knowledge.KnowledgeCodeBase object at 0x7f99453638d0>
2025-10-27 08:57:47,596 - Knowledge - INFO - process ingested knowledge for /app/data/tataelxsimcvaripplecode5379/718/b3129g6/Thunder-712/cmake/config/events/event.cmake
2025-10-27 08:57:47,803 - Knowledge - INFO - [FILE_READ] Completed: event.cmake, Duration: 5ms, Size: 408
2025-10-27 08:57:48,001 - Knowledge - INFO - Found code-base-name: https://github.com/kavia-common/Thunder-712.git:kavia-R4_4
2025-10-27 08:57:48,199 - Knowledge - INFO - Found code_base: <app.utils.kg_build.knowledge.KnowledgeCodeBase object at 0x7f99453638d0>
2025-10-27 08:57:48,365 - Knowledge - INFO - process ingested knowledge for /app/data/tataelxsimcvaripplecode5379/718/b3129g6/Thunder-712/Source/core/SystemInfo.cpp
2025-10-27 08:57:48,588 - Knowledge - INFO - [FILE_READ] Completed: SystemInfo.cpp, Duration: 6ms, Size: 16374
2025-10-27 08:57:48,781 - Knowledge - INFO - Found code-base-name: https://github.com/kavia-common/Thunder-712.git:kavia-R4_4
2025-10-27 08:57:48,992 - Knowledge - INFO - Found code_base: <app.utils.kg_build.knowledge.KnowledgeCodeBase object at 0x7f99453638d0>
2025-10-27 08:57:49,176 - Knowledge - INFO - process ingested knowledge for /app/data/tataelxsimcvaripplecode5379/718/b3129g6/Thunder-712/Source/core/Stream.h
2025-10-27 08:57:49,327 - Knowledge - INFO - [FILE_READ] Completed: Stream.h, Duration: 5ms, Size: 2659
2025-10-27 08:57:49,503 - Knowledge - INFO - Found code-base-name: https://github.com/kavia-common/Thunder-712.git:kavia-R4_4
2025-10-27 08:57:49,670 - Knowledge - INFO - Found code_base: <app.utils.kg_build.knowledge.KnowledgeCodeBase object at 0x7f99453638d0>
2025-10-27 08:57:49,844 - Knowledge - INFO - process ingested knowledge for /app/data/tataelxsimcvaripplecode5379/718/b3129g6/Thunder-712/cmake/config/map/dfs_callback.cmake
2025-10-27 08:57:50,039 - Knowledge - INFO - [FILE_READ] Completed: dfs_callback.cmake, Duration: 6ms, Size: 4453
2025-10-27 08:57:50,202 - Knowledge - INFO - Found code-base-name: https://github.com/kavia-common/Thunder-712.git:kavia-R4_4
2025-10-27 08:57:50,406 - Knowledge - INFO - Found code_base: <app.utils.kg_build.knowledge.KnowledgeCodeBase object at 0x7f99453638d0>
2025-10-27 08:57:50,615 - Knowledge - INFO - process ingested knowledge for /app/data/tataelxsimcvaripplecode5379/718/b3129g6/Thunder-712/cmake/config/string/string_take_address.cmake
2025-10-27 08:57:50,781 - Knowledge - INFO - [FILE_READ] Completed: string_take_address.cmake, Duration: 5ms, Size: 450
2025-10-27 08:57:50,991 - Knowledge - INFO - Found code-base-name: https://github.com/kavia-common/Thunder-712.git:kavia-R4_4
2025-10-27 08:57:51,190 - Knowledge - INFO - Found code_base: <app.utils.kg_build.knowledge.KnowledgeCodeBase object at 0x7f99453638d0>
2025-10-27 08:57:51,403 - Knowledge - INFO - process ingested knowledge for /app/data/tataelxsimcvaripplecode5379/718/b3129g6/Thunder-712/Source/websocket/windows/include/zlib.h
2025-10-27 08:57:51,612 - Knowledge - INFO - [FILE_READ] Completed: zlib.h, Duration: 6ms, Size: 85560
2025-10-27 08:57:51,805 - Knowledge - INFO - Found code-base-name: https://github.com/kavia-common/Thunder-712.git:kavia-R4_4
2025-10-27 08:57:52,009 - Knowledge - INFO - Found code_base: <app.utils.kg_build.knowledge.KnowledgeCodeBase object at 0x7f99453638d0>
2025-10-27 08:57:52,209 - Knowledge - INFO - process ingested knowledge for /app/data/tataelxsimcvaripplecode5379/718/b3129g6/Thunder-712/Source/core/CyclicBuffer.cpp
2025-10-27 08:57:52,373 - Knowledge - INFO - [FILE_READ] Completed: CyclicBuffer.cpp, Duration: 7ms, Size: 23466
2025-10-27 08:57:52,571 - Knowledge - INFO - Found code-base-name: https://github.com/kavia-common/Thunder-712.git:kavia-R4_4
2025-10-27 08:57:52,795 - Knowledge - INFO - Found code_base: <app.utils.kg_build.knowledge.KnowledgeCodeBase object at 0x7f99453638d0>
2025-10-27 08:57:52,973 - Knowledge - INFO - process ingested knowledge for /app/data/tataelxsimcvaripplecode5379/718/b3129g6/Thunder-712/Tests/unit/core/test_sharedbuffer.cpp
2025-10-27 08:57:53,205 - Knowledge - INFO - [FILE_READ] Completed: test_sharedbuffer.cpp, Duration: 5ms, Size: 6119
2025-10-27 08:57:53,420 - Knowledge - INFO - Found code-base-name: https://github.com/kavia-common/Thunder-712.git:kavia-R4_4
2025-10-27 08:57:53,635 - Knowledge - INFO - Found code_base: <app.utils.kg_build.knowledge.KnowledgeCodeBase object at 0x7f99453638d0>
2025-10-27 08:57:53,810 - Knowledge - INFO - process ingested knowledge for /app/data/tataelxsimcvaripplecode5379/718/b3129g6/Thunder-712/cmake/config/core/return/return_refs.cmake
2025-10-27 08:57:54,006 - Knowledge - INFO - [FILE_READ] Completed: return_refs.cmake, Duration: 4ms, Size: 204
2025-10-27 08:57:54,210 - Knowledge - INFO - Found code-base-name: https://github.com/kavia-common/Thunder-712.git:kavia-R4_4
2025-10-27 08:57:54,428 - Knowledge - INFO - Found code_base: <app.utils.kg_build.knowledge.KnowledgeCodeBase object at 0x7f99453638d0>
2025-10-27 08:57:54,614 - Knowledge - INFO - process ingested knowledge for /app/data/tataelxsimcvaripplecode5379/718/b3129g6/Thunder-712/Source/core/Synchronize.h
2025-10-27 08:57:54,803 - Knowledge - INFO - [FILE_READ] Completed: Synchronize.h, Duration: 12ms, Size: 3412
2025-10-27 08:57:55,012 - Knowledge - INFO - Found code-base-name: https://github.com/kavia-common/Thunder-712.git:kavia-R4_4
2025-10-27 08:57:55,169 - Knowledge - INFO - Found code_base: <app.utils.kg_build.knowledge.KnowledgeCodeBase object at 0x7f99453638d0>
2025-10-27 08:57:55,359 - Knowledge - INFO - process ingested knowledge for /app/data/tataelxsimcvaripplecode5379/718/b3129g6/Thunder-712/Tests/unit/core/test_websocketjson.cpp
2025-10-27 08:57:55,583 - Knowledge - INFO - [FILE_READ] Completed: test_websocketjson.cpp, Duration: 5ms, Size: 7592
2025-10-27 08:57:55,797 - Knowledge - INFO - Found code-base-name: https://github.com/kavia-common/Thunder-712.git:kavia-R4_4
2025-10-27 08:57:55,952 - Knowledge - INFO - Found code_base: <app.utils.kg_build.knowledge.KnowledgeCodeBase object at 0x7f99453638d0>
2025-10-27 08:57:56,126 - Knowledge - INFO - process ingested knowledge for /app/data/tataelxsimcvaripplecode5379/718/b3129g6/Thunder-712/Source/websocket/URL.cpp
2025-10-27 08:57:56,308 - Knowledge - INFO - [FILE_READ] Completed: URL.cpp, Duration: 6ms, Size: 13508
2025-10-27 08:57:56,469 - Knowledge - INFO - Found code-base-name: https://github.com/kavia-common/Thunder-712.git:kavia-R4_4
2025-10-27 08:57:56,658 - Knowledge - INFO - Found code_base: <app.utils.kg_build.knowledge.KnowledgeCodeBase object at 0x7f99453638d0>
2025-10-27 08:57:56,878 - Knowledge - INFO - process ingested knowledge for /app/data/tataelxsimcvaripplecode5379/718/b3129g6/Thunder-712/Source/messaging/DirectOutput.cpp
2025-10-27 08:57:57,046 - Knowledge - INFO - [FILE_READ] Completed: DirectOutput.cpp, Duration: 5ms, Size: 1637
2025-10-27 08:57:57,244 - Knowledge - INFO - Found code-base-name: https://github.com/kavia-common/Thunder-712.git:kavia-R4_4
2025-10-27 08:57:57,407 - Knowledge - INFO - Found code_base: <app.utils.kg_build.knowledge.KnowledgeCodeBase object at 0x7f99453638d0>
2025-10-27 08:57:57,609 - Knowledge - INFO - process ingested knowledge for /app/data/tataelxsimcvaripplecode5379/718/b3129g6/Thunder-712/Source/extensions/processcontainers/Module.cpp
2025-10-27 08:57:57,772 - Knowledge - INFO - [FILE_READ] Completed: Module.cpp, Duration: 6ms, Size: 779
2025-10-27 08:57:57,950 - Knowledge - INFO - Found code-base-name: https://github.com/kavia-common/Thunder-712.git:kavia-R4_4
2025-10-27 08:57:58,199 - Knowledge - INFO - Found code_base: <app.utils.kg_build.knowledge.KnowledgeCodeBase object at 0x7f99453638d0>
2025-10-27 08:57:58,391 - Knowledge - INFO - process ingested knowledge for /app/data/tataelxsimcvaripplecode5379/718/b3129g6/Thunder-712/cmake/config/map/operations/map_union.cmake
2025-10-27 08:57:58,640 - Knowledge - INFO - [FILE_READ] Completed: map_union.cmake, Duration: 5ms, Size: 604
2025-10-27 08:57:58,790 - Knowledge - INFO - Found code-base-name: https://github.com/kavia-common/Thunder-712.git:kavia-R4_4
2025-10-27 08:57:58,952 - Knowledge - INFO - Found code_base: <app.utils.kg_build.knowledge.KnowledgeCodeBase object at 0x7f99453638d0>
2025-10-27 08:57:59,144 - Knowledge - INFO - process ingested knowledge for /app/data/tataelxsimcvaripplecode5379/718/b3129g6/Thunder-712/Source/messaging/Logging.h
2025-10-27 08:57:59,348 - Knowledge - INFO - [FILE_READ] Completed: Logging.h, Duration: 5ms, Size: 5442
2025-10-27 08:57:59,551 - Knowledge - INFO - Found code-base-name: https://github.com/kavia-common/Thunder-712.git:kavia-R4_4
2025-10-27 08:57:59,751 - Knowledge - INFO - Found code_base: <app.utils.kg_build.knowledge.KnowledgeCodeBase object at 0x7f99453638d0>
2025-10-27 08:57:59,909 - Knowledge - INFO - process ingested knowledge for /app/data/tataelxsimcvaripplecode5379/718/b3129g6/Thunder-712/cmake/config/ref/address_set_new.cmake
2025-10-27 08:58:00,102 - Knowledge - INFO - [FILE_READ] Completed: address_set_new.cmake, Duration: 5ms, Size: 113
2025-10-27 08:58:00,282 - Knowledge - INFO - Found code-base-name: https://github.com/kavia-common/Thunder-712.git:kavia-R4_4
2025-10-27 08:58:00,493 - Knowledge - INFO - Found code_base: <app.utils.kg_build.knowledge.KnowledgeCodeBase object at 0x7f99453638d0>
2025-10-27 08:58:00,707 - Knowledge - INFO - process ingested knowledge for /app/data/tataelxsimcvaripplecode5379/718/b3129g6/Thunder-712/cmake/config/formats/json/json_tokenize.cmake
2025-10-27 08:58:00,919 - Knowledge - INFO - [FILE_READ] Completed: json_tokenize.cmake, Duration: 5ms, Size: 1113
2025-10-27 08:58:01,112 - Knowledge - INFO - Found code-base-name: https://github.com/kavia-common/Thunder-712.git:kavia-R4_4
2025-10-27 08:58:01,317 - Knowledge - INFO - Found code_base: <app.utils.kg_build.knowledge.KnowledgeCodeBase object at 0x7f99453638d0>
2025-10-27 08:58:01,496 - Knowledge - INFO - process ingested knowledge for /app/data/tataelxsimcvaripplecode5379/718/b3129g6/Thunder-712/Tests/unit/core/test_cyclicbuffer.cpp
2025-10-27 08:58:01,668 - Knowledge - INFO - [FILE_READ] Completed: test_cyclicbuffer.cpp, Duration: 10ms, Size: 71731
2025-10-27 08:58:01,839 - Knowledge - INFO - Found code-base-name: https://github.com/kavia-common/Thunder-712.git:kavia-R4_4
2025-10-27 08:58:02,021 - Knowledge - INFO - Found code_base: <app.utils.kg_build.knowledge.KnowledgeCodeBase object at 0x7f99453638d0>
2025-10-27 08:58:02,165 - Knowledge - INFO - process ingested knowledge for /app/data/tataelxsimcvaripplecode5379/718/b3129g6/Thunder-712/Tests/unit/core/test_systeminfo.cpp
2025-10-27 08:58:02,358 - Knowledge - INFO - [FILE_READ] Completed: test_systeminfo.cpp, Duration: 6ms, Size: 19784
2025-10-27 08:58:02,518 - Knowledge - INFO - Found code-base-name: https://github.com/kavia-common/Thunder-712.git:kavia-R4_4
2025-10-27 08:58:02,745 - Knowledge - INFO - Found code_base: <app.utils.kg_build.knowledge.KnowledgeCodeBase object at 0x7f99453638d0>
2025-10-27 08:58:02,951 - Knowledge - INFO - process ingested knowledge for /app/data/tataelxsimcvaripplecode5379/718/b3129g6/Thunder-712/Source/cryptalgo/SecureSocketPort.cpp
2025-10-27 08:58:03,138 - Knowledge - INFO - [FILE_READ] Completed: SecureSocketPort.cpp, Duration: 5ms, Size: 7814
2025-10-27 08:58:03,378 - Knowledge - INFO - Found code-base-name: https://github.com/kavia-common/Thunder-712.git:kavia-R4_4
2025-10-27 08:58:03,548 - Knowledge - INFO - Found code_base: <app.utils.kg_build.knowledge.KnowledgeCodeBase object at 0x7f99453638d0>
2025-10-27 08:58:03,761 - Knowledge - INFO - process ingested knowledge for /app/data/tataelxsimcvaripplecode5379/718/b3129g6/Thunder-712/Source/core/dllmain.cpp
2025-10-27 08:58:03,945 - Knowledge - INFO - [FILE_READ] Completed: dllmain.cpp, Duration: 5ms, Size: 1341
2025-10-27 08:58:04,186 - Knowledge - INFO - Found code-base-name: https://github.com/kavia-common/Thunder-712.git:kavia-R4_4
2025-10-27 08:58:04,395 - Knowledge - INFO - Found code_base: <app.utils.kg_build.knowledge.KnowledgeCodeBase object at 0x7f99453638d0>
2025-10-27 08:58:04,611 - Knowledge - INFO - process ingested knowledge for /app/data/tataelxsimcvaripplecode5379/718/b3129g6/Thunder-712/Source/core/WarningReportingControl.cpp
2025-10-27 08:58:04,827 - Knowledge - INFO - [FILE_READ] Completed: WarningReportingControl.cpp, Duration: 8ms, Size: 7038
2025-10-27 08:58:05,036 - Knowledge - INFO - Found code-base-name: https://github.com/kavia-common/Thunder-712.git:kavia-R4_4
2025-10-27 08:58:05,286 - Knowledge - INFO - Found code_base: <app.utils.kg_build.knowledge.KnowledgeCodeBase object at 0x7f99453638d0>
2025-10-27 08:58:05,520 - Knowledge - INFO - process ingested knowledge for /app/data/tataelxsimcvaripplecode5379/718/b3129g6/Thunder-712/Tests/httpsclient/Module.cpp
2025-10-27 08:58:05,760 - Knowledge - INFO - [FILE_READ] Completed: Module.cpp, Duration: 4ms, Size: 779
2025-10-27 08:58:05,963 - Knowledge - INFO - Found code-base-name: https://github.com/kavia-common/Thunder-712.git:kavia-R4_4
2025-10-27 08:58:06,177 - Knowledge - INFO - Found code_base: <app.utils.kg_build.knowledge.KnowledgeCodeBase object at 0x7f99453638d0>
2025-10-27 08:58:06,362 - Knowledge - INFO - process ingested knowledge for /app/data/tataelxsimcvaripplecode5379/718/b3129g6/Thunder-712/cmake/config/ref/address_peek_back.cmake
2025-10-27 08:58:06,547 - Knowledge - INFO - [FILE_READ] Completed: address_peek_back.cmake, Duration: 5ms, Size: 142
2025-10-27 08:58:06,732 - Knowledge - INFO - Found code-base-name: https://github.com/kavia-common/Thunder-712.git:kavia-R4_4
2025-10-27 08:58:06,927 - Knowledge - INFO - Found code_base: <app.utils.kg_build.knowledge.KnowledgeCodeBase object at 0x7f99453638d0>
2025-10-27 08:58:07,112 - Knowledge - INFO - process ingested knowledge for /app/data/tataelxsimcvaripplecode5379/718/b3129g6/Thunder-712/Source/messaging/TraceFactory.h
2025-10-27 08:58:07,279 - Knowledge - INFO - [FILE_READ] Completed: TraceFactory.h, Duration: 5ms, Size: 2114
2025-10-27 08:58:07,518 - Knowledge - INFO - Found code-base-name: https://github.com/kavia-common/Thunder-712.git:kavia-R4_4
2025-10-27 08:58:07,715 - Knowledge - INFO - Found code_base: <app.utils.kg_build.knowledge.KnowledgeCodeBase object at 0x7f99453638d0>
2025-10-27 08:58:07,898 - Knowledge - INFO - process ingested knowledge for /app/data/tataelxsimcvaripplecode5379/718/b3129g6/Thunder-712/Source/cryptalgo/HashStream.h
2025-10-27 08:58:08,059 - Knowledge - INFO - [FILE_READ] Completed: HashStream.h, Duration: 5ms, Size: 2354
2025-10-27 08:58:08,247 - Knowledge - INFO - Found code-base-name: https://github.com/kavia-common/Thunder-712.git:kavia-R4_4
2025-10-27 08:58:08,394 - Knowledge - INFO - Found code_base: <app.utils.kg_build.knowledge.KnowledgeCodeBase object at 0x7f99453638d0>
2025-10-27 08:58:08,582 - Knowledge - INFO - process ingested knowledge for /app/data/tataelxsimcvaripplecode5379/718/b3129g6/Thunder-712/Utils/PluginActivator/source/COMRPCStarter.h
2025-10-27 08:58:08,786 - Knowledge - INFO - [FILE_READ] Completed: COMRPCStarter.h, Duration: 5ms, Size: 1368
2025-10-27 08:58:08,998 - Knowledge - INFO - Found code-base-name: https://github.com/kavia-common/Thunder-712.git:kavia-R4_4
2025-10-27 08:58:09,187 - Knowledge - INFO - Found code_base: <app.utils.kg_build.knowledge.KnowledgeCodeBase object at 0x7f99453638d0>
2025-10-27 08:58:09,357 - Knowledge - INFO - process ingested knowledge for /app/data/tataelxsimcvaripplecode5379/718/b3129g6/Thunder-712/Tests/unit/core/test_frametype.cpp
2025-10-27 08:58:09,542 - Knowledge - INFO - [FILE_READ] Completed: test_frametype.cpp, Duration: 5ms, Size: 2040
2025-10-27 08:58:09,706 - Knowledge - INFO - Found code-base-name: https://github.com/kavia-common/Thunder-712.git:kavia-R4_4
2025-10-27 08:58:09,942 - Knowledge - INFO - Found code_base: <app.utils.kg_build.knowledge.KnowledgeCodeBase object at 0x7f99453638d0>
2025-10-27 08:58:10,127 - Knowledge - INFO - process ingested knowledge for /app/data/tataelxsimcvaripplecode5379/718/b3129g6/Thunder-712/Tests/unit/core/test_iso639.cpp
2025-10-27 08:58:10,323 - Knowledge - INFO - [FILE_READ] Completed: test_iso639.cpp, Duration: 5ms, Size: 1251
2025-10-27 08:58:10,524 - Knowledge - INFO - Found code-base-name: https://github.com/kavia-common/Thunder-712.git:kavia-R4_4
2025-10-27 08:58:10,714 - Knowledge - INFO - Found code_base: <app.utils.kg_build.knowledge.KnowledgeCodeBase object at 0x7f99453638d0>
2025-10-27 08:58:10,901 - Knowledge - INFO - process ingested knowledge for /app/data/tataelxsimcvaripplecode5379/718/b3129g6/Thunder-712/cmake/config/map/core/map_get.cmake
2025-10-27 08:58:11,143 - Knowledge - INFO - [FILE_READ] Completed: map_get.cmake, Duration: 5ms, Size: 997
2025-10-27 08:58:11,307 - Knowledge - INFO - Found code-base-name: https://github.com/kavia-common/Thunder-712.git:kavia-R4_4
2025-10-27 08:58:11,474 - Knowledge - INFO - Found code_base: <app.utils.kg_build.knowledge.KnowledgeCodeBase object at 0x7f99453638d0>
2025-10-27 08:58:11,647 - Knowledge - INFO - process ingested knowledge for /app/data/tataelxsimcvaripplecode5379/718/b3129g6/Thunder-712/Source/plugins/JSONRPC.h
2025-10-27 08:58:11,814 - Knowledge - INFO - [FILE_READ] Completed: JSONRPC.h, Duration: 6ms, Size: 37292
2025-10-27 08:58:11,974 - Knowledge - INFO - Found code-base-name: https://github.com/kavia-common/Thunder-712.git:kavia-R4_4
2025-10-27 08:58:12,205 - Knowledge - INFO - Found code_base: <app.utils.kg_build.knowledge.KnowledgeCodeBase object at 0x7f99453638d0>
2025-10-27 08:58:12,395 - Knowledge - INFO - process ingested knowledge for /app/data/tataelxsimcvaripplecode5379/718/b3129g6/Thunder-712/Source/cryptalgo/Random.cpp
2025-10-27 08:58:12,620 - Knowledge - INFO - [FILE_READ] Completed: Random.cpp, Duration: 5ms, Size: 7576
2025-10-27 08:58:12,788 - Knowledge - INFO - Found code-base-name: https://github.com/kavia-common/Thunder-712.git:kavia-R4_4
2025-10-27 08:58:12,968 - Knowledge - INFO - Found code_base: <app.utils.kg_build.knowledge.KnowledgeCodeBase object at 0x7f99453638d0>
2025-10-27 08:58:13,163 - Knowledge - INFO - process ingested knowledge for /app/data/tataelxsimcvaripplecode5379/718/b3129g6/Thunder-712/cmake/config/formats/json/README.md
2025-10-27 08:58:13,351 - Knowledge - INFO - [FILE_READ] Completed: README.md, Duration: 5ms, Size: 3230
2025-10-27 08:58:13,551 - Knowledge - INFO - Found code-base-name: https://github.com/kavia-common/Thunder-712.git:kavia-R4_4
2025-10-27 08:58:13,765 - Knowledge - INFO - Found code_base: <app.utils.kg_build.knowledge.KnowledgeCodeBase object at 0x7f99453638d0>
2025-10-27 08:58:13,939 - Knowledge - INFO - process ingested knowledge for /app/data/tataelxsimcvaripplecode5379/718/b3129g6/Thunder-712/Tests/unit/core/test_stopwatch.cpp
2025-10-27 08:58:14,154 - Knowledge - INFO - [FILE_READ] Completed: test_stopwatch.cpp, Duration: 7ms, Size: 3427
2025-10-27 08:58:14,350 - Knowledge - INFO - Found code-base-name: https://github.com/kavia-common/Thunder-712.git:kavia-R4_4
2025-10-27 08:58:14,526 - Knowledge - INFO - Found code_base: <app.utils.kg_build.knowledge.KnowledgeCodeBase object at 0x7f99453638d0>
2025-10-27 08:58:14,709 - Knowledge - INFO - process ingested knowledge for /app/data/tataelxsimcvaripplecode5379/718/b3129g6/Thunder-712/Source/core/CMakeLists.txt
2025-10-27 08:58:14,879 - Knowledge - INFO - [FILE_READ] Completed: CMakeLists.txt, Duration: 6ms, Size: 8146
2025-10-27 08:58:15,037 - Knowledge - INFO - Found code-base-name: https://github.com/kavia-common/Thunder-712.git:kavia-R4_4
2025-10-27 08:58:15,271 - Knowledge - INFO - Found code_base: <app.utils.kg_build.knowledge.KnowledgeCodeBase object at 0x7f99453638d0>
2025-10-27 08:58:15,455 - Knowledge - INFO - process ingested knowledge for /app/data/tataelxsimcvaripplecode5379/718/b3129g6/Thunder-712/Tests/unit/core/test_parser.cpp
2025-10-27 08:58:15,663 - Knowledge - INFO - [FILE_READ] Completed: test_parser.cpp, Duration: 5ms, Size: 2704
2025-10-27 08:58:15,823 - Knowledge - INFO - Found code-base-name: https://github.com/kavia-common/Thunder-712.git:kavia-R4_4
2025-10-27 08:58:15,989 - Knowledge - INFO - Found code_base: <app.utils.kg_build.knowledge.KnowledgeCodeBase object at 0x7f99453638d0>
2025-10-27 08:58:16,206 - Knowledge - INFO - process ingested knowledge for /app/data/tataelxsimcvaripplecode5379/718/b3129g6/Thunder-712/Source/core/Thread.h
2025-10-27 08:58:16,424 - Knowledge - INFO - [FILE_READ] Completed: Thread.h, Duration: 6ms, Size: 7816
2025-10-27 08:58:16,575 - Knowledge - INFO - Found code-base-name: https://github.com/kavia-common/Thunder-712.git:kavia-R4_4
2025-10-27 08:58:16,734 - Knowledge - INFO - Found code_base: <app.utils.kg_build.knowledge.KnowledgeCodeBase object at 0x7f99453638d0>
2025-10-27 08:58:16,920 - Knowledge - INFO - process ingested knowledge for /app/data/tataelxsimcvaripplecode5379/718/b3129g6/Thunder-712/Source/WPEProcess/Module.h
2025-10-27 08:58:17,119 - Knowledge - INFO - [FILE_READ] Completed: Module.h, Duration: 5ms, Size: 860
2025-10-27 08:58:17,361 - Knowledge - INFO - Found code-base-name: https://github.com/kavia-common/Thunder-712.git:kavia-R4_4
2025-10-27 08:58:17,531 - Knowledge - INFO - Found code_base: <app.utils.kg_build.knowledge.KnowledgeCodeBase object at 0x7f99453638d0>
2025-10-27 08:58:17,694 - Knowledge - INFO - process ingested knowledge for /app/data/tataelxsimcvaripplecode5379/718/b3129g6/Thunder-712/Source/core/Factory.h
2025-10-27 08:58:17,898 - Knowledge - INFO - [FILE_READ] Completed: Factory.h, Duration: 5ms, Size: 7364
2025-10-27 08:58:18,065 - Knowledge - INFO - Found code-base-name: https://github.com/kavia-common/Thunder-712.git:kavia-R4_4
2025-10-27 08:58:18,257 - Knowledge - INFO - Found code_base: <app.utils.kg_build.knowledge.KnowledgeCodeBase object at 0x7f99453638d0>
2025-10-27 08:58:18,433 - Knowledge - INFO - process ingested knowledge for /app/data/tataelxsimcvaripplecode5379/718/b3129g6/Thunder-712/Source/core/Sync.cpp
2025-10-27 08:58:18,633 - Knowledge - INFO - [FILE_READ] Completed: Sync.cpp, Duration: 6ms, Size: 34932
2025-10-27 08:58:18,824 - Knowledge - INFO - Found code-base-name: https://github.com/kavia-common/Thunder-712.git:kavia-R4_4
2025-10-27 08:58:19,037 - Knowledge - INFO - Found code_base: <app.utils.kg_build.knowledge.KnowledgeCodeBase object at 0x7f99453638d0>
2025-10-27 08:58:19,233 - Knowledge - INFO - process ingested knowledge for /app/data/tataelxsimcvaripplecode5379/718/b3129g6/Thunder-712/cmake/modules/FindDBus.cmake
2025-10-27 08:58:19,438 - Knowledge - INFO - [FILE_READ] Completed: FindDBus.cmake, Duration: 5ms, Size: 1468
2025-10-27 08:58:19,671 - Knowledge - INFO - Found code-base-name: https://github.com/kavia-common/Thunder-712.git:kavia-R4_4
2025-10-27 08:58:19,836 - Knowledge - INFO - Found code_base: <app.utils.kg_build.knowledge.KnowledgeCodeBase object at 0x7f99453638d0>
2025-10-27 08:58:20,082 - Knowledge - INFO - process ingested knowledge for /app/data/tataelxsimcvaripplecode5379/718/b3129g6/Thunder-712/Source/plugins/SubSystem.h
2025-10-27 08:58:20,296 - Knowledge - INFO - [FILE_READ] Completed: SubSystem.h, Duration: 5ms, Size: 864
2025-10-27 08:58:20,488 - Knowledge - INFO - Found code-base-name: https://github.com/kavia-common/Thunder-712.git:kavia-R4_4
2025-10-27 08:58:20,660 - Knowledge - INFO - Found code_base: <app.utils.kg_build.knowledge.KnowledgeCodeBase object at 0x7f99453638d0>
2025-10-27 08:58:20,861 - Knowledge - INFO - process ingested knowledge for /app/data/tataelxsimcvaripplecode5379/718/b3129g6/Thunder-712/Tests/loader/CMakeLists.txt
2025-10-27 08:58:21,058 - Knowledge - INFO - [FILE_READ] Completed: CMakeLists.txt, Duration: 5ms, Size: 1110
2025-10-27 08:58:21,272 - Knowledge - INFO - Found code-base-name: https://github.com/kavia-common/Thunder-712.git:kavia-R4_4
2025-10-27 08:58:21,476 - Knowledge - INFO - Found code_base: <app.utils.kg_build.knowledge.KnowledgeCodeBase object at 0x7f99453638d0>
2025-10-27 08:58:21,643 - Knowledge - INFO - process ingested knowledge for /app/data/tataelxsimcvaripplecode5379/718/b3129g6/Thunder-712/Source/core/ISO639.cpp
2025-10-27 08:58:21,841 - Knowledge - INFO - [FILE_READ] Completed: ISO639.cpp, Duration: 6ms, Size: 28844
2025-10-27 08:58:22,008 - Knowledge - INFO - Found code-base-name: https://github.com/kavia-common/Thunder-712.git:kavia-R4_4
2025-10-27 08:58:22,208 - Knowledge - INFO - Found code_base: <app.utils.kg_build.knowledge.KnowledgeCodeBase object at 0x7f99453638d0>
2025-10-27 08:58:22,415 - Knowledge - INFO - process ingested knowledge for /app/data/tataelxsimcvaripplecode5379/718/b3129g6/Thunder-712/cmake/config/map/helpers/map_property_length.cmake
2025-10-27 08:58:22,639 - Knowledge - INFO - [FILE_READ] Completed: map_property_length.cmake, Duration: 5ms, Size: 582
2025-10-27 08:58:22,832 - Knowledge - INFO - Found code-base-name: https://github.com/kavia-common/Thunder-712.git:kavia-R4_4
2025-10-27 08:58:23,015 - Knowledge - INFO - Found code_base: <app.utils.kg_build.knowledge.KnowledgeCodeBase object at 0x7f99453638d0>
2025-10-27 08:58:23,222 - Knowledge - INFO - process ingested knowledge for /app/data/tataelxsimcvaripplecode5379/718/b3129g6/Thunder-712/Source/WPEFramework/ExampleConfigWindows.json
2025-10-27 08:58:23,428 - Knowledge - INFO - [FILE_READ] Completed: ExampleConfigWindows.json, Duration: 6ms, Size: 15493
2025-10-27 08:58:23,629 - Knowledge - INFO - Found code-base-name: https://github.com/kavia-common/Thunder-712.git:kavia-R4_4
2025-10-27 08:58:23,825 - Knowledge - INFO - Found code_base: <app.utils.kg_build.knowledge.KnowledgeCodeBase object at 0x7f99453638d0>
2025-10-27 08:58:24,036 - Knowledge - INFO - process ingested knowledge for /app/data/tataelxsimcvaripplecode5379/718/b3129g6/Thunder-712/Source/core/TextReader.h
2025-10-27 08:58:24,234 - Knowledge - INFO - [FILE_READ] Completed: TextReader.h, Duration: 5ms, Size: 2078
2025-10-27 08:58:24,433 - Knowledge - INFO - Found code-base-name: https://github.com/kavia-common/Thunder-712.git:kavia-R4_4
2025-10-27 08:58:24,601 - Knowledge - INFO - Found code_base: <app.utils.kg_build.knowledge.KnowledgeCodeBase object at 0x7f99453638d0>
2025-10-27 08:58:24,781 - Knowledge - INFO - process ingested knowledge for /app/data/tataelxsimcvaripplecode5379/718/b3129g6/Thunder-712/cmake/config/ref/address_type_get.cmake
2025-10-27 08:58:25,031 - Knowledge - INFO - [FILE_READ] Completed: address_type_get.cmake, Duration: 5ms, Size: 176
2025-10-27 08:58:25,215 - Knowledge - INFO - Found code-base-name: https://github.com/kavia-common/Thunder-712.git:kavia-R4_4
2025-10-27 08:58:25,394 - Knowledge - INFO - Found code_base: <app.utils.kg_build.knowledge.KnowledgeCodeBase object at 0x7f99453638d0>
2025-10-27 08:58:25,569 - Knowledge - INFO - process ingested knowledge for /app/data/tataelxsimcvaripplecode5379/718/b3129g6/Thunder-712/cmake/config/formats/json/json4.cmake
2025-10-27 08:58:25,764 - Knowledge - INFO - [FILE_READ] Completed: json4.cmake, Duration: 7ms, Size: 3165
2025-10-27 08:58:25,963 - Knowledge - INFO - Found code-base-name: https://github.com/kavia-common/Thunder-712.git:kavia-R4_4
2025-10-27 08:58:26,179 - Knowledge - INFO - Found code_base: <app.utils.kg_build.knowledge.KnowledgeCodeBase object at 0x7f99453638d0>
2025-10-27 08:58:26,365 - Knowledge - INFO - process ingested knowledge for /app/data/tataelxsimcvaripplecode5379/718/b3129g6/Thunder-712/Source/websocket/WebTransform.h
2025-10-27 08:58:26,585 - Knowledge - INFO - [FILE_READ] Completed: WebTransform.h, Duration: 5ms, Size: 1127
2025-10-27 08:58:26,767 - Knowledge - INFO - Found code-base-name: https://github.com/kavia-common/Thunder-712.git:kavia-R4_4
2025-10-27 08:58:26,978 - Knowledge - INFO - Found code_base: <app.utils.kg_build.knowledge.KnowledgeCodeBase object at 0x7f99453638d0>
2025-10-27 08:58:27,173 - Knowledge - INFO - process ingested knowledge for /app/data/tataelxsimcvaripplecode5379/718/b3129g6/Thunder-712/Source/core/FileObserver.h
2025-10-27 08:58:27,357 - Knowledge - INFO - [FILE_READ] Completed: FileObserver.h, Duration: 6ms, Size: 16411
2025-10-27 08:58:27,560 - Knowledge - INFO - Found code-base-name: https://github.com/kavia-common/Thunder-712.git:kavia-R4_4
2025-10-27 08:58:27,803 - Knowledge - INFO - Found code_base: <app.utils.kg_build.knowledge.KnowledgeCodeBase object at 0x7f99453638d0>
2025-10-27 08:58:28,040 - Knowledge - INFO - process ingested knowledge for /app/data/tataelxsimcvaripplecode5379/718/b3129g6/Thunder-712/cmake/config/map/helpers/map_promote.cmake
2025-10-27 08:58:28,246 - Knowledge - INFO - [FILE_READ] Completed: map_promote.cmake, Duration: 5ms, Size: 382
2025-10-27 08:58:28,443 - Knowledge - INFO - Found code-base-name: https://github.com/kavia-common/Thunder-712.git:kavia-R4_4
2025-10-27 08:58:28,646 - Knowledge - INFO - Found code_base: <app.utils.kg_build.knowledge.KnowledgeCodeBase object at 0x7f99453638d0>
2025-10-27 08:58:28,811 - Knowledge - INFO - process ingested knowledge for /app/data/tataelxsimcvaripplecode5379/718/b3129g6/Thunder-712/cmake/config/map/core/map_get_special.cmake
2025-10-27 08:58:29,006 - Knowledge - INFO - [FILE_READ] Completed: map_get_special.cmake, Duration: 5ms, Size: 368
2025-10-27 08:58:29,229 - Knowledge - INFO - Found code-base-name: https://github.com/kavia-common/Thunder-712.git:kavia-R4_4
2025-10-27 08:58:29,435 - Knowledge - INFO - Found code_base: <app.utils.kg_build.knowledge.KnowledgeCodeBase object at 0x7f99453638d0>
2025-10-27 08:58:29,668 - Knowledge - INFO - process ingested knowledge for /app/data/tataelxsimcvaripplecode5379/718/b3129g6/Thunder-712/Source/core/RequestResponse.h
2025-10-27 08:58:29,864 - Knowledge - INFO - [FILE_READ] Completed: RequestResponse.h, Duration: 6ms, Size: 2322
2025-10-27 08:58:30,034 - Knowledge - INFO - Found code-base-name: https://github.com/kavia-common/Thunder-712.git:kavia-R4_4
2025-10-27 08:58:30,225 - Knowledge - INFO - Found code_base: <app.utils.kg_build.knowledge.KnowledgeCodeBase object at 0x7f99453638d0>
2025-10-27 08:58:30,446 - Knowledge - INFO - process ingested knowledge for /app/data/tataelxsimcvaripplecode5379/718/b3129g6/Thunder-712/Source/core/Parser.cpp
2025-10-27 08:58:30,675 - Knowledge - INFO - [FILE_READ] Completed: Parser.cpp, Duration: 5ms, Size: 2700
2025-10-27 08:58:30,878 - Knowledge - INFO - Found code-base-name: https://github.com/kavia-common/Thunder-712.git:kavia-R4_4
2025-10-27 08:58:31,099 - Knowledge - INFO - Found code_base: <app.utils.kg_build.knowledge.KnowledgeCodeBase object at 0x7f99453638d0>
2025-10-27 08:58:31,318 - Knowledge - INFO - process ingested knowledge for /app/data/tataelxsimcvaripplecode5379/718/b3129g6/Thunder-712/CMakeLists.txt
2025-10-27 08:58:31,546 - Knowledge - INFO - [FILE_READ] Completed: CMakeLists.txt, Duration: 5ms, Size: 5336
2025-10-27 08:58:31,729 - Knowledge - INFO - Found code-base-name: https://github.com/kavia-common/Thunder-712.git:kavia-R4_4
2025-10-27 08:58:31,946 - Knowledge - INFO - Found code_base: <app.utils.kg_build.knowledge.KnowledgeCodeBase object at 0x7f99453638d0>
2025-10-27 08:58:32,105 - Knowledge - INFO - process ingested knowledge for /app/data/tataelxsimcvaripplecode5379/718/b3129g6/Thunder-712/Tests/unit/core/test_queue.cpp
2025-10-27 08:58:32,349 - Knowledge - INFO - [FILE_READ] Completed: test_queue.cpp, Duration: 5ms, Size: 1233
2025-10-27 08:58:32,518 - Knowledge - INFO - Found code-base-name: https://github.com/kavia-common/Thunder-712.git:kavia-R4_4
2025-10-27 08:58:32,678 - Knowledge - INFO - Found code_base: <app.utils.kg_build.knowledge.KnowledgeCodeBase object at 0x7f99453638d0>
2025-10-27 08:58:32,869 - Knowledge - INFO - process ingested knowledge for /app/data/tataelxsimcvaripplecode5379/718/b3129g6/Thunder-712/cmake/config/string/string_codes.cmake
2025-10-27 08:58:33,103 - Knowledge - INFO - [FILE_READ] Completed: string_codes.cmake, Duration: 6ms, Size: 1119
2025-10-27 08:58:33,307 - Knowledge - INFO - Found code-base-name: https://github.com/kavia-common/Thunder-712.git:kavia-R4_4
2025-10-27 08:58:33,502 - Knowledge - INFO - Found code_base: <app.utils.kg_build.knowledge.KnowledgeCodeBase object at 0x7f99453638d0>
2025-10-27 08:58:33,678 - Knowledge - INFO - process ingested knowledge for /app/data/tataelxsimcvaripplecode5379/718/b3129g6/Thunder-712/cmake/common/CodeCoverage.cmake
2025-10-27 08:58:33,923 - Knowledge - INFO - [FILE_READ] Completed: CodeCoverage.cmake, Duration: 6ms, Size: 18227
2025-10-27 08:58:34,176 - Knowledge - INFO - Found code-base-name: https://github.com/kavia-common/Thunder-712.git:kavia-R4_4
2025-10-27 08:58:34,389 - Knowledge - INFO - Found code_base: <app.utils.kg_build.knowledge.KnowledgeCodeBase object at 0x7f99453638d0>
2025-10-27 08:58:34,603 - Knowledge - INFO - process ingested knowledge for /app/data/tataelxsimcvaripplecode5379/718/b3129g6/Thunder-712/Source/cryptalgo/Hash.h
2025-10-27 08:58:34,789 - Knowledge - INFO - [FILE_READ] Completed: Hash.h, Duration: 5ms, Size: 14186
2025-10-27 08:58:34,984 - Knowledge - INFO - Found code-base-name: https://github.com/kavia-common/Thunder-712.git:kavia-R4_4
2025-10-27 08:58:35,188 - Knowledge - INFO - Found code_base: <app.utils.kg_build.knowledge.KnowledgeCodeBase object at 0x7f99453638d0>
2025-10-27 08:58:35,407 - Knowledge - INFO - process ingested knowledge for /app/data/tataelxsimcvaripplecode5379/718/b3129g6/Thunder-712/Tests/unit/core/test_statetrigger.cpp
2025-10-27 08:58:35,612 - Knowledge - INFO - [FILE_READ] Completed: test_statetrigger.cpp, Duration: 5ms, Size: 2026
2025-10-27 08:58:35,764 - Knowledge - INFO - Found code-base-name: https://github.com/kavia-common/Thunder-712.git:kavia-R4_4
2025-10-27 08:58:35,952 - Knowledge - INFO - Found code_base: <app.utils.kg_build.knowledge.KnowledgeCodeBase object at 0x7f99453638d0>
2025-10-27 08:58:36,135 - Knowledge - INFO - process ingested knowledge for /app/data/tataelxsimcvaripplecode5379/718/b3129g6/Thunder-712/Tests/unit/core/test_rectangle.cpp
2025-10-27 08:58:36,300 - Knowledge - INFO - [FILE_READ] Completed: test_rectangle.cpp, Duration: 5ms, Size: 1432
2025-10-27 08:58:36,486 - Knowledge - INFO - Found code-base-name: https://github.com/kavia-common/Thunder-712.git:kavia-R4_4
2025-10-27 08:58:36,657 - Knowledge - INFO - Found code_base: <app.utils.kg_build.knowledge.KnowledgeCodeBase object at 0x7f99453638d0>
2025-10-27 08:58:36,853 - Knowledge - INFO - process ingested knowledge for /app/data/tataelxsimcvaripplecode5379/718/b3129g6/Thunder-712/cmake/config/formats/json/json_print.cmake
2025-10-27 08:58:37,049 - Knowledge - INFO - [FILE_READ] Completed: json_print.cmake, Duration: 8ms, Size: 91
2025-10-27 08:58:37,282 - Knowledge - INFO - Found code-base-name: https://github.com/kavia-common/Thunder-712.git:kavia-R4_4
2025-10-27 08:58:37,447 - Knowledge - INFO - Found code_base: <app.utils.kg_build.knowledge.KnowledgeCodeBase object at 0x7f99453638d0>
2025-10-27 08:58:37,617 - Knowledge - INFO - process ingested knowledge for /app/data/tataelxsimcvaripplecode5379/718/b3129g6/Thunder-712/cmake/modules/FindLibGio.cmake
2025-10-27 08:58:37,881 - Knowledge - INFO - [FILE_READ] Completed: FindLibGio.cmake, Duration: 6ms, Size: 3381
2025-10-27 08:58:38,082 - Knowledge - INFO - Found code-base-name: https://github.com/kavia-common/Thunder-712.git:kavia-R4_4
2025-10-27 08:58:38,288 - Knowledge - INFO - Found code_base: <app.utils.kg_build.knowledge.KnowledgeCodeBase object at 0x7f99453638d0>
2025-10-27 08:58:38,445 - Knowledge - INFO - process ingested knowledge for /app/data/tataelxsimcvaripplecode5379/718/b3129g6/Thunder-712/cmake/config/filesystem/fwrite_temp.cmake
2025-10-27 08:58:38,609 - Knowledge - INFO - [FILE_READ] Completed: fwrite_temp.cmake, Duration: 6ms, Size: 410
2025-10-27 08:58:38,829 - Knowledge - INFO - Found code-base-name: https://github.com/kavia-common/Thunder-712.git:kavia-R4_4
2025-10-27 08:58:39,039 - Knowledge - INFO - Found code_base: <app.utils.kg_build.knowledge.KnowledgeCodeBase object at 0x7f99453638d0>
2025-10-27 08:58:39,223 - Knowledge - INFO - process ingested knowledge for /app/data/tataelxsimcvaripplecode5379/718/b3129g6/Thunder-712/Tests/unit/core/test_rpc.cpp
2025-10-27 08:58:39,385 - Knowledge - INFO - [FILE_READ] Completed: test_rpc.cpp, Duration: 6ms, Size: 9687
2025-10-27 08:58:39,577 - Knowledge - INFO - Found code-base-name: https://github.com/kavia-common/Thunder-712.git:kavia-R4_4
2025-10-27 08:58:39,784 - Knowledge - INFO - Found code_base: <app.utils.kg_build.knowledge.KnowledgeCodeBase object at 0x7f99453638d0>
2025-10-27 08:58:39,992 - Knowledge - INFO - process ingested knowledge for /app/data/tataelxsimcvaripplecode5379/718/b3129g6/Thunder-712/Source/core/SocketServer.h
2025-10-27 08:58:40,162 - Knowledge - INFO - [FILE_READ] Completed: SocketServer.h, Duration: 8ms, Size: 13802
2025-10-27 08:58:40,357 - Knowledge - INFO - Found code-base-name: https://github.com/kavia-common/Thunder-712.git:kavia-R4_4
2025-10-27 08:58:40,562 - Knowledge - INFO - Found code_base: <app.utils.kg_build.knowledge.KnowledgeCodeBase object at 0x7f99453638d0>
2025-10-27 08:58:40,794 - Knowledge - INFO - process ingested knowledge for /app/data/tataelxsimcvaripplecode5379/718/b3129g6/Thunder-712/cmake/config/map/dfs.cmake
2025-10-27 08:58:41,013 - Knowledge - INFO - [FILE_READ] Completed: dfs.cmake, Duration: 5ms, Size: 339
2025-10-27 08:58:41,188 - Knowledge - INFO - Found code-base-name: https://github.com/kavia-common/Thunder-712.git:kavia-R4_4
2025-10-27 08:58:41,416 - Knowledge - INFO - Found code_base: <app.utils.kg_build.knowledge.KnowledgeCodeBase object at 0x7f99453638d0>
2025-10-27 08:58:41,609 - Knowledge - INFO - process ingested knowledge for /app/data/tataelxsimcvaripplecode5379/718/b3129g6/Thunder-712/Source/core/FileSystem.cpp
2025-10-27 08:58:41,787 - Knowledge - INFO - [FILE_READ] Completed: FileSystem.cpp, Duration: 6ms, Size: 17428
2025-10-27 08:58:41,971 - Knowledge - INFO - Found code-base-name: https://github.com/kavia-common/Thunder-712.git:kavia-R4_4
2025-10-27 08:58:42,174 - Knowledge - INFO - Found code_base: <app.utils.kg_build.knowledge.KnowledgeCodeBase object at 0x7f99453638d0>
2025-10-27 08:58:42,354 - Knowledge - INFO - process ingested knowledge for /app/data/tataelxsimcvaripplecode5379/718/b3129g6/Thunder-712/docs/introduction/config.md
2025-10-27 08:58:42,524 - Knowledge - INFO - [FILE_READ] Completed: config.md, Duration: 6ms, Size: 13626
2025-10-27 08:58:42,729 - Knowledge - INFO - Found code-base-name: https://github.com/kavia-common/Thunder-712.git:kavia-R4_4
2025-10-27 08:58:42,916 - Knowledge - INFO - Found code_base: <app.utils.kg_build.knowledge.KnowledgeCodeBase object at 0x7f99453638d0>
2025-10-27 08:58:43,130 - Knowledge - INFO - process ingested knowledge for /app/data/tataelxsimcvaripplecode5379/718/b3129g6/Thunder-712/Source/WPEFramework/Controller.cpp
2025-10-27 08:58:43,355 - Knowledge - INFO - [FILE_READ] Completed: Controller.cpp, Duration: 7ms, Size: 46289
2025-10-27 08:58:43,577 - Knowledge - INFO - Found code-base-name: https://github.com/kavia-common/Thunder-712.git:kavia-R4_4
2025-10-27 08:58:43,764 - Knowledge - INFO - Found code_base: <app.utils.kg_build.knowledge.KnowledgeCodeBase object at 0x7f99453638d0>
2025-10-27 08:58:43,932 - Knowledge - INFO - process ingested knowledge for /app/data/tataelxsimcvaripplecode5379/718/b3129g6/Thunder-712/Source/core/ResourceMonitor.h
2025-10-27 08:58:44,099 - Knowledge - INFO - [FILE_READ] Completed: ResourceMonitor.h, Duration: 10ms, Size: 17859
2025-10-27 08:58:44,296 - Knowledge - INFO - Found code-base-name: https://github.com/kavia-common/Thunder-712.git:kavia-R4_4
2025-10-27 08:58:44,501 - Knowledge - INFO - Found code_base: <app.utils.kg_build.knowledge.KnowledgeCodeBase object at 0x7f99453638d0>
2025-10-27 08:58:44,708 - Knowledge - INFO - process ingested knowledge for /app/data/tataelxsimcvaripplecode5379/718/b3129g6/Thunder-712/Tests/unit/core/test_library.cpp
2025-10-27 08:58:44,952 - Knowledge - INFO - [FILE_READ] Completed: test_library.cpp, Duration: 5ms, Size: 1606
2025-10-27 08:58:45,154 - Knowledge - INFO - Found code-base-name: https://github.com/kavia-common/Thunder-712.git:kavia-R4_4
2025-10-27 08:58:45,341 - Knowledge - INFO - Found code_base: <app.utils.kg_build.knowledge.KnowledgeCodeBase object at 0x7f99453638d0>
2025-10-27 08:58:45,527 - Knowledge - INFO - process ingested knowledge for /app/data/tataelxsimcvaripplecode5379/718/b3129g6/Thunder-712/Source/com/IStringIterator.h
2025-10-27 08:58:45,745 - Knowledge - INFO - [FILE_READ] Completed: IStringIterator.h, Duration: 7ms, Size: 962
2025-10-27 08:58:45,956 - Knowledge - INFO - Found code-base-name: https://github.com/kavia-common/Thunder-712.git:kavia-R4_4
2025-10-27 08:58:46,180 - Knowledge - INFO - Found code_base: <app.utils.kg_build.knowledge.KnowledgeCodeBase object at 0x7f99453638d0>
2025-10-27 08:58:46,398 - Knowledge - INFO - process ingested knowledge for /app/data/tataelxsimcvaripplecode5379/718/b3129g6/Thunder-712/cmake/config/map/core/map_append.cmake
2025-10-27 08:58:46,603 - Knowledge - INFO - [FILE_READ] Completed: map_append.cmake, Duration: 5ms, Size: 276
2025-10-27 08:58:46,805 - Knowledge - INFO - Found code-base-name: https://github.com/kavia-common/Thunder-712.git:kavia-R4_4
2025-10-27 08:58:46,969 - Knowledge - INFO - Found code_base: <app.utils.kg_build.knowledge.KnowledgeCodeBase object at 0x7f99453638d0>
2025-10-27 08:58:47,144 - Knowledge - INFO - process ingested knowledge for /app/data/tataelxsimcvaripplecode5379/718/b3129g6/Thunder-712/cmake/config/formats/json/json_extract_string_value.cmake
2025-10-27 08:58:47,362 - Knowledge - INFO - [FILE_READ] Completed: json_extract_string_value.cmake, Duration: 6ms, Size: 554
2025-10-27 08:58:47,562 - Knowledge - INFO - Found code-base-name: https://github.com/kavia-common/Thunder-712.git:kavia-R4_4
2025-10-27 08:58:47,757 - Knowledge - INFO - Found code_base: <app.utils.kg_build.knowledge.KnowledgeCodeBase object at 0x7f99453638d0>
2025-10-27 08:58:47,949 - Knowledge - INFO - process ingested knowledge for /app/data/tataelxsimcvaripplecode5379/718/b3129g6/Thunder-712/cmake/modules/FindGBM.cmake
2025-10-27 08:58:48,183 - Knowledge - INFO - [FILE_READ] Completed: FindGBM.cmake, Duration: 5ms, Size: 2133
2025-10-27 08:58:48,380 - Knowledge - INFO - Found code-base-name: https://github.com/kavia-common/Thunder-712.git:kavia-R4_4
2025-10-27 08:58:48,608 - Knowledge - INFO - Found code_base: <app.utils.kg_build.knowledge.KnowledgeCodeBase object at 0x7f99453638d0>
2025-10-27 08:58:48,775 - Knowledge - INFO - process ingested knowledge for /app/data/tataelxsimcvaripplecode5379/718/b3129g6/Thunder-712/cmake/config/filesystem/path/path_qualify_from.cmake
2025-10-27 08:58:48,931 - Knowledge - INFO - [FILE_READ] Completed: path_qualify_from.cmake, Duration: 5ms, Size: 1129
2025-10-27 08:58:49,141 - Knowledge - INFO - Found code-base-name: https://github.com/kavia-common/Thunder-712.git:kavia-R4_4
2025-10-27 08:58:49,347 - Knowledge - INFO - Found code_base: <app.utils.kg_build.knowledge.KnowledgeCodeBase object at 0x7f99453638d0>
2025-10-27 08:58:49,555 - Knowledge - INFO - process ingested knowledge for /app/data/tataelxsimcvaripplecode5379/718/b3129g6/Thunder-712/Source/core/ReadWriteLock.h
2025-10-27 08:58:49,735 - Knowledge - INFO - [FILE_READ] Completed: ReadWriteLock.h, Duration: 5ms, Size: 3365
2025-10-27 08:58:49,932 - Knowledge - INFO - Found code-base-name: https://github.com/kavia-common/Thunder-712.git:kavia-R4_4
2025-10-27 08:58:50,149 - Knowledge - INFO - Found code_base: <app.utils.kg_build.knowledge.KnowledgeCodeBase object at 0x7f99453638d0>
2025-10-27 08:58:50,300 - Knowledge - INFO - process ingested knowledge for /app/data/tataelxsimcvaripplecode5379/718/b3129g6/Thunder-712/cmake/config/stack/stack_push.cmake
2025-10-27 08:58:50,498 - Knowledge - INFO - [FILE_READ] Completed: stack_push.cmake, Duration: 6ms, Size: 343
2025-10-27 08:58:50,701 - Knowledge - INFO - Found code-base-name: https://github.com/kavia-common/Thunder-712.git:kavia-R4_4
2025-10-27 08:58:50,912 - Knowledge - INFO - Found code_base: <app.utils.kg_build.knowledge.KnowledgeCodeBase object at 0x7f99453638d0>
2025-10-27 08:58:51,097 - Knowledge - INFO - process ingested knowledge for /app/data/tataelxsimcvaripplecode5379/718/b3129g6/Thunder-712/Tests/unit/core/test_filesystem.cpp
2025-10-27 08:58:51,279 - Knowledge - INFO - [FILE_READ] Completed: test_filesystem.cpp, Duration: 5ms, Size: 3867
2025-10-27 08:58:51,511 - Knowledge - INFO - Found code-base-name: https://github.com/kavia-common/Thunder-712.git:kavia-R4_4
2025-10-27 08:58:51,689 - Knowledge - INFO - Found code_base: <app.utils.kg_build.knowledge.KnowledgeCodeBase object at 0x7f99453638d0>
2025-10-27 08:58:51,857 - Knowledge - INFO - process ingested knowledge for /app/data/tataelxsimcvaripplecode5379/718/b3129g6/Thunder-712/Tests/jsongenerator/IJsonGeneratorCorpus.h
2025-10-27 08:58:52,067 - Knowledge - INFO - [FILE_READ] Completed: IJsonGeneratorCorpus.h, Duration: 6ms, Size: 47079
2025-10-27 08:58:52,241 - Knowledge - INFO - Found code-base-name: https://github.com/kavia-common/Thunder-712.git:kavia-R4_4
2025-10-27 08:58:52,411 - Knowledge - INFO - Found code_base: <app.utils.kg_build.knowledge.KnowledgeCodeBase object at 0x7f99453638d0>
2025-10-27 08:58:52,602 - Knowledge - INFO - process ingested knowledge for /app/data/tataelxsimcvaripplecode5379/718/b3129g6/Thunder-712/Source/core/Netlink.cpp
2025-10-27 08:58:52,769 - Knowledge - INFO - [FILE_READ] Completed: Netlink.cpp, Duration: 5ms, Size: 6758
2025-10-27 08:58:52,969 - Knowledge - INFO - Found code-base-name: https://github.com/kavia-common/Thunder-712.git:kavia-R4_4
2025-10-27 08:58:53,120 - Knowledge - INFO - Found code_base: <app.utils.kg_build.knowledge.KnowledgeCodeBase object at 0x7f99453638d0>
2025-10-27 08:58:53,292 - Knowledge - INFO - process ingested knowledge for /app/data/tataelxsimcvaripplecode5379/718/b3129g6/Thunder-712/Source/core/Media.h
2025-10-27 08:58:53,476 - Knowledge - INFO - [FILE_READ] Completed: Media.h, Duration: 5ms, Size: 14164
2025-10-27 08:58:53,641 - Knowledge - INFO - Found code-base-name: https://github.com/kavia-common/Thunder-712.git:kavia-R4_4
2025-10-27 08:58:53,812 - Knowledge - INFO - Found code_base: <app.utils.kg_build.knowledge.KnowledgeCodeBase object at 0x7f99453638d0>
2025-10-27 08:58:54,025 - Knowledge - INFO - process ingested knowledge for /app/data/tataelxsimcvaripplecode5379/718/b3129g6/Thunder-712/Source/core/TriState.h
2025-10-27 08:58:54,212 - Knowledge - INFO - [FILE_READ] Completed: TriState.h, Duration: 5ms, Size: 4005
2025-10-27 08:58:54,381 - Knowledge - INFO - Found code-base-name: https://github.com/kavia-common/Thunder-712.git:kavia-R4_4
2025-10-27 08:58:54,550 - Knowledge - INFO - Found code_base: <app.utils.kg_build.knowledge.KnowledgeCodeBase object at 0x7f99453638d0>
2025-10-27 08:58:54,712 - Knowledge - INFO - process ingested knowledge for /app/data/tataelxsimcvaripplecode5379/718/b3129g6/Thunder-712/Source/core/CallsignTLS.h
2025-10-27 08:58:54,882 - Knowledge - INFO - [FILE_READ] Completed: CallsignTLS.h, Duration: 5ms, Size: 2989
2025-10-27 08:58:55,057 - Knowledge - INFO - Found code-base-name: https://github.com/kavia-common/Thunder-712.git:kavia-R4_4
2025-10-27 08:58:55,253 - Knowledge - INFO - Found code_base: <app.utils.kg_build.knowledge.KnowledgeCodeBase object at 0x7f99453638d0>
2025-10-27 08:58:55,417 - Knowledge - INFO - process ingested knowledge for /app/data/tataelxsimcvaripplecode5379/718/b3129g6/Thunder-712/Source/core/LockableContainer.h
2025-10-27 08:58:55,613 - Knowledge - INFO - [FILE_READ] Completed: LockableContainer.h, Duration: 5ms, Size: 2368
2025-10-27 08:58:55,820 - Knowledge - INFO - Found code-base-name: https://github.com/kavia-common/Thunder-712.git:kavia-R4_4
2025-10-27 08:58:56,037 - Knowledge - INFO - Found code_base: <app.utils.kg_build.knowledge.KnowledgeCodeBase object at 0x7f99453638d0>
2025-10-27 08:58:56,236 - Knowledge - INFO - process ingested knowledge for /app/data/tataelxsimcvaripplecode5379/718/b3129g6/Thunder-712/Tests/workerpool-test/Module.h
2025-10-27 08:58:56,400 - Knowledge - INFO - [FILE_READ] Completed: Module.h, Duration: 5ms, Size: 850
2025-10-27 08:58:56,591 - Knowledge - INFO - Found code-base-name: https://github.com/kavia-common/Thunder-712.git:kavia-R4_4
2025-10-27 08:58:56,786 - Knowledge - INFO - Found code_base: <app.utils.kg_build.knowledge.KnowledgeCodeBase object at 0x7f99453638d0>
2025-10-27 08:58:56,971 - Knowledge - INFO - process ingested knowledge for /app/data/tataelxsimcvaripplecode5379/718/b3129g6/Thunder-712/Source/extensions/hibernate/checkpointlib/CheckpointLib.c
2025-10-27 08:58:57,173 - Knowledge - INFO - [FILE_READ] Completed: CheckpointLib.c, Duration: 9ms, Size: 1779
2025-10-27 08:58:57,358 - Knowledge - INFO - Found code-base-name: https://github.com/kavia-common/Thunder-712.git:kavia-R4_4
2025-10-27 08:58:57,554 - Knowledge - INFO - Found code_base: <app.utils.kg_build.knowledge.KnowledgeCodeBase object at 0x7f99453638d0>
2025-10-27 08:58:57,752 - Knowledge - INFO - process ingested knowledge for /app/data/tataelxsimcvaripplecode5379/718/b3129g6/Thunder-712/Utils/PluginActivator/source/IPluginStarter.h
2025-10-27 08:58:57,933 - Knowledge - INFO - [FILE_READ] Completed: IPluginStarter.h, Duration: 5ms, Size: 1532
2025-10-27 08:58:58,147 - Knowledge - INFO - Found code-base-name: https://github.com/kavia-common/Thunder-712.git:kavia-R4_4
2025-10-27 08:58:58,293 - Knowledge - INFO - Found code_base: <app.utils.kg_build.knowledge.KnowledgeCodeBase object at 0x7f99453638d0>
2025-10-27 08:58:58,515 - Knowledge - INFO - process ingested knowledge for /app/data/tataelxsimcvaripplecode5379/718/b3129g6/Thunder-712/Source/extensions/hibernate/checkpointserver/CheckpointServer.c
2025-10-27 08:58:58,712 - Knowledge - INFO - [FILE_READ] Completed: CheckpointServer.c, Duration: 5ms, Size: 5630
2025-10-27 08:58:58,901 - Knowledge - INFO - Found code-base-name: https://github.com/kavia-common/Thunder-712.git:kavia-R4_4
2025-10-27 08:58:59,105 - Knowledge - INFO - Found code_base: <app.utils.kg_build.knowledge.KnowledgeCodeBase object at 0x7f99453638d0>
2025-10-27 08:58:59,298 - Knowledge - INFO - process ingested knowledge for /app/data/tataelxsimcvaripplecode5379/718/b3129g6/Thunder-712/cmake/config/ref/README.md
2025-10-27 08:58:59,482 - Knowledge - INFO - [FILE_READ] Completed: README.md, Duration: 5ms, Size: 3482
2025-10-27 08:58:59,685 - Knowledge - INFO - Found code-base-name: https://github.com/kavia-common/Thunder-712.git:kavia-R4_4
2025-10-27 08:58:59,874 - Knowledge - INFO - Found code_base: <app.utils.kg_build.knowledge.KnowledgeCodeBase object at 0x7f99453638d0>
2025-10-27 08:59:00,057 - Knowledge - INFO - process ingested knowledge for /app/data/tataelxsimcvaripplecode5379/718/b3129g6/Thunder-712/Tests/loader/main.cpp
2025-10-27 08:59:00,264 - Knowledge - INFO - [FILE_READ] Completed: main.cpp, Duration: 6ms, Size: 5089
2025-10-27 08:59:00,495 - Knowledge - INFO - Found code-base-name: https://github.com/kavia-common/Thunder-712.git:kavia-R4_4
2025-10-27 08:59:00,702 - Knowledge - INFO - Found code_base: <app.utils.kg_build.knowledge.KnowledgeCodeBase object at 0x7f99453638d0>
2025-10-27 08:59:00,919 - Knowledge - INFO - process ingested knowledge for /app/data/tataelxsimcvaripplecode5379/718/b3129g6/Thunder-712/Source/plugins/VirtualInput.h
2025-10-27 08:59:01,095 - Knowledge - INFO - [FILE_READ] Completed: VirtualInput.h, Duration: 6ms, Size: 32288
2025-10-27 08:59:01,307 - Knowledge - INFO - Found code-base-name: https://github.com/kavia-common/Thunder-712.git:kavia-R4_4
2025-10-27 08:59:01,506 - Knowledge - INFO - Found code_base: <app.utils.kg_build.knowledge.KnowledgeCodeBase object at 0x7f99453638d0>
2025-10-27 08:59:01,696 - Knowledge - INFO - process ingested knowledge for /app/data/tataelxsimcvaripplecode5379/718/b3129g6/Thunder-712/cmake/config/map/helpers/map_flatten.cmake
2025-10-27 08:59:01,914 - Knowledge - INFO - [FILE_READ] Completed: map_flatten.cmake, Duration: 6ms, Size: 171
2025-10-27 08:59:02,118 - Knowledge - INFO - Found code-base-name: https://github.com/kavia-common/Thunder-712.git:kavia-R4_4
2025-10-27 08:59:02,315 - Knowledge - INFO - Found code_base: <app.utils.kg_build.knowledge.KnowledgeCodeBase object at 0x7f99453638d0>
2025-10-27 08:59:02,508 - Knowledge - INFO - process ingested knowledge for /app/data/tataelxsimcvaripplecode5379/718/b3129g6/Thunder-712/Source/cryptalgo/AES.cpp
2025-10-27 08:59:02,720 - Knowledge - INFO - [FILE_READ] Completed: AES.cpp, Duration: 5ms, Size: 12835
2025-10-27 08:59:02,904 - Knowledge - INFO - Found code-base-name: https://github.com/kavia-common/Thunder-712.git:kavia-R4_4
2025-10-27 08:59:03,095 - Knowledge - INFO - Found code_base: <app.utils.kg_build.knowledge.KnowledgeCodeBase object at 0x7f99453638d0>
2025-10-27 08:59:03,268 - Knowledge - INFO - process ingested knowledge for /app/data/tataelxsimcvaripplecode5379/718/b3129g6/Thunder-712/Source/extensions/hibernate/CMakeLists.txt
2025-10-27 08:59:03,464 - Knowledge - INFO - [FILE_READ] Completed: CMakeLists.txt, Duration: 5ms, Size: 2447
2025-10-27 08:59:03,672 - Knowledge - INFO - Found code-base-name: https://github.com/kavia-common/Thunder-712.git:kavia-R4_4
2025-10-27 08:59:03,867 - Knowledge - INFO - Found code_base: <app.utils.kg_build.knowledge.KnowledgeCodeBase object at 0x7f99453638d0>
2025-10-27 08:59:04,079 - Knowledge - INFO - process ingested knowledge for /app/data/tataelxsimcvaripplecode5379/718/b3129g6/Thunder-712/docs/plugin/execution-modes.md
2025-10-27 08:59:04,298 - Knowledge - INFO - [FILE_READ] Completed: execution-modes.md, Duration: 5ms, Size: 7410
2025-10-27 08:59:04,496 - Knowledge - INFO - Found code-base-name: https://github.com/kavia-common/Thunder-712.git:kavia-R4_4
2025-10-27 08:59:04,683 - Knowledge - INFO - Found code_base: <app.utils.kg_build.knowledge.KnowledgeCodeBase object at 0x7f99453638d0>
2025-10-27 08:59:04,902 - Knowledge - INFO - process ingested knowledge for /app/data/tataelxsimcvaripplecode5379/718/b3129g6/Thunder-712/Source/core/SerialPort.cpp
2025-10-27 08:59:05,077 - Knowledge - INFO - [FILE_READ] Completed: SerialPort.cpp, Duration: 6ms, Size: 31640
2025-10-27 08:59:05,278 - Knowledge - INFO - Found code-base-name: https://github.com/kavia-common/Thunder-712.git:kavia-R4_4
2025-10-27 08:59:05,497 - Knowledge - INFO - Found code_base: <app.utils.kg_build.knowledge.KnowledgeCodeBase object at 0x7f99453638d0>
2025-10-27 08:59:05,723 - Knowledge - INFO - process ingested knowledge for /app/data/tataelxsimcvaripplecode5379/718/b3129g6/Thunder-712/Source/core/Library.cpp
2025-10-27 08:59:05,936 - Knowledge - INFO - [FILE_READ] Completed: Library.cpp, Duration: 5ms, Size: 5611
2025-10-27 08:59:06,180 - Knowledge - INFO - Found code-base-name: https://github.com/kavia-common/Thunder-712.git:kavia-R4_4
2025-10-27 08:59:06,346 - Knowledge - INFO - Found code_base: <app.utils.kg_build.knowledge.KnowledgeCodeBase object at 0x7f99453638d0>
2025-10-27 08:59:06,522 - Knowledge - INFO - process ingested knowledge for /app/data/tataelxsimcvaripplecode5379/718/b3129g6/Thunder-712/Source/CMakeLists.txt
2025-10-27 08:59:06,755 - Knowledge - INFO - [FILE_READ] Completed: CMakeLists.txt, Duration: 6ms, Size: 3544
2025-10-27 08:59:06,909 - Knowledge - INFO - Found code-base-name: https://github.com/kavia-common/Thunder-712.git:kavia-R4_4
2025-10-27 08:59:07,075 - Knowledge - INFO - Found code_base: <app.utils.kg_build.knowledge.KnowledgeCodeBase object at 0x7f99453638d0>
2025-10-27 08:59:07,264 - Knowledge - INFO - process ingested knowledge for /app/data/tataelxsimcvaripplecode5379/718/b3129g6/Thunder-712/Source/WPEFramework/scripts/CMakeLists.txt
2025-10-27 08:59:07,461 - Knowledge - INFO - [FILE_READ] Completed: CMakeLists.txt, Duration: 5ms, Size: 2036
2025-10-27 08:59:07,645 - Knowledge - INFO - Found code-base-name: https://github.com/kavia-common/Thunder-712.git:kavia-R4_4
2025-10-27 08:59:07,844 - Knowledge - INFO - Found code_base: <app.utils.kg_build.knowledge.KnowledgeCodeBase object at 0x7f99453638d0>
2025-10-27 08:59:08,068 - Knowledge - INFO - process ingested knowledge for /app/data/tataelxsimcvaripplecode5379/718/b3129g6/Thunder-712/Source/core/TokenizedStringList.h
2025-10-27 08:59:08,272 - Knowledge - INFO - [FILE_READ] Completed: TokenizedStringList.h, Duration: 5ms, Size: 3290
2025-10-27 08:59:08,465 - Knowledge - INFO - Found code-base-name: https://github.com/kavia-common/Thunder-712.git:kavia-R4_4
2025-10-27 08:59:08,680 - Knowledge - INFO - Found code_base: <app.utils.kg_build.knowledge.KnowledgeCodeBase object at 0x7f99453638d0>
2025-10-27 08:59:08,837 - Knowledge - INFO - process ingested knowledge for /app/data/tataelxsimcvaripplecode5379/718/b3129g6/Thunder-712/Source/core/AccessControl.h
2025-10-27 08:59:09,022 - Knowledge - INFO - [FILE_READ] Completed: AccessControl.h, Duration: 5ms, Size: 2941
2025-10-27 08:59:09,255 - Knowledge - INFO - Found code-base-name: https://github.com/kavia-common/Thunder-712.git:kavia-R4_4
2025-10-27 08:59:09,436 - Knowledge - INFO - Found code_base: <app.utils.kg_build.knowledge.KnowledgeCodeBase object at 0x7f99453638d0>
2025-10-27 08:59:09,598 - Knowledge - INFO - process ingested knowledge for /app/data/tataelxsimcvaripplecode5379/718/b3129g6/Thunder-712/Source/core/NodeId.h
2025-10-27 08:59:09,800 - Knowledge - INFO - [FILE_READ] Completed: NodeId.h, Duration: 6ms, Size: 12720
2025-10-27 08:59:09,994 - Knowledge - INFO - Found code-base-name: https://github.com/kavia-common/Thunder-712.git:kavia-R4_4
2025-10-27 08:59:10,190 - Knowledge - INFO - Found code_base: <app.utils.kg_build.knowledge.KnowledgeCodeBase object at 0x7f99453638d0>
2025-10-27 08:59:10,391 - Knowledge - INFO - process ingested knowledge for /app/data/tataelxsimcvaripplecode5379/718/b3129g6/Thunder-712/docs/introduction/repos.md
2025-10-27 08:59:10,592 - Knowledge - INFO - [FILE_READ] Completed: repos.md, Duration: 7ms, Size: 3072
2025-10-27 08:59:10,783 - Knowledge - INFO - Found code-base-name: https://github.com/kavia-common/Thunder-712.git:kavia-R4_4
2025-10-27 08:59:10,950 - Knowledge - INFO - Found code_base: <app.utils.kg_build.knowledge.KnowledgeCodeBase object at 0x7f99453638d0>
2025-10-27 08:59:11,165 - Knowledge - INFO - process ingested knowledge for /app/data/tataelxsimcvaripplecode5379/718/b3129g6/Thunder-712/Source/core/Thread.cpp
2025-10-27 08:59:11,365 - Knowledge - INFO - [FILE_READ] Completed: Thread.cpp, Duration: 7ms, Size: 13466
2025-10-27 08:59:11,524 - Knowledge - INFO - Found code-base-name: https://github.com/kavia-common/Thunder-712.git:kavia-R4_4
2025-10-27 08:59:11,688 - Knowledge - INFO - Found code_base: <app.utils.kg_build.knowledge.KnowledgeCodeBase object at 0x7f99453638d0>
2025-10-27 08:59:11,863 - Knowledge - INFO - process ingested knowledge for /app/data/tataelxsimcvaripplecode5379/718/b3129g6/Thunder-712/Tests/unit/core/test_tracing.cpp
2025-10-27 08:59:12,040 - Knowledge - INFO - [FILE_READ] Completed: test_tracing.cpp, Duration: 6ms, Size: 12001
2025-10-27 08:59:12,240 - Knowledge - INFO - Found code-base-name: https://github.com/kavia-common/Thunder-712.git:kavia-R4_4
2025-10-27 08:59:12,410 - Knowledge - INFO - Found code_base: <app.utils.kg_build.knowledge.KnowledgeCodeBase object at 0x7f99453638d0>
2025-10-27 08:59:12,574 - Knowledge - INFO - process ingested knowledge for /app/data/tataelxsimcvaripplecode5379/718/b3129g6/Thunder-712/cmake/common/CmakeHelperFunctions.cmake
2025-10-27 08:59:12,778 - Knowledge - INFO - [FILE_READ] Completed: CmakeHelperFunctions.cmake, Duration: 6ms, Size: 28187
2025-10-27 08:59:12,949 - Knowledge - INFO - Found code-base-name: https://github.com/kavia-common/Thunder-712.git:kavia-R4_4
2025-10-27 08:59:13,145 - Knowledge - INFO - Found code_base: <app.utils.kg_build.knowledge.KnowledgeCodeBase object at 0x7f99453638d0>
2025-10-27 08:59:13,300 - Knowledge - INFO - process ingested knowledge for /app/data/tataelxsimcvaripplecode5379/718/b3129g6/Thunder-712/mkdocs.yml
2025-10-27 08:59:13,477 - Knowledge - INFO - [FILE_READ] Completed: mkdocs.yml, Duration: 5ms, Size: 3547
2025-10-27 08:59:13,666 - Knowledge - INFO - Found code-base-name: https://github.com/kavia-common/Thunder-712.git:kavia-R4_4
2025-10-27 08:59:13,826 - Knowledge - INFO - Found code_base: <app.utils.kg_build.knowledge.KnowledgeCodeBase object at 0x7f99453638d0>
2025-10-27 08:59:14,028 - Knowledge - INFO - process ingested knowledge for /app/data/tataelxsimcvaripplecode5379/718/b3129g6/Thunder-712/Source/core/ASN1.h
2025-10-27 08:59:14,222 - Knowledge - INFO - [FILE_READ] Completed: ASN1.h, Duration: 6ms, Size: 22438
2025-10-27 08:59:14,437 - Knowledge - INFO - Found code-base-name: https://github.com/kavia-common/Thunder-712.git:kavia-R4_4
2025-10-27 08:59:14,630 - Knowledge - INFO - Found code_base: <app.utils.kg_build.knowledge.KnowledgeCodeBase object at 0x7f99453638d0>
2025-10-27 08:59:14,804 - Knowledge - INFO - process ingested knowledge for /app/data/tataelxsimcvaripplecode5379/718/b3129g6/Thunder-712/Tests/unit/core/test_textreader.cpp
2025-10-27 08:59:15,013 - Knowledge - INFO - [FILE_READ] Completed: test_textreader.cpp, Duration: 5ms, Size: 1251
2025-10-27 08:59:15,222 - Knowledge - INFO - Found code-base-name: https://github.com/kavia-common/Thunder-712.git:kavia-R4_4
2025-10-27 08:59:15,383 - Knowledge - INFO - Found code_base: <app.utils.kg_build.knowledge.KnowledgeCodeBase object at 0x7f99453638d0>
2025-10-27 08:59:15,577 - Knowledge - INFO - process ingested knowledge for /app/data/tataelxsimcvaripplecode5379/718/b3129g6/Thunder-712/Source/plugins/SubSystem.cpp
2025-10-27 08:59:15,750 - Knowledge - INFO - [FILE_READ] Completed: SubSystem.cpp, Duration: 5ms, Size: 3045
2025-10-27 08:59:15,964 - Knowledge - INFO - Found code-base-name: https://github.com/kavia-common/Thunder-712.git:kavia-R4_4
2025-10-27 08:59:16,187 - Knowledge - INFO - Found code_base: <app.utils.kg_build.knowledge.KnowledgeCodeBase object at 0x7f99453638d0>
2025-10-27 08:59:16,367 - Knowledge - INFO - process ingested knowledge for /app/data/tataelxsimcvaripplecode5379/718/b3129g6/Thunder-712/Source/messaging/messaging.h
2025-10-27 08:59:16,566 - Knowledge - INFO - [FILE_READ] Completed: messaging.h, Duration: 5ms, Size: 1144
2025-10-27 08:59:16,723 - Knowledge - INFO - Found code-base-name: https://github.com/kavia-common/Thunder-712.git:kavia-R4_4
2025-10-27 08:59:16,930 - Knowledge - INFO - Found code_base: <app.utils.kg_build.knowledge.KnowledgeCodeBase object at 0x7f99453638d0>
2025-10-27 08:59:17,096 - Knowledge - INFO - process ingested knowledge for /app/data/tataelxsimcvaripplecode5379/718/b3129g6/Thunder-712/docs/utils/files/observer.md
2025-10-27 08:59:17,309 - Knowledge - INFO - [FILE_READ] Completed: observer.md, Duration: 5ms, Size: 3147
2025-10-27 08:59:17,488 - Knowledge - INFO - Found code-base-name: https://github.com/kavia-common/Thunder-712.git:kavia-R4_4
2025-10-27 08:59:17,658 - Knowledge - INFO - Found code_base: <app.utils.kg_build.knowledge.KnowledgeCodeBase object at 0x7f99453638d0>
2025-10-27 08:59:17,876 - Knowledge - INFO - process ingested knowledge for /app/data/tataelxsimcvaripplecode5379/718/b3129g6/Thunder-712/Tests/unit/core/test_measurementtype.cpp
2025-10-27 08:59:18,100 - Knowledge - INFO - [FILE_READ] Completed: test_measurementtype.cpp, Duration: 5ms, Size: 1450
2025-10-27 08:59:18,291 - Knowledge - INFO - Found code-base-name: https://github.com/kavia-common/Thunder-712.git:kavia-R4_4
2025-10-27 08:59:18,492 - Knowledge - INFO - Found code_base: <app.utils.kg_build.knowledge.KnowledgeCodeBase object at 0x7f99453638d0>
2025-10-27 08:59:18,685 - Knowledge - INFO - process ingested knowledge for /app/data/tataelxsimcvaripplecode5379/718/b3129g6/Thunder-712/cmake/modules/FindSystemd.cmake
2025-10-27 08:59:18,859 - Knowledge - INFO - [FILE_READ] Completed: FindSystemd.cmake, Duration: 5ms, Size: 2317
2025-10-27 08:59:19,064 - Knowledge - INFO - Found code-base-name: https://github.com/kavia-common/Thunder-712.git:kavia-R4_4
2025-10-27 08:59:19,271 - Knowledge - INFO - Found code_base: <app.utils.kg_build.knowledge.KnowledgeCodeBase object at 0x7f99453638d0>
2025-10-27 08:59:19,457 - Knowledge - INFO - process ingested knowledge for /app/data/tataelxsimcvaripplecode5379/718/b3129g6/Thunder-712/cmake/config/quickmap/val.cmake
2025-10-27 08:59:19,655 - Knowledge - INFO - [FILE_READ] Completed: val.cmake, Duration: 8ms, Size: 628
2025-10-27 08:59:19,876 - Knowledge - INFO - Found code-base-name: https://github.com/kavia-common/Thunder-712.git:kavia-R4_4
2025-10-27 08:59:20,039 - Knowledge - INFO - Found code_base: <app.utils.kg_build.knowledge.KnowledgeCodeBase object at 0x7f99453638d0>
2025-10-27 08:59:20,199 - Knowledge - INFO - process ingested knowledge for /app/data/tataelxsimcvaripplecode5379/718/b3129g6/Thunder-712/Source/core/DoorBell.h
2025-10-27 08:59:20,358 - Knowledge - INFO - [FILE_READ] Completed: DoorBell.h, Duration: 6ms, Size: 3821
2025-10-27 08:59:20,568 - Knowledge - INFO - Found code-base-name: https://github.com/kavia-common/Thunder-712.git:kavia-R4_4
2025-10-27 08:59:20,766 - Knowledge - INFO - Found code_base: <app.utils.kg_build.knowledge.KnowledgeCodeBase object at 0x7f99453638d0>
2025-10-27 08:59:20,964 - Knowledge - INFO - process ingested knowledge for /app/data/tataelxsimcvaripplecode5379/718/b3129g6/Thunder-712/Source/websocket/WebSocketLink.h
2025-10-27 08:59:21,153 - Knowledge - INFO - [FILE_READ] Completed: WebSocketLink.h, Duration: 7ms, Size: 52003
2025-10-27 08:59:21,370 - Knowledge - INFO - Found code-base-name: https://github.com/kavia-common/Thunder-712.git:kavia-R4_4
2025-10-27 08:59:21,586 - Knowledge - INFO - Found code_base: <app.utils.kg_build.knowledge.KnowledgeCodeBase object at 0x7f99453638d0>
2025-10-27 08:59:21,772 - Knowledge - INFO - process ingested knowledge for /app/data/tataelxsimcvaripplecode5379/718/b3129g6/Thunder-712/Source/plugins/JSONRPC.cpp
2025-10-27 08:59:21,983 - Knowledge - INFO - [FILE_READ] Completed: JSONRPC.cpp, Duration: 6ms, Size: 2056
2025-10-27 08:59:22,192 - Knowledge - INFO - Found code-base-name: https://github.com/kavia-common/Thunder-712.git:kavia-R4_4
2025-10-27 08:59:22,403 - Knowledge - INFO - Found code_base: <app.utils.kg_build.knowledge.KnowledgeCodeBase object at 0x7f99453638d0>
2025-10-27 08:59:22,659 - Knowledge - INFO - process ingested knowledge for /app/data/tataelxsimcvaripplecode5379/718/b3129g6/Thunder-712/Source/core/Portability.h
2025-10-27 08:59:22,863 - Knowledge - INFO - [FILE_READ] Completed: Portability.h, Duration: 6ms, Size: 28689
2025-10-27 08:59:23,040 - Knowledge - INFO - Found code-base-name: https://github.com/kavia-common/Thunder-712.git:kavia-R4_4
2025-10-27 08:59:23,260 - Knowledge - INFO - Found code_base: <app.utils.kg_build.knowledge.KnowledgeCodeBase object at 0x7f99453638d0>
2025-10-27 08:59:23,426 - Knowledge - INFO - process ingested knowledge for /app/data/tataelxsimcvaripplecode5379/718/b3129g6/Thunder-712/cmake/config/events/events_track.cmake
2025-10-27 08:59:23,578 - Knowledge - INFO - [FILE_READ] Completed: events_track.cmake, Duration: 5ms, Size: 740
2025-10-27 08:59:23,773 - Knowledge - INFO - Found code-base-name: https://github.com/kavia-common/Thunder-712.git:kavia-R4_4
2025-10-27 08:59:23,951 - Knowledge - INFO - Found code_base: <app.utils.kg_build.knowledge.KnowledgeCodeBase object at 0x7f99453638d0>
2025-10-27 08:59:24,190 - Knowledge - INFO - process ingested knowledge for /app/data/tataelxsimcvaripplecode5379/718/b3129g6/Thunder-712/Source/extensions/processcontainers/implementations/AWCImplementation/AWCProxyContainer.h
2025-10-27 08:59:24,434 - Knowledge - INFO - [FILE_READ] Completed: AWCProxyContainer.h, Duration: 7ms, Size: 1715
2025-10-27 08:59:24,620 - Knowledge - INFO - Found code-base-name: https://github.com/kavia-common/Thunder-712.git:kavia-R4_4
2025-10-27 08:59:24,793 - Knowledge - INFO - Found code_base: <app.utils.kg_build.knowledge.KnowledgeCodeBase object at 0x7f99453638d0>
2025-10-27 08:59:24,985 - Knowledge - INFO - process ingested knowledge for /app/data/tataelxsimcvaripplecode5379/718/b3129g6/Thunder-712/Source/extensions/processcontainers/implementations/AWCImplementation/dbus/api.xml
2025-10-27 08:59:25,167 - Knowledge - INFO - [FILE_READ] Completed: api.xml, Duration: 6ms, Size: 567
2025-10-27 08:59:25,356 - Knowledge - INFO - Found code-base-name: https://github.com/kavia-common/Thunder-712.git:kavia-R4_4
2025-10-27 08:59:25,570 - Knowledge - INFO - Found code_base: <app.utils.kg_build.knowledge.KnowledgeCodeBase object at 0x7f99453638d0>
2025-10-27 08:59:25,749 - Knowledge - INFO - process ingested knowledge for /app/data/tataelxsimcvaripplecode5379/718/b3129g6/Thunder-712/cmake/common/CompileSettings.cmake
2025-10-27 08:59:25,964 - Knowledge - INFO - [FILE_READ] Completed: CompileSettings.cmake, Duration: 5ms, Size: 4282
2025-10-27 08:59:26,188 - Knowledge - INFO - Found code-base-name: https://github.com/kavia-common/Thunder-712.git:kavia-R4_4
2025-10-27 08:59:26,355 - Knowledge - INFO - Found code_base: <app.utils.kg_build.knowledge.KnowledgeCodeBase object at 0x7f99453638d0>
2025-10-27 08:59:26,559 - Knowledge - INFO - process ingested knowledge for /app/data/tataelxsimcvaripplecode5379/718/b3129g6/Thunder-712/cmake/config/map/core/map_duplicate.cmake
2025-10-27 08:59:26,725 - Knowledge - INFO - [FILE_READ] Completed: map_duplicate.cmake, Duration: 6ms, Size: 338
2025-10-27 08:59:26,921 - Knowledge - INFO - Found code-base-name: https://github.com/kavia-common/Thunder-712.git:kavia-R4_4
2025-10-27 08:59:27,069 - Knowledge - INFO - Found code_base: <app.utils.kg_build.knowledge.KnowledgeCodeBase object at 0x7f99453638d0>
2025-10-27 08:59:27,244 - Knowledge - INFO - process ingested knowledge for /app/data/tataelxsimcvaripplecode5379/718/b3129g6/Thunder-712/Source/core/ValueRecorder.h
2025-10-27 08:59:27,461 - Knowledge - INFO - [FILE_READ] Completed: ValueRecorder.h, Duration: 6ms, Size: 25497
2025-10-27 08:59:27,648 - Knowledge - INFO - Found code-base-name: https://github.com/kavia-common/Thunder-712.git:kavia-R4_4
2025-10-27 08:59:27,840 - Knowledge - INFO - Found code_base: <app.utils.kg_build.knowledge.KnowledgeCodeBase object at 0x7f99453638d0>
2025-10-27 08:59:28,031 - Knowledge - INFO - process ingested knowledge for /app/data/tataelxsimcvaripplecode5379/718/b3129g6/Thunder-712/cmake/config/map/helpers/map_pick_regex.cmake
2025-10-27 08:59:28,224 - Knowledge - INFO - [FILE_READ] Completed: map_pick_regex.cmake, Duration: 5ms, Size: 482
2025-10-27 08:59:28,438 - Knowledge - INFO - Found code-base-name: https://github.com/kavia-common/Thunder-712.git:kavia-R4_4
2025-10-27 08:59:28,629 - Knowledge - INFO - Found code_base: <app.utils.kg_build.knowledge.KnowledgeCodeBase object at 0x7f99453638d0>
2025-10-27 08:59:28,825 - Knowledge - INFO - process ingested knowledge for /app/data/tataelxsimcvaripplecode5379/718/b3129g6/Thunder-712/Source/extensions/processcontainers/CMakeLists.txt
2025-10-27 08:59:29,053 - Knowledge - INFO - [FILE_READ] Completed: CMakeLists.txt, Duration: 5ms, Size: 5696
2025-10-27 08:59:29,297 - Knowledge - INFO - Found code-base-name: https://github.com/kavia-common/Thunder-712.git:kavia-R4_4
2025-10-27 08:59:29,469 - Knowledge - INFO - Found code_base: <app.utils.kg_build.knowledge.KnowledgeCodeBase object at 0x7f99453638d0>
2025-10-27 08:59:29,674 - Knowledge - INFO - process ingested knowledge for /app/data/tataelxsimcvaripplecode5379/718/b3129g6/Thunder-712/cmake/config/ref/is_address.cmake
2025-10-27 08:59:29,848 - Knowledge - INFO - [FILE_READ] Completed: is_address.cmake, Duration: 5ms, Size: 779
2025-10-27 08:59:30,056 - Knowledge - INFO - Found code-base-name: https://github.com/kavia-common/Thunder-712.git:kavia-R4_4
2025-10-27 08:59:30,252 - Knowledge - INFO - Found code_base: <app.utils.kg_build.knowledge.KnowledgeCodeBase object at 0x7f99453638d0>
2025-10-27 08:59:30,453 - Knowledge - INFO - process ingested knowledge for /app/data/tataelxsimcvaripplecode5379/718/b3129g6/Thunder-712/Utils/PluginActivator/source/main.cpp
2025-10-27 08:59:30,681 - Knowledge - INFO - [FILE_READ] Completed: main.cpp, Duration: 5ms, Size: 4126
2025-10-27 08:59:30,905 - Knowledge - INFO - Found code-base-name: https://github.com/kavia-common/Thunder-712.git:kavia-R4_4
2025-10-27 08:59:31,122 - Knowledge - INFO - Found code_base: <app.utils.kg_build.knowledge.KnowledgeCodeBase object at 0x7f99453638d0>
2025-10-27 08:59:31,314 - Knowledge - INFO - process ingested knowledge for /app/data/tataelxsimcvaripplecode5379/718/b3129g6/Thunder-712/cmake/config/ref/address_set.cmake
2025-10-27 08:59:31,509 - Knowledge - INFO - [FILE_READ] Completed: address_set.cmake, Duration: 5ms, Size: 90
2025-10-27 08:59:31,704 - Knowledge - INFO - Found code-base-name: https://github.com/kavia-common/Thunder-712.git:kavia-R4_4
2025-10-27 08:59:31,912 - Knowledge - INFO - Found code_base: <app.utils.kg_build.knowledge.KnowledgeCodeBase object at 0x7f99453638d0>
2025-10-27 08:59:32,148 - Knowledge - INFO - process ingested knowledge for /app/data/tataelxsimcvaripplecode5379/718/b3129g6/Thunder-712/Source/com/ConnectorType.h
2025-10-27 08:59:32,342 - Knowledge - INFO - [FILE_READ] Completed: ConnectorType.h, Duration: 5ms, Size: 5167
2025-10-27 08:59:32,509 - Knowledge - INFO - Found code-base-name: https://github.com/kavia-common/Thunder-712.git:kavia-R4_4
2025-10-27 08:59:32,687 - Knowledge - INFO - Found code_base: <app.utils.kg_build.knowledge.KnowledgeCodeBase object at 0x7f99453638d0>
2025-10-27 08:59:32,924 - Knowledge - INFO - process ingested knowledge for /app/data/tataelxsimcvaripplecode5379/718/b3129g6/Thunder-712/cmake/config/filesystem/path/path.cmake
2025-10-27 08:59:33,109 - Knowledge - INFO - [FILE_READ] Completed: path.cmake, Duration: 6ms, Size: 298
2025-10-27 08:59:33,305 - Knowledge - INFO - Found code-base-name: https://github.com/kavia-common/Thunder-712.git:kavia-R4_4
2025-10-27 08:59:33,468 - Knowledge - INFO - Found code_base: <app.utils.kg_build.knowledge.KnowledgeCodeBase object at 0x7f99453638d0>
2025-10-27 08:59:33,694 - Knowledge - INFO - process ingested knowledge for /app/data/tataelxsimcvaripplecode5379/718/b3129g6/Thunder-712/cmake/config/core/return/return_truth.cmake
2025-10-27 08:59:33,871 - Knowledge - INFO - [FILE_READ] Completed: return_truth.cmake, Duration: 5ms, Size: 88
2025-10-27 08:59:34,108 - Knowledge - INFO - Found code-base-name: https://github.com/kavia-common/Thunder-712.git:kavia-R4_4
2025-10-27 08:59:34,292 - Knowledge - INFO - Found code_base: <app.utils.kg_build.knowledge.KnowledgeCodeBase object at 0x7f99453638d0>
2025-10-27 08:59:34,464 - Knowledge - INFO - process ingested knowledge for /app/data/tataelxsimcvaripplecode5379/718/b3129g6/Thunder-712/cmake/config/map/operations/map_merge.cmake
2025-10-27 08:59:34,661 - Knowledge - INFO - [FILE_READ] Completed: map_merge.cmake, Duration: 5ms, Size: 754
2025-10-27 08:59:34,859 - Knowledge - INFO - Found code-base-name: https://github.com/kavia-common/Thunder-712.git:kavia-R4_4
2025-10-27 08:59:35,046 - Knowledge - INFO - Found code_base: <app.utils.kg_build.knowledge.KnowledgeCodeBase object at 0x7f99453638d0>
2025-10-27 08:59:35,224 - Knowledge - INFO - process ingested knowledge for /app/data/tataelxsimcvaripplecode5379/718/b3129g6/Thunder-712/Tests/unit/core/test_thread.cpp
2025-10-27 08:59:35,415 - Knowledge - INFO - [FILE_READ] Completed: test_thread.cpp, Duration: 5ms, Size: 3575
2025-10-27 08:59:35,611 - Knowledge - INFO - Found code-base-name: https://github.com/kavia-common/Thunder-712.git:kavia-R4_4
2025-10-27 08:59:35,774 - Knowledge - INFO - Found code_base: <app.utils.kg_build.knowledge.KnowledgeCodeBase object at 0x7f99453638d0>
2025-10-27 08:59:35,963 - Knowledge - INFO - process ingested knowledge for /app/data/tataelxsimcvaripplecode5379/718/b3129g6/Thunder-712/Source/core/Singleton.h
2025-10-27 08:59:36,161 - Knowledge - INFO - [FILE_READ] Completed: Singleton.h, Duration: 5ms, Size: 7834
2025-10-27 08:59:36,339 - Knowledge - INFO - Found code-base-name: https://github.com/kavia-common/Thunder-712.git:kavia-R4_4
2025-10-27 08:59:36,539 - Knowledge - INFO - Found code_base: <app.utils.kg_build.knowledge.KnowledgeCodeBase object at 0x7f99453638d0>
2025-10-27 08:59:36,718 - Knowledge - INFO - process ingested knowledge for /app/data/tataelxsimcvaripplecode5379/718/b3129g6/Thunder-712/Source/core/TextReader.cpp
2025-10-27 08:59:36,912 - Knowledge - INFO - [FILE_READ] Completed: TextReader.cpp, Duration: 5ms, Size: 2055
2025-10-27 08:59:37,086 - Knowledge - INFO - Found code-base-name: https://github.com/kavia-common/Thunder-712.git:kavia-R4_4
2025-10-27 08:59:37,241 - Knowledge - INFO - Found code_base: <app.utils.kg_build.knowledge.KnowledgeCodeBase object at 0x7f99453638d0>
2025-10-27 08:59:37,413 - Knowledge - INFO - process ingested knowledge for /app/data/tataelxsimcvaripplecode5379/718/b3129g6/Thunder-712/cmake/config/map/iterator/map_iterator.cmake
2025-10-27 08:59:37,630 - Knowledge - INFO - [FILE_READ] Completed: map_iterator.cmake, Duration: 5ms, Size: 193
2025-10-27 08:59:37,806 - Knowledge - INFO - Found code-base-name: https://github.com/kavia-common/Thunder-712.git:kavia-R4_4
2025-10-27 08:59:38,008 - Knowledge - INFO - Found code_base: <app.utils.kg_build.knowledge.KnowledgeCodeBase object at 0x7f99453638d0>
2025-10-27 08:59:38,202 - Knowledge - INFO - process ingested knowledge for /app/data/tataelxsimcvaripplecode5379/718/b3129g6/Thunder-712/Tests/unit/tests/CMakeLists.txt
2025-10-27 08:59:38,401 - Knowledge - INFO - [FILE_READ] Completed: CMakeLists.txt, Duration: 6ms, Size: 1187
2025-10-27 08:59:38,592 - Knowledge - INFO - Found code-base-name: https://github.com/kavia-common/Thunder-712.git:kavia-R4_4
2025-10-27 08:59:38,749 - Knowledge - INFO - Found code_base: <app.utils.kg_build.knowledge.KnowledgeCodeBase object at 0x7f99453638d0>
2025-10-27 08:59:38,940 - Knowledge - INFO - process ingested knowledge for /app/data/tataelxsimcvaripplecode5379/718/b3129g6/Thunder-712/Tests/httpsclient/CMakeLists.txt
2025-10-27 08:59:39,120 - Knowledge - INFO - [FILE_READ] Completed: CMakeLists.txt, Duration: 5ms, Size: 458
2025-10-27 08:59:39,325 - Knowledge - INFO - Found code-base-name: https://github.com/kavia-common/Thunder-712.git:kavia-R4_4
2025-10-27 08:59:39,523 - Knowledge - INFO - Found code_base: <app.utils.kg_build.knowledge.KnowledgeCodeBase object at 0x7f99453638d0>
2025-10-27 08:59:39,741 - Knowledge - INFO - process ingested knowledge for /app/data/tataelxsimcvaripplecode5379/718/b3129g6/Thunder-712/Source/core/IIterator.h
2025-10-27 08:59:39,923 - Knowledge - INFO - [FILE_READ] Completed: IIterator.h, Duration: 5ms, Size: 13624
2025-10-27 08:59:40,107 - Knowledge - INFO - Found code-base-name: https://github.com/kavia-common/Thunder-712.git:kavia-R4_4
2025-10-27 08:59:40,339 - Knowledge - INFO - Found code_base: <app.utils.kg_build.knowledge.KnowledgeCodeBase object at 0x7f99453638d0>
2025-10-27 08:59:40,529 - Knowledge - INFO - process ingested knowledge for /app/data/tataelxsimcvaripplecode5379/718/b3129g6/Thunder-712/Tests/unit/IPTestAdministrator.h
2025-10-27 08:59:40,746 - Knowledge - INFO - [FILE_READ] Completed: IPTestAdministrator.h, Duration: 5ms, Size: 2537
2025-10-27 08:59:40,922 - Knowledge - INFO - Found code-base-name: https://github.com/kavia-common/Thunder-712.git:kavia-R4_4
2025-10-27 08:59:41,083 - Knowledge - INFO - Found code_base: <app.utils.kg_build.knowledge.KnowledgeCodeBase object at 0x7f99453638d0>
2025-10-27 08:59:41,308 - Knowledge - INFO - process ingested knowledge for /app/data/tataelxsimcvaripplecode5379/718/b3129g6/Thunder-712/docs/plugin/intro.md
2025-10-27 08:59:41,475 - Knowledge - INFO - [FILE_READ] Completed: intro.md, Duration: 5ms, Size: 1457
2025-10-27 08:59:41,671 - Knowledge - INFO - Found code-base-name: https://github.com/kavia-common/Thunder-712.git:kavia-R4_4
2025-10-27 08:59:41,841 - Knowledge - INFO - Found code_base: <app.utils.kg_build.knowledge.KnowledgeCodeBase object at 0x7f99453638d0>
2025-10-27 08:59:41,993 - Knowledge - INFO - process ingested knowledge for /app/data/tataelxsimcvaripplecode5379/718/b3129g6/Thunder-712/cmake/config/core/require.cmake
2025-10-27 08:59:42,163 - Knowledge - INFO - [FILE_READ] Completed: require.cmake, Duration: 5ms, Size: 230
2025-10-27 08:59:42,379 - Knowledge - INFO - Found code-base-name: https://github.com/kavia-common/Thunder-712.git:kavia-R4_4
2025-10-27 08:59:42,552 - Knowledge - INFO - Found code_base: <app.utils.kg_build.knowledge.KnowledgeCodeBase object at 0x7f99453638d0>
2025-10-27 08:59:42,738 - Knowledge - INFO - process ingested knowledge for /app/data/tataelxsimcvaripplecode5379/718/b3129g6/Thunder-712/Tests/unit/core/test_lockablecontainer.cpp
2025-10-27 08:59:42,903 - Knowledge - INFO - [FILE_READ] Completed: test_lockablecontainer.cpp, Duration: 5ms, Size: 1506
2025-10-27 08:59:43,125 - Knowledge - INFO - Found code-base-name: https://github.com/kavia-common/Thunder-712.git:kavia-R4_4
2025-10-27 08:59:43,330 - Knowledge - INFO - Found code_base: <app.utils.kg_build.knowledge.KnowledgeCodeBase object at 0x7f99453638d0>
2025-10-27 08:59:43,529 - Knowledge - INFO - process ingested knowledge for /app/data/tataelxsimcvaripplecode5379/718/b3129g6/Thunder-712/Source/core/ResourceMonitor.cpp
2025-10-27 08:59:43,713 - Knowledge - INFO - [FILE_READ] Completed: ResourceMonitor.cpp, Duration: 6ms, Size: 1464
2025-10-27 08:59:43,874 - Knowledge - INFO - Found code-base-name: https://github.com/kavia-common/Thunder-712.git:kavia-R4_4
2025-10-27 08:59:44,070 - Knowledge - INFO - Found code_base: <app.utils.kg_build.knowledge.KnowledgeCodeBase object at 0x7f99453638d0>
2025-10-27 08:59:44,245 - Knowledge - INFO - process ingested knowledge for /app/data/tataelxsimcvaripplecode5379/718/b3129g6/Thunder-712/cmake/config/events/event_get.cmake
2025-10-27 08:59:44,415 - Knowledge - INFO - [FILE_READ] Completed: event_get.cmake, Duration: 5ms, Size: 342
2025-10-27 08:59:44,582 - Knowledge - INFO - Found code-base-name: https://github.com/kavia-common/Thunder-712.git:kavia-R4_4
2025-10-27 08:59:44,782 - Knowledge - INFO - Found code_base: <app.utils.kg_build.knowledge.KnowledgeCodeBase object at 0x7f99453638d0>
2025-10-27 08:59:44,954 - Knowledge - INFO - process ingested knowledge for /app/data/tataelxsimcvaripplecode5379/718/b3129g6/Thunder-712/cmake/config/map/operations/map_foreach.cmake
2025-10-27 08:59:45,168 - Knowledge - INFO - [FILE_READ] Completed: map_foreach.cmake, Duration: 5ms, Size: 373
2025-10-27 08:59:45,373 - Knowledge - INFO - Found code-base-name: https://github.com/kavia-common/Thunder-712.git:kavia-R4_4
2025-10-27 08:59:45,560 - Knowledge - INFO - Found code_base: <app.utils.kg_build.knowledge.KnowledgeCodeBase object at 0x7f99453638d0>
2025-10-27 08:59:45,754 - Knowledge - INFO - process ingested knowledge for /app/data/tataelxsimcvaripplecode5379/718/b3129g6/Thunder-712/Tests/unit/core/test_tristate.cpp
2025-10-27 08:59:45,948 - Knowledge - INFO - [FILE_READ] Completed: test_tristate.cpp, Duration: 5ms, Size: 1424
2025-10-27 08:59:46,153 - Knowledge - INFO - Found code-base-name: https://github.com/kavia-common/Thunder-712.git:kavia-R4_4
2025-10-27 08:59:46,350 - Knowledge - INFO - Found code_base: <app.utils.kg_build.knowledge.KnowledgeCodeBase object at 0x7f99453638d0>
2025-10-27 08:59:46,557 - Knowledge - INFO - process ingested knowledge for /app/data/tataelxsimcvaripplecode5379/718/b3129g6/Thunder-712/cmake/config/map/helpers/map_match_properties.cmake
2025-10-27 08:59:46,745 - Knowledge - INFO - [FILE_READ] Completed: map_match_properties.cmake, Duration: 5ms, Size: 451
2025-10-27 08:59:46,899 - Knowledge - INFO - Found code-base-name: https://github.com/kavia-common/Thunder-712.git:kavia-R4_4
2025-10-27 08:59:47,095 - Knowledge - INFO - Found code_base: <app.utils.kg_build.knowledge.KnowledgeCodeBase object at 0x7f99453638d0>
2025-10-27 08:59:47,291 - Knowledge - INFO - process ingested knowledge for /app/data/tataelxsimcvaripplecode5379/718/b3129g6/Thunder-712/Source/cryptalgo/AESImplementation.h
2025-10-27 08:59:47,477 - Knowledge - INFO - [FILE_READ] Completed: AESImplementation.h, Duration: 6ms, Size: 10899
2025-10-27 08:59:47,677 - Knowledge - INFO - Found code-base-name: https://github.com/kavia-common/Thunder-712.git:kavia-R4_4
2025-10-27 08:59:47,858 - Knowledge - INFO - Found code_base: <app.utils.kg_build.knowledge.KnowledgeCodeBase object at 0x7f99453638d0>
2025-10-27 08:59:48,060 - Knowledge - INFO - process ingested knowledge for /app/data/tataelxsimcvaripplecode5379/718/b3129g6/Thunder-712/cmake/config/map/helpers/map_omit.cmake
2025-10-27 08:59:48,274 - Knowledge - INFO - [FILE_READ] Completed: map_omit.cmake, Duration: 5ms, Size: 227
2025-10-27 08:59:48,507 - Knowledge - INFO - Found code-base-name: https://github.com/kavia-common/Thunder-712.git:kavia-R4_4
2025-10-27 08:59:48,688 - Knowledge - INFO - Found code_base: <app.utils.kg_build.knowledge.KnowledgeCodeBase object at 0x7f99453638d0>
2025-10-27 08:59:48,860 - Knowledge - INFO - process ingested knowledge for /app/data/tataelxsimcvaripplecode5379/718/b3129g6/Thunder-712/Source/extensions/processcontainers/common/BaseContainerIterator.h
2025-10-27 08:59:49,025 - Knowledge - INFO - [FILE_READ] Completed: BaseContainerIterator.h, Duration: 5ms, Size: 2333
2025-10-27 08:59:49,215 - Knowledge - INFO - Found code-base-name: https://github.com/kavia-common/Thunder-712.git:kavia-R4_4
2025-10-27 08:59:49,402 - Knowledge - INFO - Found code_base: <app.utils.kg_build.knowledge.KnowledgeCodeBase object at 0x7f99453638d0>
2025-10-27 08:59:49,630 - Knowledge - INFO - process ingested knowledge for /app/data/tataelxsimcvaripplecode5379/718/b3129g6/Thunder-712/cmake/modules/FindExecInfo.cmake
2025-10-27 08:59:49,837 - Knowledge - INFO - [FILE_READ] Completed: FindExecInfo.cmake, Duration: 5ms, Size: 913
2025-10-27 08:59:50,009 - Knowledge - INFO - Found code-base-name: https://github.com/kavia-common/Thunder-712.git:kavia-R4_4
2025-10-27 08:59:50,200 - Knowledge - INFO - Found code_base: <app.utils.kg_build.knowledge.KnowledgeCodeBase object at 0x7f99453638d0>
2025-10-27 08:59:50,371 - Knowledge - INFO - process ingested knowledge for /app/data/tataelxsimcvaripplecode5379/718/b3129g6/Thunder-712/Source/com/IIteratorType.h
2025-10-27 08:59:50,572 - Knowledge - INFO - [FILE_READ] Completed: IIteratorType.h, Duration: 5ms, Size: 1367
2025-10-27 08:59:50,785 - Knowledge - INFO - Found code-base-name: https://github.com/kavia-common/Thunder-712.git:kavia-R4_4
2025-10-27 08:59:50,975 - Knowledge - INFO - Found code_base: <app.utils.kg_build.knowledge.KnowledgeCodeBase object at 0x7f99453638d0>
2025-10-27 08:59:51,145 - Knowledge - INFO - process ingested knowledge for /app/data/tataelxsimcvaripplecode5379/718/b3129g6/Thunder-712/Source/websocket/windows/include/zconf.h
2025-10-27 08:59:51,331 - Knowledge - INFO - [FILE_READ] Completed: zconf.h, Duration: 5ms, Size: 13272
2025-10-27 08:59:51,546 - Knowledge - INFO - Found code-base-name: https://github.com/kavia-common/Thunder-712.git:kavia-R4_4
2025-10-27 08:59:51,780 - Knowledge - INFO - Found code_base: <app.utils.kg_build.knowledge.KnowledgeCodeBase object at 0x7f99453638d0>
2025-10-27 08:59:51,976 - Knowledge - INFO - process ingested knowledge for /app/data/tataelxsimcvaripplecode5379/718/b3129g6/Thunder-712/Source/websocket/JSONRPCLink.h
2025-10-27 08:59:52,175 - Knowledge - INFO - [FILE_READ] Completed: JSONRPCLink.h, Duration: 7ms, Size: 56242
2025-10-27 08:59:52,373 - Knowledge - INFO - Found code-base-name: https://github.com/kavia-common/Thunder-712.git:kavia-R4_4
2025-10-27 08:59:52,526 - Knowledge - INFO - Found code_base: <app.utils.kg_build.knowledge.KnowledgeCodeBase object at 0x7f99453638d0>
2025-10-27 08:59:52,700 - Knowledge - INFO - process ingested knowledge for /app/data/tataelxsimcvaripplecode5379/718/b3129g6/Thunder-712/Tests/httpsclient/main.cpp
2025-10-27 08:59:52,910 - Knowledge - INFO - [FILE_READ] Completed: main.cpp, Duration: 6ms, Size: 6072
2025-10-27 08:59:53,070 - Knowledge - INFO - Found code-base-name: https://github.com/kavia-common/Thunder-712.git:kavia-R4_4
2025-10-27 08:59:53,252 - Knowledge - INFO - Found code_base: <app.utils.kg_build.knowledge.KnowledgeCodeBase object at 0x7f99453638d0>
2025-10-27 08:59:53,468 - Knowledge - INFO - process ingested knowledge for /app/data/tataelxsimcvaripplecode5379/718/b3129g6/Thunder-712/Source/plugins/plugins.h
2025-10-27 08:59:53,664 - Knowledge - INFO - [FILE_READ] Completed: plugins.h, Duration: 6ms, Size: 1564
2025-10-27 08:59:53,865 - Knowledge - INFO - Found code-base-name: https://github.com/kavia-common/Thunder-712.git:kavia-R4_4
2025-10-27 08:59:54,067 - Knowledge - INFO - Found code_base: <app.utils.kg_build.knowledge.KnowledgeCodeBase object at 0x7f99453638d0>
2025-10-27 08:59:54,281 - Knowledge - INFO - process ingested knowledge for /app/data/tataelxsimcvaripplecode5379/718/b3129g6/Thunder-712/Source/cryptalgo/Hash.cpp
2025-10-27 08:59:54,486 - Knowledge - INFO - [FILE_READ] Completed: Hash.cpp, Duration: 10ms, Size: 64595
2025-10-27 08:59:54,690 - Knowledge - INFO - Found code-base-name: https://github.com/kavia-common/Thunder-712.git:kavia-R4_4
2025-10-27 08:59:54,922 - Knowledge - INFO - Found code_base: <app.utils.kg_build.knowledge.KnowledgeCodeBase object at 0x7f99453638d0>
2025-10-27 08:59:55,118 - Knowledge - INFO - process ingested knowledge for /app/data/tataelxsimcvaripplecode5379/718/b3129g6/Thunder-712/Source/WPEFramework/IRemoteInstantiation.h
2025-10-27 08:59:55,400 - Knowledge - INFO - [FILE_READ] Completed: IRemoteInstantiation.h, Duration: 34ms, Size: 2371
2025-10-27 08:59:55,567 - Knowledge - INFO - Found code-base-name: https://github.com/kavia-common/Thunder-712.git:kavia-R4_4
2025-10-27 08:59:55,760 - Knowledge - INFO - Found code_base: <app.utils.kg_build.knowledge.KnowledgeCodeBase object at 0x7f99453638d0>
2025-10-27 08:59:55,953 - Knowledge - INFO - process ingested knowledge for /app/data/tataelxsimcvaripplecode5379/718/b3129g6/Thunder-712/cmake/common/CreateLink.cmake
2025-10-27 08:59:56,136 - Knowledge - INFO - [FILE_READ] Completed: CreateLink.cmake, Duration: 5ms, Size: 1007
2025-10-27 08:59:56,300 - Knowledge - INFO - Found code-base-name: https://github.com/kavia-common/Thunder-712.git:kavia-R4_4
2025-10-27 08:59:56,538 - Knowledge - INFO - Found code_base: <app.utils.kg_build.knowledge.KnowledgeCodeBase object at 0x7f99453638d0>
2025-10-27 08:59:56,732 - Knowledge - INFO - process ingested knowledge for /app/data/tataelxsimcvaripplecode5379/718/b3129g6/Thunder-712/Tests/workerpool-test/Module.cpp
2025-10-27 08:59:56,886 - Knowledge - INFO - [FILE_READ] Completed: Module.cpp, Duration: 5ms, Size: 778
2025-10-27 08:59:57,071 - Knowledge - INFO - Found code-base-name: https://github.com/kavia-common/Thunder-712.git:kavia-R4_4
2025-10-27 08:59:57,273 - Knowledge - INFO - Found code_base: <app.utils.kg_build.knowledge.KnowledgeCodeBase object at 0x7f99453638d0>
2025-10-27 08:59:57,490 - Knowledge - INFO - process ingested knowledge for /app/data/tataelxsimcvaripplecode5379/718/b3129g6/Thunder-712/Source/plugins/StateControl.h
2025-10-27 08:59:57,687 - Knowledge - INFO - [FILE_READ] Completed: StateControl.h, Duration: 5ms, Size: 927
2025-10-27 08:59:57,902 - Knowledge - INFO - Found code-base-name: https://github.com/kavia-common/Thunder-712.git:kavia-R4_4
2025-10-27 08:59:58,103 - Knowledge - INFO - Found code_base: <app.utils.kg_build.knowledge.KnowledgeCodeBase object at 0x7f99453638d0>
2025-10-27 08:59:58,267 - Knowledge - INFO - process ingested knowledge for /app/data/tataelxsimcvaripplecode5379/718/b3129g6/Thunder-712/Source/core/XGetopt.h
2025-10-27 08:59:58,483 - Knowledge - INFO - [FILE_READ] Completed: XGetopt.h, Duration: 5ms, Size: 2099
2025-10-27 08:59:58,692 - Knowledge - INFO - Found code-base-name: https://github.com/kavia-common/Thunder-712.git:kavia-R4_4
2025-10-27 08:59:58,857 - Knowledge - INFO - Found code_base: <app.utils.kg_build.knowledge.KnowledgeCodeBase object at 0x7f99453638d0>
2025-10-27 08:59:59,055 - Knowledge - INFO - process ingested knowledge for /app/data/tataelxsimcvaripplecode5379/718/b3129g6/Thunder-712/Source/plugins/VirtualInput.cpp
2025-10-27 08:59:59,230 - Knowledge - INFO - [FILE_READ] Completed: VirtualInput.cpp, Duration: 7ms, Size: 30701
2025-10-27 08:59:59,432 - Knowledge - INFO - Found code-base-name: https://github.com/kavia-common/Thunder-712.git:kavia-R4_4
2025-10-27 08:59:59,578 - Knowledge - INFO - Found code_base: <app.utils.kg_build.knowledge.KnowledgeCodeBase object at 0x7f99453638d0>
2025-10-27 08:59:59,805 - Knowledge - INFO - process ingested knowledge for /app/data/tataelxsimcvaripplecode5379/718/b3129g6/Thunder-712/Source/messaging/Module.h
2025-10-27 09:00:00,022 - Knowledge - INFO - [FILE_READ] Completed: Module.h, Duration: 21ms, Size: 925
2025-10-27 09:00:00,250 - Knowledge - INFO - Found code-base-name: https://github.com/kavia-common/Thunder-712.git:kavia-R4_4
2025-10-27 09:00:00,471 - Knowledge - INFO - Found code_base: <app.utils.kg_build.knowledge.KnowledgeCodeBase object at 0x7f99453638d0>
2025-10-27 09:00:00,661 - Knowledge - INFO - process ingested knowledge for /app/data/tataelxsimcvaripplecode5379/718/b3129g6/Thunder-712/cmake/config/map/helpers/map_keys_remove.cmake
2025-10-27 09:00:00,872 - Knowledge - INFO - [FILE_READ] Completed: map_keys_remove.cmake, Duration: 5ms, Size: 225
2025-10-27 09:00:01,059 - Knowledge - INFO - Found code-base-name: https://github.com/kavia-common/Thunder-712.git:kavia-R4_4
2025-10-27 09:00:01,311 - Knowledge - INFO - Found code_base: <app.utils.kg_build.knowledge.KnowledgeCodeBase object at 0x7f99453638d0>
2025-10-27 09:00:01,528 - Knowledge - INFO - process ingested knowledge for /app/data/tataelxsimcvaripplecode5379/718/b3129g6/Thunder-712/cmake/config/map/helpers/map_count.cmake
2025-10-27 09:00:01,729 - Knowledge - INFO - [FILE_READ] Completed: map_count.cmake, Duration: 6ms, Size: 159
2025-10-27 09:00:01,918 - Knowledge - INFO - Found code-base-name: https://github.com/kavia-common/Thunder-712.git:kavia-R4_4
2025-10-27 09:00:02,097 - Knowledge - INFO - Found code_base: <app.utils.kg_build.knowledge.KnowledgeCodeBase object at 0x7f99453638d0>
2025-10-27 09:00:02,322 - Knowledge - INFO - process ingested knowledge for /app/data/tataelxsimcvaripplecode5379/718/b3129g6/Thunder-712/Utils/PluginActivator/CMakeLists.txt
2025-10-27 09:00:02,565 - Knowledge - INFO - [FILE_READ] Completed: CMakeLists.txt, Duration: 5ms, Size: 1185
2025-10-27 09:00:02,761 - Knowledge - INFO - Found code-base-name: https://github.com/kavia-common/Thunder-712.git:kavia-R4_4
2025-10-27 09:00:02,967 - Knowledge - INFO - Found code_base: <app.utils.kg_build.knowledge.KnowledgeCodeBase object at 0x7f99453638d0>
2025-10-27 09:00:03,181 - Knowledge - INFO - process ingested knowledge for /app/data/tataelxsimcvaripplecode5379/718/b3129g6/Thunder-712/Tests/unit/core/test_readwritelock.cpp
2025-10-27 09:00:03,365 - Knowledge - INFO - [FILE_READ] Completed: test_readwritelock.cpp, Duration: 5ms, Size: 1097
2025-10-27 09:00:03,551 - Knowledge - INFO - Found code-base-name: https://github.com/kavia-common/Thunder-712.git:kavia-R4_4
2025-10-27 09:00:03,727 - Knowledge - INFO - Found code_base: <app.utils.kg_build.knowledge.KnowledgeCodeBase object at 0x7f99453638d0>
2025-10-27 09:00:03,930 - Knowledge - INFO - process ingested knowledge for /app/data/tataelxsimcvaripplecode5379/718/b3129g6/Thunder-712/Source/WPEFramework/PostMortem.h
2025-10-27 09:00:04,146 - Knowledge - INFO - [FILE_READ] Completed: PostMortem.h, Duration: 6ms, Size: 4440
2025-10-27 09:00:04,330 - Knowledge - INFO - Found code-base-name: https://github.com/kavia-common/Thunder-712.git:kavia-R4_4
2025-10-27 09:00:04,511 - Knowledge - INFO - Found code_base: <app.utils.kg_build.knowledge.KnowledgeCodeBase object at 0x7f99453638d0>
2025-10-27 09:00:04,678 - Knowledge - INFO - process ingested knowledge for /app/data/tataelxsimcvaripplecode5379/718/b3129g6/Thunder-712/Source/websocket/WebResponse.h
2025-10-27 09:00:04,901 - Knowledge - INFO - [FILE_READ] Completed: WebResponse.h, Duration: 6ms, Size: 14700
2025-10-27 09:00:05,067 - Knowledge - INFO - Found code-base-name: https://github.com/kavia-common/Thunder-712.git:kavia-R4_4
2025-10-27 09:00:05,284 - Knowledge - INFO - Found code_base: <app.utils.kg_build.knowledge.KnowledgeCodeBase object at 0x7f99453638d0>
2025-10-27 09:00:05,484 - Knowledge - INFO - process ingested knowledge for /app/data/tataelxsimcvaripplecode5379/718/b3129g6/Thunder-712/cmake/common/HeaderOnlyInstall.cmake
2025-10-27 09:00:05,676 - Knowledge - INFO - [FILE_READ] Completed: HeaderOnlyInstall.cmake, Duration: 6ms, Size: 11364
2025-10-27 09:00:05,888 - Knowledge - INFO - Found code-base-name: https://github.com/kavia-common/Thunder-712.git:kavia-R4_4
2025-10-27 09:00:06,066 - Knowledge - INFO - Found code_base: <app.utils.kg_build.knowledge.KnowledgeCodeBase object at 0x7f99453638d0>
2025-10-27 09:00:06,271 - Knowledge - INFO - process ingested knowledge for /app/data/tataelxsimcvaripplecode5379/718/b3129g6/Thunder-712/Source/core/CallsignTLS.cpp
2025-10-27 09:00:06,495 - Knowledge - INFO - [FILE_READ] Completed: CallsignTLS.cpp, Duration: 5ms, Size: 1592
2025-10-27 09:00:06,670 - Knowledge - INFO - Found code-base-name: https://github.com/kavia-common/Thunder-712.git:kavia-R4_4
2025-10-27 09:00:06,827 - Knowledge - INFO - Found code_base: <app.utils.kg_build.knowledge.KnowledgeCodeBase object at 0x7f99453638d0>
2025-10-27 09:00:07,021 - Knowledge - INFO - process ingested knowledge for /app/data/tataelxsimcvaripplecode5379/718/b3129g6/Thunder-712/Source/core/Frame.h
2025-10-27 09:00:07,225 - Knowledge - INFO - [FILE_READ] Completed: Frame.h, Duration: 5ms, Size: 28896
2025-10-27 09:00:07,394 - Knowledge - INFO - Found code-base-name: https://github.com/kavia-common/Thunder-712.git:kavia-R4_4
2025-10-27 09:00:07,604 - Knowledge - INFO - Found code_base: <app.utils.kg_build.knowledge.KnowledgeCodeBase object at 0x7f99453638d0>
2025-10-27 09:00:07,761 - Knowledge - INFO - process ingested knowledge for /app/data/tataelxsimcvaripplecode5379/718/b3129g6/Thunder-712/Tests/file-unlink/file-master.cpp
2025-10-27 09:00:07,946 - Knowledge - INFO - [FILE_READ] Completed: file-master.cpp, Duration: 6ms, Size: 513
2025-10-27 09:00:08,155 - Knowledge - INFO - Found code-base-name: https://github.com/kavia-common/Thunder-712.git:kavia-R4_4
2025-10-27 09:00:08,395 - Knowledge - INFO - Found code_base: <app.utils.kg_build.knowledge.KnowledgeCodeBase object at 0x7f99453638d0>
2025-10-27 09:00:08,562 - Knowledge - INFO - process ingested knowledge for /app/data/tataelxsimcvaripplecode5379/718/b3129g6/Thunder-712/cmake/config/map/core/map_delete.cmake
2025-10-27 09:00:08,749 - Knowledge - INFO - [FILE_READ] Completed: map_delete.cmake, Duration: 6ms, Size: 138
2025-10-27 09:00:08,926 - Knowledge - INFO - Found code-base-name: https://github.com/kavia-common/Thunder-712.git:kavia-R4_4
2025-10-27 09:00:09,125 - Knowledge - INFO - Found code_base: <app.utils.kg_build.knowledge.KnowledgeCodeBase object at 0x7f99453638d0>
2025-10-27 09:00:09,321 - Knowledge - INFO - process ingested knowledge for /app/data/tataelxsimcvaripplecode5379/718/b3129g6/Thunder-712/Source/core/ProcessInfo.h
2025-10-27 09:00:09,526 - Knowledge - INFO - [FILE_READ] Completed: ProcessInfo.h, Duration: 6ms, Size: 11033
2025-10-27 09:00:09,722 - Knowledge - INFO - Found code-base-name: https://github.com/kavia-common/Thunder-712.git:kavia-R4_4
2025-10-27 09:00:09,915 - Knowledge - INFO - Found code_base: <app.utils.kg_build.knowledge.KnowledgeCodeBase object at 0x7f99453638d0>
2025-10-27 09:00:10,110 - Knowledge - INFO - process ingested knowledge for /app/data/tataelxsimcvaripplecode5379/718/b3129g6/Thunder-712/cmake/config/map/operations/map_equal.cmake
2025-10-27 09:00:10,275 - Knowledge - INFO - [FILE_READ] Completed: map_equal.cmake, Duration: 5ms, Size: 2215
2025-10-27 09:00:10,505 - Knowledge - INFO - Found code-base-name: https://github.com/kavia-common/Thunder-712.git:kavia-R4_4
2025-10-27 09:00:10,690 - Knowledge - INFO - Found code_base: <app.utils.kg_build.knowledge.KnowledgeCodeBase object at 0x7f99453638d0>
2025-10-27 09:00:10,865 - Knowledge - INFO - process ingested knowledge for /app/data/tataelxsimcvaripplecode5379/718/b3129g6/Thunder-712/cmake/config/map/map_import_properties.cmake
2025-10-27 09:00:11,107 - Knowledge - INFO - [FILE_READ] Completed: map_import_properties.cmake, Duration: 5ms, Size: 288
2025-10-27 09:00:11,285 - Knowledge - INFO - Found code-base-name: https://github.com/kavia-common/Thunder-712.git:kavia-R4_4
2025-10-27 09:00:11,470 - Knowledge - INFO - Found code_base: <app.utils.kg_build.knowledge.KnowledgeCodeBase object at 0x7f99453638d0>
2025-10-27 09:00:11,682 - Knowledge - INFO - process ingested knowledge for /app/data/tataelxsimcvaripplecode5379/718/b3129g6/Thunder-712/cmake/modules/FindDBusClient.cmake
2025-10-27 09:00:11,868 - Knowledge - INFO - [FILE_READ] Completed: FindDBusClient.cmake, Duration: 5ms, Size: 1466
2025-10-27 09:00:12,071 - Knowledge - INFO - Found code-base-name: https://github.com/kavia-common/Thunder-712.git:kavia-R4_4
2025-10-27 09:00:12,228 - Knowledge - INFO - Found code_base: <app.utils.kg_build.knowledge.KnowledgeCodeBase object at 0x7f99453638d0>
2025-10-27 09:00:12,413 - Knowledge - INFO - process ingested knowledge for /app/data/tataelxsimcvaripplecode5379/718/b3129g6/Thunder-712/Source/WPEFramework/Config.h
2025-10-27 09:00:12,657 - Knowledge - INFO - [FILE_READ] Completed: Config.h, Duration: 8ms, Size: 40033
2025-10-27 09:00:12,841 - Knowledge - INFO - Found code-base-name: https://github.com/kavia-common/Thunder-712.git:kavia-R4_4
2025-10-27 09:00:13,030 - Knowledge - INFO - Found code_base: <app.utils.kg_build.knowledge.KnowledgeCodeBase object at 0x7f99453638d0>
2025-10-27 09:00:13,222 - Knowledge - INFO - process ingested knowledge for /app/data/tataelxsimcvaripplecode5379/718/b3129g6/Thunder-712/Source/WPEFramework/WarningReportingCategories.h
2025-10-27 09:00:13,433 - Knowledge - INFO - [FILE_READ] Completed: WarningReportingCategories.h, Duration: 7ms, Size: 8093
2025-10-27 09:00:13,632 - Knowledge - INFO - Found code-base-name: https://github.com/kavia-common/Thunder-712.git:kavia-R4_4
2025-10-27 09:00:13,798 - Knowledge - INFO - Found code_base: <app.utils.kg_build.knowledge.KnowledgeCodeBase object at 0x7f99453638d0>
2025-10-27 09:00:13,956 - Knowledge - INFO - process ingested knowledge for /app/data/tataelxsimcvaripplecode5379/718/b3129g6/Thunder-712/Source/extensions/processcontainers/implementations/AWCImplementation/AWCContainerBase.cpp
2025-10-27 09:00:14,148 - Knowledge - INFO - [FILE_READ] Completed: AWCContainerBase.cpp, Duration: 5ms, Size: 1076
2025-10-27 09:00:14,361 - Knowledge - INFO - Found code-base-name: https://github.com/kavia-common/Thunder-712.git:kavia-R4_4
2025-10-27 09:00:14,533 - Knowledge - INFO - Found code_base: <app.utils.kg_build.knowledge.KnowledgeCodeBase object at 0x7f99453638d0>
2025-10-27 09:00:14,774 - Knowledge - INFO - process ingested knowledge for /app/data/tataelxsimcvaripplecode5379/718/b3129g6/Thunder-712/Tests/unit/core/test_ipc.cpp
2025-10-27 09:00:14,961 - Knowledge - INFO - [FILE_READ] Completed: test_ipc.cpp, Duration: 6ms, Size: 33213
2025-10-27 09:00:15,206 - Knowledge - INFO - Found code-base-name: https://github.com/kavia-common/Thunder-712.git:kavia-R4_4
2025-10-27 09:00:15,409 - Knowledge - INFO - Found code_base: <app.utils.kg_build.knowledge.KnowledgeCodeBase object at 0x7f99453638d0>
2025-10-27 09:00:15,565 - Knowledge - INFO - process ingested knowledge for /app/data/tataelxsimcvaripplecode5379/718/b3129g6/Thunder-712/Source/com/Communicator.h
2025-10-27 09:00:15,882 - Knowledge - INFO - [FILE_READ] Completed: Communicator.h, Duration: 7ms, Size: 66460
2025-10-27 09:00:16,093 - Knowledge - INFO - Found code-base-name: https://github.com/kavia-common/Thunder-712.git:kavia-R4_4
2025-10-27 09:00:16,233 - Knowledge - INFO - Found code_base: <app.utils.kg_build.knowledge.KnowledgeCodeBase object at 0x7f99453638d0>
2025-10-27 09:00:16,446 - Knowledge - INFO - process ingested knowledge for /app/data/tataelxsimcvaripplecode5379/718/b3129g6/Thunder-712/cmake/modules/FindLIBRT.cmake
2025-10-27 09:00:16,645 - Knowledge - INFO - [FILE_READ] Completed: FindLIBRT.cmake, Duration: 7ms, Size: 1502
2025-10-27 09:00:16,865 - Knowledge - INFO - Found code-base-name: https://github.com/kavia-common/Thunder-712.git:kavia-R4_4
2025-10-27 09:00:17,088 - Knowledge - INFO - Found code_base: <app.utils.kg_build.knowledge.KnowledgeCodeBase object at 0x7f99453638d0>
2025-10-27 09:00:17,258 - Knowledge - INFO - process ingested knowledge for /app/data/tataelxsimcvaripplecode5379/718/b3129g6/Thunder-712/cmake/config/quickmap/end.cmake
2025-10-27 09:00:17,439 - Knowledge - INFO - [FILE_READ] Completed: end.cmake, Duration: 5ms, Size: 509
2025-10-27 09:00:17,625 - Knowledge - INFO - Found code-base-name: https://github.com/kavia-common/Thunder-712.git:kavia-R4_4
2025-10-27 09:00:17,833 - Knowledge - INFO - Found code_base: <app.utils.kg_build.knowledge.KnowledgeCodeBase object at 0x7f99453638d0>
2025-10-27 09:00:18,013 - Knowledge - INFO - process ingested knowledge for /app/data/tataelxsimcvaripplecode5379/718/b3129g6/Thunder-712/Source/extensions/warningreporting/Module.cpp
2025-10-27 09:00:18,178 - Knowledge - INFO - [FILE_READ] Completed: Module.cpp, Duration: 5ms, Size: 779
2025-10-27 09:00:18,356 - Knowledge - INFO - Found code-base-name: https://github.com/kavia-common/Thunder-712.git:kavia-R4_4
2025-10-27 09:00:18,530 - Knowledge - INFO - Found code_base: <app.utils.kg_build.knowledge.KnowledgeCodeBase object at 0x7f99453638d0>
2025-10-27 09:00:18,743 - Knowledge - INFO - process ingested knowledge for /app/data/tataelxsimcvaripplecode5379/718/b3129g6/Thunder-712/cmake/config.cmake
2025-10-27 09:00:18,908 - Knowledge - INFO - [FILE_READ] Completed: config.cmake, Duration: 6ms, Size: 1466
2025-10-27 09:00:19,127 - Knowledge - INFO - Found code-base-name: https://github.com/kavia-common/Thunder-712.git:kavia-R4_4
2025-10-27 09:00:19,325 - Knowledge - INFO - Found code_base: <app.utils.kg_build.knowledge.KnowledgeCodeBase object at 0x7f99453638d0>
2025-10-27 09:00:19,552 - Knowledge - INFO - process ingested knowledge for /app/data/tataelxsimcvaripplecode5379/718/b3129g6/Thunder-712/Source/websocket/JSONWebToken.h
2025-10-27 09:00:19,757 - Knowledge - INFO - [FILE_READ] Completed: JSONWebToken.h, Duration: 8ms, Size: 1615
2025-10-27 09:00:19,941 - Knowledge - INFO - Found code-base-name: https://github.com/kavia-common/Thunder-712.git:kavia-R4_4
2025-10-27 09:00:20,132 - Knowledge - INFO - Found code_base: <app.utils.kg_build.knowledge.KnowledgeCodeBase object at 0x7f99453638d0>
2025-10-27 09:00:20,340 - Knowledge - INFO - process ingested knowledge for /app/data/tataelxsimcvaripplecode5379/718/b3129g6/Thunder-712/Source/core/IAction.h
2025-10-27 09:00:20,539 - Knowledge - INFO - [FILE_READ] Completed: IAction.h, Duration: 5ms, Size: 1438
2025-10-27 09:00:20,733 - Knowledge - INFO - Found code-base-name: https://github.com/kavia-common/Thunder-712.git:kavia-R4_4
2025-10-27 09:00:21,012 - Knowledge - INFO - Found code_base: <app.utils.kg_build.knowledge.KnowledgeCodeBase object at 0x7f99453638d0>
2025-10-27 09:00:21,219 - Knowledge - INFO - process ingested knowledge for /app/data/tataelxsimcvaripplecode5379/718/b3129g6/Thunder-712/cmake/config/ref/address_get.cmake
2025-10-27 09:00:21,404 - Knowledge - INFO - [FILE_READ] Completed: address_get.cmake, Duration: 5ms, Size: 216
2025-10-27 09:00:21,601 - Knowledge - INFO - Found code-base-name: https://github.com/kavia-common/Thunder-712.git:kavia-R4_4
2025-10-27 09:00:21,756 - Knowledge - INFO - Found code_base: <app.utils.kg_build.knowledge.KnowledgeCodeBase object at 0x7f99453638d0>
2025-10-27 09:00:21,972 - Knowledge - INFO - process ingested knowledge for /app/data/tataelxsimcvaripplecode5379/718/b3129g6/Thunder-712/Source/extensions/processcontainers/implementations/LXCImplementation/LXCImplementation.cpp
2025-10-27 09:00:22,144 - Knowledge - INFO - [FILE_READ] Completed: LXCImplementation.cpp, Duration: 6ms, Size: 17605
2025-10-27 09:00:22,501 - Knowledge - INFO - Found code-base-name: https://github.com/kavia-common/Thunder-712.git:kavia-R4_4
2025-10-27 09:00:22,704 - Knowledge - INFO - Found code_base: <app.utils.kg_build.knowledge.KnowledgeCodeBase object at 0x7f99453638d0>
2025-10-27 09:00:22,875 - Knowledge - INFO - process ingested knowledge for /app/data/tataelxsimcvaripplecode5379/718/b3129g6/Thunder-712/Tests/unit/core/test_synchronize.cpp
2025-10-27 09:00:23,067 - Knowledge - INFO - [FILE_READ] Completed: test_synchronize.cpp, Duration: 7ms, Size: 1825
2025-10-27 09:00:23,267 - Knowledge - INFO - Found code-base-name: https://github.com/kavia-common/Thunder-712.git:kavia-R4_4
2025-10-27 09:00:23,475 - Knowledge - INFO - Found code_base: <app.utils.kg_build.knowledge.KnowledgeCodeBase object at 0x7f99453638d0>
2025-10-27 09:00:23,728 - Knowledge - INFO - process ingested knowledge for /app/data/tataelxsimcvaripplecode5379/718/b3129g6/Thunder-712/cmake/config/map/core/map_tryget.cmake
2025-10-27 09:00:23,939 - Knowledge - INFO - [FILE_READ] Completed: map_tryget.cmake, Duration: 7ms, Size: 439
2025-10-27 09:00:24,150 - Knowledge - INFO - Found code-base-name: https://github.com/kavia-common/Thunder-712.git:kavia-R4_4
2025-10-27 09:00:24,334 - Knowledge - INFO - Found code_base: <app.utils.kg_build.knowledge.KnowledgeCodeBase object at 0x7f99453638d0>
2025-10-27 09:00:24,505 - Knowledge - INFO - process ingested knowledge for /app/data/tataelxsimcvaripplecode5379/718/b3129g6/Thunder-712/Source/com/Module.cpp
2025-10-27 09:00:24,687 - Knowledge - INFO - [FILE_READ] Completed: Module.cpp, Duration: 6ms, Size: 777
2025-10-27 09:00:24,873 - Knowledge - INFO - Found code-base-name: https://github.com/kavia-common/Thunder-712.git:kavia-R4_4
2025-10-27 09:00:25,057 - Knowledge - INFO - Found code_base: <app.utils.kg_build.knowledge.KnowledgeCodeBase object at 0x7f99453638d0>
2025-10-27 09:00:25,300 - Knowledge - INFO - process ingested knowledge for /app/data/tataelxsimcvaripplecode5379/718/b3129g6/Thunder-712/Source/plugins/IControllerDeprecated.h
2025-10-27 09:00:25,484 - Knowledge - INFO - [FILE_READ] Completed: IControllerDeprecated.h, Duration: 5ms, Size: 1499
2025-10-27 09:00:25,677 - Knowledge - INFO - Found code-base-name: https://github.com/kavia-common/Thunder-712.git:kavia-R4_4
2025-10-27 09:00:25,855 - Knowledge - INFO - Found code_base: <app.utils.kg_build.knowledge.KnowledgeCodeBase object at 0x7f99453638d0>
2025-10-27 09:00:26,054 - Knowledge - INFO - process ingested knowledge for /app/data/tataelxsimcvaripplecode5379/718/b3129g6/Thunder-712/cmake/config/map/helpers/map_peek_back.cmake
2025-10-27 09:00:26,217 - Knowledge - INFO - [FILE_READ] Completed: map_peek_back.cmake, Duration: 9ms, Size: 128
2025-10-27 09:00:26,399 - Knowledge - INFO - Found code-base-name: https://github.com/kavia-common/Thunder-712.git:kavia-R4_4
2025-10-27 09:00:26,554 - Knowledge - INFO - Found code_base: <app.utils.kg_build.knowledge.KnowledgeCodeBase object at 0x7f99453638d0>
2025-10-27 09:00:26,746 - Knowledge - INFO - process ingested knowledge for /app/data/tataelxsimcvaripplecode5379/718/b3129g6/Thunder-712/cmake/config/ref/address_push_back.cmake
2025-10-27 09:00:26,924 - Knowledge - INFO - [FILE_READ] Completed: address_push_back.cmake, Duration: 6ms, Size: 191
2025-10-27 09:00:27,115 - Knowledge - INFO - Found code-base-name: https://github.com/kavia-common/Thunder-712.git:kavia-R4_4
2025-10-27 09:00:27,286 - Knowledge - INFO - Found code_base: <app.utils.kg_build.knowledge.KnowledgeCodeBase object at 0x7f99453638d0>
2025-10-27 09:00:27,492 - Knowledge - INFO - process ingested knowledge for /app/data/tataelxsimcvaripplecode5379/718/b3129g6/Thunder-712/Source/WPEFramework/Module.h
2025-10-27 09:00:27,722 - Knowledge - INFO - [FILE_READ] Completed: Module.h, Duration: 5ms, Size: 1328
2025-10-27 09:00:27,914 - Knowledge - INFO - Found code-base-name: https://github.com/kavia-common/Thunder-712.git:kavia-R4_4
2025-10-27 09:00:28,109 - Knowledge - INFO - Found code_base: <app.utils.kg_build.knowledge.KnowledgeCodeBase object at 0x7f99453638d0>
2025-10-27 09:00:28,311 - Knowledge - INFO - process ingested knowledge for /app/data/tataelxsimcvaripplecode5379/718/b3129g6/Thunder-712/cmake/config/collections/list_push_front.cmake
2025-10-27 09:00:28,532 - Knowledge - INFO - [FILE_READ] Completed: list_push_front.cmake, Duration: 4ms, Size: 211
2025-10-27 09:00:28,730 - Knowledge - INFO - Found code-base-name: https://github.com/kavia-common/Thunder-712.git:kavia-R4_4
2025-10-27 09:00:28,901 - Knowledge - INFO - Found code_base: <app.utils.kg_build.knowledge.KnowledgeCodeBase object at 0x7f99453638d0>
2025-10-27 09:00:29,060 - Knowledge - INFO - process ingested knowledge for /app/data/tataelxsimcvaripplecode5379/718/b3129g6/Thunder-712/cmake/common/GetExternalCode.cmake
2025-10-27 09:00:29,230 - Knowledge - INFO - [FILE_READ] Completed: GetExternalCode.cmake, Duration: 5ms, Size: 3353
2025-10-27 09:00:29,402 - Knowledge - INFO - Found code-base-name: https://github.com/kavia-common/Thunder-712.git:kavia-R4_4
2025-10-27 09:00:29,550 - Knowledge - INFO - Found code_base: <app.utils.kg_build.knowledge.KnowledgeCodeBase object at 0x7f99453638d0>
2025-10-27 09:00:29,755 - Knowledge - INFO - process ingested knowledge for /app/data/tataelxsimcvaripplecode5379/718/b3129g6/Thunder-712/Source/core/IPCConnector.h
2025-10-27 09:00:29,984 - Knowledge - INFO - [FILE_READ] Completed: IPCConnector.h, Duration: 6ms, Size: 33937
2025-10-27 09:00:30,203 - Knowledge - INFO - Found code-base-name: https://github.com/kavia-common/Thunder-712.git:kavia-R4_4
2025-10-27 09:00:30,399 - Knowledge - INFO - Found code_base: <app.utils.kg_build.knowledge.KnowledgeCodeBase object at 0x7f99453638d0>
2025-10-27 09:00:30,604 - Knowledge - INFO - process ingested knowledge for /app/data/tataelxsimcvaripplecode5379/718/b3129g6/Thunder-712/cmake/config/map/helpers/map_at.cmake
2025-10-27 09:00:30,784 - Knowledge - INFO - [FILE_READ] Completed: map_at.cmake, Duration: 5ms, Size: 167
2025-10-27 09:00:31,018 - Knowledge - INFO - Found code-base-name: https://github.com/kavia-common/Thunder-712.git:kavia-R4_4
2025-10-27 09:00:31,188 - Knowledge - INFO - Found code_base: <app.utils.kg_build.knowledge.KnowledgeCodeBase object at 0x7f99453638d0>
2025-10-27 09:00:31,380 - Knowledge - INFO - process ingested knowledge for /app/data/tataelxsimcvaripplecode5379/718/b3129g6/Thunder-712/Utils/PluginActivator/source/COMRPCStarter.cpp
2025-10-27 09:00:31,563 - Knowledge - INFO - [FILE_READ] Completed: COMRPCStarter.cpp, Duration: 5ms, Size: 4004
2025-10-27 09:00:31,772 - Knowledge - INFO - Found code-base-name: https://github.com/kavia-common/Thunder-712.git:kavia-R4_4
2025-10-27 09:00:31,944 - Knowledge - INFO - Found code_base: <app.utils.kg_build.knowledge.KnowledgeCodeBase object at 0x7f99453638d0>
2025-10-27 09:00:32,116 - Knowledge - INFO - process ingested knowledge for /app/data/tataelxsimcvaripplecode5379/718/b3129g6/Thunder-712/cmake/config/map/iterator/map_iterator_break.cmake
2025-10-27 09:00:32,303 - Knowledge - INFO - [FILE_READ] Completed: map_iterator_break.cmake, Duration: 5ms, Size: 363
2025-10-27 09:00:32,526 - Knowledge - INFO - Found code-base-name: https://github.com/kavia-common/Thunder-712.git:kavia-R4_4
2025-10-27 09:00:32,703 - Knowledge - INFO - Found code_base: <app.utils.kg_build.knowledge.KnowledgeCodeBase object at 0x7f99453638d0>
2025-10-27 09:00:32,889 - Knowledge - INFO - process ingested knowledge for /app/data/tataelxsimcvaripplecode5379/718/b3129g6/Thunder-712/cmake/config/events/is_event.cmake
2025-10-27 09:00:33,073 - Knowledge - INFO - [FILE_READ] Completed: is_event.cmake, Duration: 5ms, Size: 466
2025-10-27 09:00:33,286 - Knowledge - INFO - Found code-base-name: https://github.com/kavia-common/Thunder-712.git:kavia-R4_4
2025-10-27 09:00:33,463 - Knowledge - INFO - Found code_base: <app.utils.kg_build.knowledge.KnowledgeCodeBase object at 0x7f99453638d0>
2025-10-27 09:00:33,661 - Knowledge - INFO - process ingested knowledge for /app/data/tataelxsimcvaripplecode5379/718/b3129g6/Thunder-712/Source/com/Administrator.h
2025-10-27 09:00:33,816 - Knowledge - INFO - [FILE_READ] Completed: Administrator.h, Duration: 6ms, Size: 23352
2025-10-27 09:00:34,043 - Knowledge - INFO - Found code-base-name: https://github.com/kavia-common/Thunder-712.git:kavia-R4_4
2025-10-27 09:00:34,205 - Knowledge - INFO - Found code_base: <app.utils.kg_build.knowledge.KnowledgeCodeBase object at 0x7f99453638d0>
2025-10-27 09:00:34,408 - Knowledge - INFO - process ingested knowledge for /app/data/tataelxsimcvaripplecode5379/718/b3129g6/Thunder-712/cmake/config/events/event_removehandler.cmake
2025-10-27 09:00:34,610 - Knowledge - INFO - [FILE_READ] Completed: event_removehandler.cmake, Duration: 7ms, Size: 437
2025-10-27 09:00:34,793 - Knowledge - INFO - Found code-base-name: https://github.com/kavia-common/Thunder-712.git:kavia-R4_4
2025-10-27 09:00:34,980 - Knowledge - INFO - Found code_base: <app.utils.kg_build.knowledge.KnowledgeCodeBase object at 0x7f99453638d0>
2025-10-27 09:00:35,191 - Knowledge - INFO - process ingested knowledge for /app/data/tataelxsimcvaripplecode5379/718/b3129g6/Thunder-712/Source/messaging/Logging.cpp
2025-10-27 09:00:35,380 - Knowledge - INFO - [FILE_READ] Completed: Logging.cpp, Duration: 6ms, Size: 3873
2025-10-27 09:00:35,582 - Knowledge - INFO - Found code-base-name: https://github.com/kavia-common/Thunder-712.git:kavia-R4_4
2025-10-27 09:00:35,772 - Knowledge - INFO - Found code_base: <app.utils.kg_build.knowledge.KnowledgeCodeBase object at 0x7f99453638d0>
2025-10-27 09:00:35,939 - Knowledge - INFO - process ingested knowledge for /app/data/tataelxsimcvaripplecode5379/718/b3129g6/Thunder-712/cmake/config/formats/json/json3.cmake
2025-10-27 09:00:36,101 - Knowledge - INFO - [FILE_READ] Completed: json3.cmake, Duration: 5ms, Size: 2823
2025-10-27 09:00:36,298 - Knowledge - INFO - Found code-base-name: https://github.com/kavia-common/Thunder-712.git:kavia-R4_4
2025-10-27 09:00:36,467 - Knowledge - INFO - Found code_base: <app.utils.kg_build.knowledge.KnowledgeCodeBase object at 0x7f99453638d0>
2025-10-27 09:00:36,730 - Knowledge - INFO - process ingested knowledge for /app/data/tataelxsimcvaripplecode5379/718/b3129g6/Thunder-712/Source/tracing/tracing.h
2025-10-27 09:00:36,953 - Knowledge - INFO - [FILE_READ] Completed: tracing.h, Duration: 5ms, Size: 748
2025-10-27 09:00:37,147 - Knowledge - INFO - Found code-base-name: https://github.com/kavia-common/Thunder-712.git:kavia-R4_4
2025-10-27 09:00:37,306 - Knowledge - INFO - Found code_base: <app.utils.kg_build.knowledge.KnowledgeCodeBase object at 0x7f99453638d0>
2025-10-27 09:00:37,491 - Knowledge - INFO - process ingested knowledge for /app/data/tataelxsimcvaripplecode5379/718/b3129g6/Thunder-712/cmake/config/map/helpers/map_matches.cmake
2025-10-27 09:00:37,706 - Knowledge - INFO - [FILE_READ] Completed: map_matches.cmake, Duration: 9ms, Size: 227
2025-10-27 09:00:37,929 - Knowledge - INFO - Found code-base-name: https://github.com/kavia-common/Thunder-712.git:kavia-R4_4
2025-10-27 09:00:38,091 - Knowledge - INFO - Found code_base: <app.utils.kg_build.knowledge.KnowledgeCodeBase object at 0x7f99453638d0>
2025-10-27 09:00:38,263 - Knowledge - INFO - process ingested knowledge for /app/data/tataelxsimcvaripplecode5379/718/b3129g6/Thunder-712/Source/WPEFramework/PluginServer.h
2025-10-27 09:00:38,475 - Knowledge - INFO - [FILE_READ] Completed: PluginServer.h, Duration: 8ms, Size: 191099
2025-10-27 09:00:38,659 - Knowledge - INFO - Found code-base-name: https://github.com/kavia-common/Thunder-712.git:kavia-R4_4
2025-10-27 09:00:38,841 - Knowledge - INFO - Found code_base: <app.utils.kg_build.knowledge.KnowledgeCodeBase object at 0x7f99453638d0>
2025-10-27 09:00:39,050 - Knowledge - INFO - process ingested knowledge for /app/data/tataelxsimcvaripplecode5379/718/b3129g6/Thunder-712/Tests/unit/core/test_websockettext.cpp
2025-10-27 09:00:39,248 - Knowledge - INFO - [FILE_READ] Completed: test_websockettext.cpp, Duration: 5ms, Size: 5340
2025-10-27 09:00:39,451 - Knowledge - INFO - Found code-base-name: https://github.com/kavia-common/Thunder-712.git:kavia-R4_4
2025-10-27 09:00:39,715 - Knowledge - INFO - Found code_base: <app.utils.kg_build.knowledge.KnowledgeCodeBase object at 0x7f99453638d0>
2025-10-27 09:00:39,882 - Knowledge - INFO - process ingested knowledge for /app/data/tataelxsimcvaripplecode5379/718/b3129g6/Thunder-712/cmake/config/map/helpers/map_from_keyvaluelist.cmake
2025-10-27 09:00:40,105 - Knowledge - INFO - [FILE_READ] Completed: map_from_keyvaluelist.cmake, Duration: 8ms, Size: 395
2025-10-27 09:00:40,276 - Knowledge - INFO - Found code-base-name: https://github.com/kavia-common/Thunder-712.git:kavia-R4_4
2025-10-27 09:00:40,449 - Knowledge - INFO - Found code_base: <app.utils.kg_build.knowledge.KnowledgeCodeBase object at 0x7f99453638d0>
2025-10-27 09:00:40,642 - Knowledge - INFO - process ingested knowledge for /app/data/tataelxsimcvaripplecode5379/718/b3129g6/Thunder-712/Tests/unit/core/test_semaphore.cpp
2025-10-27 09:00:40,848 - Knowledge - INFO - [FILE_READ] Completed: test_semaphore.cpp, Duration: 5ms, Size: 3584
2025-10-27 09:00:41,019 - Knowledge - INFO - Found code-base-name: https://github.com/kavia-common/Thunder-712.git:kavia-R4_4
2025-10-27 09:00:41,169 - Knowledge - INFO - Found code_base: <app.utils.kg_build.knowledge.KnowledgeCodeBase object at 0x7f99453638d0>
2025-10-27 09:00:41,345 - Knowledge - INFO - process ingested knowledge for /app/data/tataelxsimcvaripplecode5379/718/b3129g6/Thunder-712/Source/com/IUnknown.h
2025-10-27 09:00:41,549 - Knowledge - INFO - [FILE_READ] Completed: IUnknown.h, Duration: 7ms, Size: 21186
2025-10-27 09:00:41,760 - Knowledge - INFO - Found code-base-name: https://github.com/kavia-common/Thunder-712.git:kavia-R4_4
2025-10-27 09:00:41,932 - Knowledge - INFO - Found code_base: <app.utils.kg_build.knowledge.KnowledgeCodeBase object at 0x7f99453638d0>
2025-10-27 09:00:42,145 - Knowledge - INFO - process ingested knowledge for /app/data/tataelxsimcvaripplecode5379/718/b3129g6/Thunder-712/README.md
2025-10-27 09:00:42,356 - Knowledge - INFO - [FILE_READ] Completed: README.md, Duration: 6ms, Size: 1367
2025-10-27 09:00:42,568 - Knowledge - INFO - Found code-base-name: https://github.com/kavia-common/Thunder-712.git:kavia-R4_4
2025-10-27 09:00:42,757 - Knowledge - INFO - Found code_base: <app.utils.kg_build.knowledge.KnowledgeCodeBase object at 0x7f99453638d0>
2025-10-27 09:00:42,942 - Knowledge - INFO - process ingested knowledge for /app/data/tataelxsimcvaripplecode5379/718/b3129g6/Thunder-712/Tests/unit/core/test_workerpool.cpp
2025-10-27 09:00:43,120 - Knowledge - INFO - [FILE_READ] Completed: test_workerpool.cpp, Duration: 6ms, Size: 53287
2025-10-27 09:00:43,312 - Knowledge - INFO - Found code-base-name: https://github.com/kavia-common/Thunder-712.git:kavia-R4_4
2025-10-27 09:00:43,465 - Knowledge - INFO - Found code_base: <app.utils.kg_build.knowledge.KnowledgeCodeBase object at 0x7f99453638d0>
2025-10-27 09:00:43,670 - Knowledge - INFO - process ingested knowledge for /app/data/tataelxsimcvaripplecode5379/718/b3129g6/Thunder-712/Source/extensions/warningreporting/IWarningReportingMedia.h
2025-10-27 09:00:43,844 - Knowledge - INFO - [FILE_READ] Completed: IWarningReportingMedia.h, Duration: 5ms, Size: 1060
2025-10-27 09:00:44,009 - Knowledge - INFO - Found code-base-name: https://github.com/kavia-common/Thunder-712.git:kavia-R4_4
2025-10-27 09:00:44,175 - Knowledge - INFO - Found code_base: <app.utils.kg_build.knowledge.KnowledgeCodeBase object at 0x7f99453638d0>
2025-10-27 09:00:44,386 - Knowledge - INFO - process ingested knowledge for /app/data/tataelxsimcvaripplecode5379/718/b3129g6/Thunder-712/Tests/file-unlink/CMakeLists.txt
2025-10-27 09:00:44,565 - Knowledge - INFO - [FILE_READ] Completed: CMakeLists.txt, Duration: 5ms, Size: 1122
2025-10-27 09:00:44,798 - Knowledge - INFO - Found code-base-name: https://github.com/kavia-common/Thunder-712.git:kavia-R4_4
2025-10-27 09:00:44,976 - Knowledge - INFO - Found code_base: <app.utils.kg_build.knowledge.KnowledgeCodeBase object at 0x7f99453638d0>
2025-10-27 09:00:45,172 - Knowledge - INFO - process ingested knowledge for /app/data/tataelxsimcvaripplecode5379/718/b3129g6/Thunder-712/cmake/config/formats/json/json_read.cmake
2025-10-27 09:00:45,377 - Knowledge - INFO - [FILE_READ] Completed: json_read.cmake, Duration: 6ms, Size: 528
2025-10-27 09:00:45,580 - Knowledge - INFO - Found code-base-name: https://github.com/kavia-common/Thunder-712.git:kavia-R4_4
2025-10-27 09:00:45,752 - Knowledge - INFO - Found code_base: <app.utils.kg_build.knowledge.KnowledgeCodeBase object at 0x7f99453638d0>
2025-10-27 09:00:45,931 - Knowledge - INFO - process ingested knowledge for /app/data/tataelxsimcvaripplecode5379/718/b3129g6/Thunder-712/cmake/config/collections/list_push_back.cmake
2025-10-27 09:00:46,094 - Knowledge - INFO - [FILE_READ] Completed: list_push_back.cmake, Duration: 5ms, Size: 183
2025-10-27 09:00:46,297 - Knowledge - INFO - Found code-base-name: https://github.com/kavia-common/Thunder-712.git:kavia-R4_4
2025-10-27 09:00:46,474 - Knowledge - INFO - Found code_base: <app.utils.kg_build.knowledge.KnowledgeCodeBase object at 0x7f99453638d0>
2025-10-27 09:00:46,698 - Knowledge - INFO - process ingested knowledge for /app/data/tataelxsimcvaripplecode5379/718/b3129g6/Thunder-712/Tests/unit/core/test_message_unit.cpp
2025-10-27 09:00:46,876 - Knowledge - INFO - [FILE_READ] Completed: test_message_unit.cpp, Duration: 6ms, Size: 22874
2025-10-27 09:00:47,041 - Knowledge - INFO - Found code-base-name: https://github.com/kavia-common/Thunder-712.git:kavia-R4_4
2025-10-27 09:00:47,232 - Knowledge - INFO - Found code_base: <app.utils.kg_build.knowledge.KnowledgeCodeBase object at 0x7f99453638d0>
2025-10-27 09:00:47,472 - Knowledge - INFO - process ingested knowledge for /app/data/tataelxsimcvaripplecode5379/718/b3129g6/Thunder-712/Source/core/Services.cpp
2025-10-27 09:00:47,646 - Knowledge - INFO - [FILE_READ] Completed: Services.cpp, Duration: 6ms, Size: 3823
2025-10-27 09:00:47,827 - Knowledge - INFO - Found code-base-name: https://github.com/kavia-common/Thunder-712.git:kavia-R4_4
2025-10-27 09:00:47,994 - Knowledge - INFO - Found code_base: <app.utils.kg_build.knowledge.KnowledgeCodeBase object at 0x7f99453638d0>
2025-10-27 09:00:48,212 - Knowledge - INFO - process ingested knowledge for /app/data/tataelxsimcvaripplecode5379/718/b3129g6/Thunder-712/cmake/config/map/helpers/mm.cmake
2025-10-27 09:00:48,391 - Knowledge - INFO - [FILE_READ] Completed: mm.cmake, Duration: 5ms, Size: 570
2025-10-27 09:00:48,586 - Knowledge - INFO - Found code-base-name: https://github.com/kavia-common/Thunder-712.git:kavia-R4_4
2025-10-27 09:00:48,792 - Knowledge - INFO - Found code_base: <app.utils.kg_build.knowledge.KnowledgeCodeBase object at 0x7f99453638d0>
2025-10-27 09:00:48,969 - Knowledge - INFO - process ingested knowledge for /app/data/tataelxsimcvaripplecode5379/718/b3129g6/Thunder-712/cmake/config/events/events.cmake
2025-10-27 09:00:49,145 - Knowledge - INFO - [FILE_READ] Completed: events.cmake, Duration: 6ms, Size: 317
2025-10-27 09:00:49,356 - Knowledge - INFO - Found code-base-name: https://github.com/kavia-common/Thunder-712.git:kavia-R4_4
2025-10-27 09:00:49,566 - Knowledge - INFO - Found code_base: <app.utils.kg_build.knowledge.KnowledgeCodeBase object at 0x7f99453638d0>
2025-10-27 09:00:49,763 - Knowledge - INFO - process ingested knowledge for /app/data/tataelxsimcvaripplecode5379/718/b3129g6/Thunder-712/cmake/config/formats/json/json_format_tokens.cmake
2025-10-27 09:00:49,986 - Knowledge - INFO - [FILE_READ] Completed: json_format_tokens.cmake, Duration: 5ms, Size: 1358
2025-10-27 09:00:50,216 - Knowledge - INFO - Found code-base-name: https://github.com/kavia-common/Thunder-712.git:kavia-R4_4
2025-10-27 09:00:50,416 - Knowledge - INFO - Found code_base: <app.utils.kg_build.knowledge.KnowledgeCodeBase object at 0x7f99453638d0>
2025-10-27 09:00:50,602 - Knowledge - INFO - process ingested knowledge for /app/data/tataelxsimcvaripplecode5379/718/b3129g6/Thunder-712/cmake/config/map/helpers/map_get_map.cmake
2025-10-27 09:00:50,765 - Knowledge - INFO - [FILE_READ] Completed: map_get_map.cmake, Duration: 5ms, Size: 332
2025-10-27 09:00:50,989 - Knowledge - INFO - Found code-base-name: https://github.com/kavia-common/Thunder-712.git:kavia-R4_4
2025-10-27 09:00:51,185 - Knowledge - INFO - Found code_base: <app.utils.kg_build.knowledge.KnowledgeCodeBase object at 0x7f99453638d0>
2025-10-27 09:00:51,358 - Knowledge - INFO - process ingested knowledge for /app/data/tataelxsimcvaripplecode5379/718/b3129g6/Thunder-712/cmake/config/map/helpers/map_match.cmake
2025-10-27 09:00:51,596 - Knowledge - INFO - [FILE_READ] Completed: map_match.cmake, Duration: 5ms, Size: 1280
2025-10-27 09:00:51,796 - Knowledge - INFO - Found code-base-name: https://github.com/kavia-common/Thunder-712.git:kavia-R4_4
2025-10-27 09:00:51,957 - Knowledge - INFO - Found code_base: <app.utils.kg_build.knowledge.KnowledgeCodeBase object at 0x7f99453638d0>
2025-10-27 09:00:52,196 - Knowledge - INFO - process ingested knowledge for /app/data/tataelxsimcvaripplecode5379/718/b3129g6/Thunder-712/docs/utils/threading/worker-pool.md
2025-10-27 09:00:52,404 - Knowledge - INFO - [FILE_READ] Completed: worker-pool.md, Duration: 7ms, Size: 15319
2025-10-27 09:00:52,614 - Knowledge - INFO - Found code-base-name: https://github.com/kavia-common/Thunder-712.git:kavia-R4_4
2025-10-27 09:00:52,780 - Knowledge - INFO - Found code_base: <app.utils.kg_build.knowledge.KnowledgeCodeBase object at 0x7f99453638d0>
2025-10-27 09:00:52,983 - Knowledge - INFO - process ingested knowledge for /app/data/tataelxsimcvaripplecode5379/718/b3129g6/Thunder-712/cmake/config/core/return/ans.cmake
2025-10-27 09:00:53,190 - Knowledge - INFO - [FILE_READ] Completed: ans.cmake, Duration: 6ms, Size: 382
2025-10-27 09:00:53,363 - Knowledge - INFO - Found code-base-name: https://github.com/kavia-common/Thunder-712.git:kavia-R4_4
2025-10-27 09:00:53,559 - Knowledge - INFO - Found code_base: <app.utils.kg_build.knowledge.KnowledgeCodeBase object at 0x7f99453638d0>
2025-10-27 09:00:53,717 - Knowledge - INFO - process ingested knowledge for /app/data/tataelxsimcvaripplecode5379/718/b3129g6/Thunder-712/Source/extensions/processcontainers/common/BaseAdministrator.h
2025-10-27 09:00:53,921 - Knowledge - INFO - [FILE_READ] Completed: BaseAdministrator.h, Duration: 5ms, Size: 3156
2025-10-27 09:00:54,097 - Knowledge - INFO - Found code-base-name: https://github.com/kavia-common/Thunder-712.git:kavia-R4_4
2025-10-27 09:00:54,293 - Knowledge - INFO - Found code_base: <app.utils.kg_build.knowledge.KnowledgeCodeBase object at 0x7f99453638d0>
2025-10-27 09:00:54,502 - Knowledge - INFO - process ingested knowledge for /app/data/tataelxsimcvaripplecode5379/718/b3129g6/Thunder-712/docs/introduction/usage.md
2025-10-27 09:00:54,691 - Knowledge - INFO - [FILE_READ] Completed: usage.md, Duration: 5ms, Size: 5628
2025-10-27 09:00:54,884 - Knowledge - INFO - Found code-base-name: https://github.com/kavia-common/Thunder-712.git:kavia-R4_4
2025-10-27 09:00:55,078 - Knowledge - INFO - Found code_base: <app.utils.kg_build.knowledge.KnowledgeCodeBase object at 0x7f99453638d0>
2025-10-27 09:00:55,269 - Knowledge - INFO - process ingested knowledge for /app/data/tataelxsimcvaripplecode5379/718/b3129g6/Thunder-712/Source/extensions/processcontainers/implementations/AWCImplementation/AWCImplementation.cpp
2025-10-27 09:00:55,501 - Knowledge - INFO - [FILE_READ] Completed: AWCImplementation.cpp, Duration: 5ms, Size: 7015
2025-10-27 09:00:55,713 - Knowledge - INFO - Found code-base-name: https://github.com/kavia-common/Thunder-712.git:kavia-R4_4
2025-10-27 09:00:55,889 - Knowledge - INFO - Found code_base: <app.utils.kg_build.knowledge.KnowledgeCodeBase object at 0x7f99453638d0>
2025-10-27 09:00:56,106 - Knowledge - INFO - process ingested knowledge for /app/data/tataelxsimcvaripplecode5379/718/b3129g6/Thunder-712/Source/extensions/CMakeLists.txt
2025-10-27 09:00:56,284 - Knowledge - INFO - [FILE_READ] Completed: CMakeLists.txt, Duration: 5ms, Size: 1445
2025-10-27 09:00:56,506 - Knowledge - INFO - Found code-base-name: https://github.com/kavia-common/Thunder-712.git:kavia-R4_4
2025-10-27 09:00:56,653 - Knowledge - INFO - Found code_base: <app.utils.kg_build.knowledge.KnowledgeCodeBase object at 0x7f99453638d0>
2025-10-27 09:00:56,901 - Knowledge - INFO - process ingested knowledge for /app/data/tataelxsimcvaripplecode5379/718/b3129g6/Thunder-712/Source/core/JSONRPC.h
2025-10-27 09:00:57,069 - Knowledge - INFO - [FILE_READ] Completed: JSONRPC.h, Duration: 8ms, Size: 62423
2025-10-27 09:00:57,295 - Knowledge - INFO - Found code-base-name: https://github.com/kavia-common/Thunder-712.git:kavia-R4_4
2025-10-27 09:00:57,482 - Knowledge - INFO - Found code_base: <app.utils.kg_build.knowledge.KnowledgeCodeBase object at 0x7f99453638d0>
2025-10-27 09:00:57,648 - Knowledge - INFO - process ingested knowledge for /app/data/tataelxsimcvaripplecode5379/718/b3129g6/Thunder-712/cmake/modules/FindSlauncher.cmake
2025-10-27 09:00:57,848 - Knowledge - INFO - [FILE_READ] Completed: FindSlauncher.cmake, Duration: 4ms, Size: 1747
2025-10-27 09:00:58,011 - Knowledge - INFO - Found code-base-name: https://github.com/kavia-common/Thunder-712.git:kavia-R4_4
2025-10-27 09:00:58,238 - Knowledge - INFO - Found code_base: <app.utils.kg_build.knowledge.KnowledgeCodeBase object at 0x7f99453638d0>
2025-10-27 09:00:58,427 - Knowledge - INFO - process ingested knowledge for /app/data/tataelxsimcvaripplecode5379/718/b3129g6/Thunder-712/Source/core/DataElement.cpp
2025-10-27 09:00:58,617 - Knowledge - INFO - [FILE_READ] Completed: DataElement.cpp, Duration: 5ms, Size: 8308
2025-10-27 09:00:58,782 - Knowledge - INFO - Found code-base-name: https://github.com/kavia-common/Thunder-712.git:kavia-R4_4
2025-10-27 09:00:59,001 - Knowledge - INFO - Found code_base: <app.utils.kg_build.knowledge.KnowledgeCodeBase object at 0x7f99453638d0>
2025-10-27 09:00:59,206 - Knowledge - INFO - process ingested knowledge for /app/data/tataelxsimcvaripplecode5379/718/b3129g6/Thunder-712/cmake/config/map/helpers/map_capture_new.cmake
2025-10-27 09:00:59,365 - Knowledge - INFO - [FILE_READ] Completed: map_capture_new.cmake, Duration: 5ms, Size: 371
2025-10-27 09:00:59,531 - Knowledge - INFO - Found code-base-name: https://github.com/kavia-common/Thunder-712.git:kavia-R4_4
2025-10-27 09:00:59,705 - Knowledge - INFO - Found code_base: <app.utils.kg_build.knowledge.KnowledgeCodeBase object at 0x7f99453638d0>
2025-10-27 09:00:59,897 - Knowledge - INFO - process ingested knowledge for /app/data/tataelxsimcvaripplecode5379/718/b3129g6/Thunder-712/cmake/config/map/helpers/map_partial.cmake
2025-10-27 09:01:00,118 - Knowledge - INFO - [FILE_READ] Completed: map_partial.cmake, Duration: 15ms, Size: 379
2025-10-27 09:01:00,338 - Knowledge - INFO - Found code-base-name: https://github.com/kavia-common/Thunder-712.git:kavia-R4_4
2025-10-27 09:01:00,543 - Knowledge - INFO - Found code_base: <app.utils.kg_build.knowledge.KnowledgeCodeBase object at 0x7f99453638d0>
2025-10-27 09:01:00,751 - Knowledge - INFO - process ingested knowledge for /app/data/tataelxsimcvaripplecode5379/718/b3129g6/Thunder-712/Source/core/MessageException.cpp
2025-10-27 09:01:00,940 - Knowledge - INFO - [FILE_READ] Completed: MessageException.cpp, Duration: 8ms, Size: 1364
2025-10-27 09:01:01,170 - Knowledge - INFO - Found code-base-name: https://github.com/kavia-common/Thunder-712.git:kavia-R4_4
2025-10-27 09:01:01,345 - Knowledge - INFO - Found code_base: <app.utils.kg_build.knowledge.KnowledgeCodeBase object at 0x7f99453638d0>
2025-10-27 09:01:01,535 - Knowledge - INFO - process ingested knowledge for /app/data/tataelxsimcvaripplecode5379/718/b3129g6/Thunder-712/Tests/unit/core/test_databuffer.cpp
2025-10-27 09:01:01,764 - Knowledge - INFO - [FILE_READ] Completed: test_databuffer.cpp, Duration: 5ms, Size: 2073
2025-10-27 09:01:01,934 - Knowledge - INFO - Found code-base-name: https://github.com/kavia-common/Thunder-712.git:kavia-R4_4
2025-10-27 09:01:02,115 - Knowledge - INFO - Found code_base: <app.utils.kg_build.knowledge.KnowledgeCodeBase object at 0x7f99453638d0>
2025-10-27 09:01:02,334 - Knowledge - INFO - process ingested knowledge for /app/data/tataelxsimcvaripplecode5379/718/b3129g6/Thunder-712/Source/core/DataElementFile.cpp
2025-10-27 09:01:02,513 - Knowledge - INFO - [FILE_READ] Completed: DataElementFile.cpp, Duration: 5ms, Size: 9700
2025-10-27 09:01:02,720 - Knowledge - INFO - Found code-base-name: https://github.com/kavia-common/Thunder-712.git:kavia-R4_4
2025-10-27 09:01:02,899 - Knowledge - INFO - Found code_base: <app.utils.kg_build.knowledge.KnowledgeCodeBase object at 0x7f99453638d0>
2025-10-27 09:01:03,097 - Knowledge - INFO - process ingested knowledge for /app/data/tataelxsimcvaripplecode5379/718/b3129g6/Thunder-712/cmake/config/map/map_matches_obj.cmake
2025-10-27 09:01:03,262 - Knowledge - INFO - [FILE_READ] Completed: map_matches_obj.cmake, Duration: 6ms, Size: 286
2025-10-27 09:01:03,470 - Knowledge - INFO - Found code-base-name: https://github.com/kavia-common/Thunder-712.git:kavia-R4_4
2025-10-27 09:01:03,677 - Knowledge - INFO - Found code_base: <app.utils.kg_build.knowledge.KnowledgeCodeBase object at 0x7f99453638d0>
2025-10-27 09:01:03,868 - Knowledge - INFO - process ingested knowledge for /app/data/tataelxsimcvaripplecode5379/718/b3129g6/Thunder-712/Source/messaging/TextMessage.h
2025-10-27 09:01:04,077 - Knowledge - INFO - [FILE_READ] Completed: TextMessage.h, Duration: 6ms, Size: 2300
2025-10-27 09:01:04,284 - Knowledge - INFO - Found code-base-name: https://github.com/kavia-common/Thunder-712.git:kavia-R4_4
2025-10-27 09:01:04,482 - Knowledge - INFO - Found code_base: <app.utils.kg_build.knowledge.KnowledgeCodeBase object at 0x7f99453638d0>
2025-10-27 09:01:04,687 - Knowledge - INFO - process ingested knowledge for /app/data/tataelxsimcvaripplecode5379/718/b3129g6/Thunder-712/cmake/config/map/core/map_set_hidden.cmake
2025-10-27 09:01:04,933 - Knowledge - INFO - [FILE_READ] Completed: map_set_hidden.cmake, Duration: 6ms, Size: 112
2025-10-27 09:01:05,145 - Knowledge - INFO - Found code-base-name: https://github.com/kavia-common/Thunder-712.git:kavia-R4_4
2025-10-27 09:01:05,306 - Knowledge - INFO - Found code_base: <app.utils.kg_build.knowledge.KnowledgeCodeBase object at 0x7f99453638d0>
2025-10-27 09:01:05,507 - Knowledge - INFO - process ingested knowledge for /app/data/tataelxsimcvaripplecode5379/718/b3129g6/Thunder-712/Source/extensions/processcontainers/implementations/AWCImplementation/dbus/Client.h
2025-10-27 09:01:05,695 - Knowledge - INFO - [FILE_READ] Completed: Client.h, Duration: 6ms, Size: 3015
2025-10-27 09:01:05,879 - Knowledge - INFO - Found code-base-name: https://github.com/kavia-common/Thunder-712.git:kavia-R4_4
2025-10-27 09:01:06,106 - Knowledge - INFO - Found code_base: <app.utils.kg_build.knowledge.KnowledgeCodeBase object at 0x7f99453638d0>
2025-10-27 09:01:06,299 - Knowledge - INFO - process ingested knowledge for /app/data/tataelxsimcvaripplecode5379/718/b3129g6/Thunder-712/Source/plugins/Module.h
2025-10-27 09:01:06,513 - Knowledge - INFO - [FILE_READ] Completed: Module.h, Duration: 7ms, Size: 1133
2025-10-27 09:01:06,750 - Knowledge - INFO - Found code-base-name: https://github.com/kavia-common/Thunder-712.git:kavia-R4_4
2025-10-27 09:01:06,930 - Knowledge - INFO - Found code_base: <app.utils.kg_build.knowledge.KnowledgeCodeBase object at 0x7f99453638d0>
2025-10-27 09:01:07,142 - Knowledge - INFO - process ingested knowledge for /app/data/tataelxsimcvaripplecode5379/718/b3129g6/Thunder-712/Tests/unit/core/test_messageException.cpp
2025-10-27 09:01:07,341 - Knowledge - INFO - [FILE_READ] Completed: test_messageException.cpp, Duration: 5ms, Size: 1651
2025-10-27 09:01:07,570 - Knowledge - INFO - Found code-base-name: https://github.com/kavia-common/Thunder-712.git:kavia-R4_4
2025-10-27 09:01:07,778 - Knowledge - INFO - Found code_base: <app.utils.kg_build.knowledge.KnowledgeCodeBase object at 0x7f99453638d0>
2025-10-27 09:01:07,953 - Knowledge - INFO - process ingested knowledge for /app/data/tataelxsimcvaripplecode5379/718/b3129g6/Thunder-712/cmake/config/ref/address_append.cmake
2025-10-27 09:01:08,167 - Knowledge - INFO - [FILE_READ] Completed: address_append.cmake, Duration: 5ms, Size: 100
2025-10-27 09:01:08,332 - Knowledge - INFO - Found code-base-name: https://github.com/kavia-common/Thunder-712.git:kavia-R4_4
2025-10-27 09:01:08,508 - Knowledge - INFO - Found code_base: <app.utils.kg_build.knowledge.KnowledgeCodeBase object at 0x7f99453638d0>
2025-10-27 09:01:08,673 - Knowledge - INFO - process ingested knowledge for /app/data/tataelxsimcvaripplecode5379/718/b3129g6/Thunder-712/cmake/modules/FindLibGlib.cmake
2025-10-27 09:01:08,856 - Knowledge - INFO - [FILE_READ] Completed: FindLibGlib.cmake, Duration: 5ms, Size: 3797
2025-10-27 09:01:09,068 - Knowledge - INFO - Found code-base-name: https://github.com/kavia-common/Thunder-712.git:kavia-R4_4
2025-10-27 09:01:09,246 - Knowledge - INFO - Found code_base: <app.utils.kg_build.knowledge.KnowledgeCodeBase object at 0x7f99453638d0>
2025-10-27 09:01:09,462 - Knowledge - INFO - process ingested knowledge for /app/data/tataelxsimcvaripplecode5379/718/b3129g6/Thunder-712/Tests/unit/core/test_dataelementfile.cpp
2025-10-27 09:01:09,691 - Knowledge - INFO - [FILE_READ] Completed: test_dataelementfile.cpp, Duration: 6ms, Size: 2214
2025-10-27 09:01:09,886 - Knowledge - INFO - Found code-base-name: https://github.com/kavia-common/Thunder-712.git:kavia-R4_4
2025-10-27 09:01:10,064 - Knowledge - INFO - Found code_base: <app.utils.kg_build.knowledge.KnowledgeCodeBase object at 0x7f99453638d0>
2025-10-27 09:01:10,251 - Knowledge - INFO - process ingested knowledge for /app/data/tataelxsimcvaripplecode5379/718/b3129g6/Thunder-712/Source/core/Trace.h
2025-10-27 09:01:10,435 - Knowledge - INFO - [FILE_READ] Completed: Trace.h, Duration: 6ms, Size: 10388
2025-10-27 09:01:10,610 - Knowledge - INFO - Found code-base-name: https://github.com/kavia-common/Thunder-712.git:kavia-R4_4
2025-10-27 09:01:10,783 - Knowledge - INFO - Found code_base: <app.utils.kg_build.knowledge.KnowledgeCodeBase object at 0x7f99453638d0>
2025-10-27 09:01:10,999 - Knowledge - INFO - process ingested knowledge for /app/data/tataelxsimcvaripplecode5379/718/b3129g6/Thunder-712/Source/core/Process.h
2025-10-27 09:01:11,205 - Knowledge - INFO - [FILE_READ] Completed: Process.h, Duration: 6ms, Size: 21749
2025-10-27 09:01:11,429 - Knowledge - INFO - Found code-base-name: https://github.com/kavia-common/Thunder-712.git:kavia-R4_4
2025-10-27 09:01:11,604 - Knowledge - INFO - Found code_base: <app.utils.kg_build.knowledge.KnowledgeCodeBase object at 0x7f99453638d0>
2025-10-27 09:01:11,810 - Knowledge - INFO - process ingested knowledge for /app/data/tataelxsimcvaripplecode5379/718/b3129g6/Thunder-712/Tests/unit/core/test_hash.cpp
2025-10-27 09:01:11,998 - Knowledge - INFO - [FILE_READ] Completed: test_hash.cpp, Duration: 8ms, Size: 36608
2025-10-27 09:01:12,166 - Knowledge - INFO - Found code-base-name: https://github.com/kavia-common/Thunder-712.git:kavia-R4_4
2025-10-27 09:01:12,381 - Knowledge - INFO - Found code_base: <app.utils.kg_build.knowledge.KnowledgeCodeBase object at 0x7f99453638d0>
2025-10-27 09:01:12,544 - Knowledge - INFO - process ingested knowledge for /app/data/tataelxsimcvaripplecode5379/718/b3129g6/Thunder-712/cmake/config/stack/stack_pop.cmake
2025-10-27 09:01:12,751 - Knowledge - INFO - [FILE_READ] Completed: stack_pop.cmake, Duration: 5ms, Size: 315
2025-10-27 09:01:12,938 - Knowledge - INFO - Found code-base-name: https://github.com/kavia-common/Thunder-712.git:kavia-R4_4
2025-10-27 09:01:13,132 - Knowledge - INFO - Found code_base: <app.utils.kg_build.knowledge.KnowledgeCodeBase object at 0x7f99453638d0>
2025-10-27 09:01:13,295 - Knowledge - INFO - process ingested knowledge for /app/data/tataelxsimcvaripplecode5379/718/b3129g6/Thunder-712/cmake/config/map/helpers/map_peek_front.cmake
2025-10-27 09:01:13,503 - Knowledge - INFO - [FILE_READ] Completed: map_peek_front.cmake, Duration: 6ms, Size: 130
2025-10-27 09:01:13,675 - Knowledge - INFO - Found code-base-name: https://github.com/kavia-common/Thunder-712.git:kavia-R4_4
2025-10-27 09:01:13,857 - Knowledge - INFO - Found code_base: <app.utils.kg_build.knowledge.KnowledgeCodeBase object at 0x7f99453638d0>
2025-10-27 09:01:14,016 - Knowledge - INFO - process ingested knowledge for /app/data/tataelxsimcvaripplecode5379/718/b3129g6/Thunder-712/Source/plugins/Config.h
2025-10-27 09:01:14,229 - Knowledge - INFO - [FILE_READ] Completed: Config.h, Duration: 6ms, Size: 1333
2025-10-27 09:01:14,401 - Knowledge - INFO - Found code-base-name: https://github.com/kavia-common/Thunder-712.git:kavia-R4_4
2025-10-27 09:01:14,630 - Knowledge - INFO - Found code_base: <app.utils.kg_build.knowledge.KnowledgeCodeBase object at 0x7f99453638d0>
2025-10-27 09:01:14,806 - Knowledge - INFO - process ingested knowledge for /app/data/tataelxsimcvaripplecode5379/718/b3129g6/Thunder-712/cmake/config/ref/address_push_front.cmake
2025-10-27 09:01:14,981 - Knowledge - INFO - [FILE_READ] Completed: address_push_front.cmake, Duration: 5ms, Size: 159
2025-10-27 09:01:15,212 - Knowledge - INFO - Found code-base-name: https://github.com/kavia-common/Thunder-712.git:kavia-R4_4
2025-10-27 09:01:15,438 - Knowledge - INFO - Found code_base: <app.utils.kg_build.knowledge.KnowledgeCodeBase object at 0x7f99453638d0>
2025-10-27 09:01:15,647 - Knowledge - INFO - process ingested knowledge for /app/data/tataelxsimcvaripplecode5379/718/b3129g6/Thunder-712/Source/core/WorkerPool.cpp
2025-10-27 09:01:15,880 - Knowledge - INFO - [FILE_READ] Completed: WorkerPool.cpp, Duration: 5ms, Size: 1334
2025-10-27 09:01:16,036 - Knowledge - INFO - Found code-base-name: https://github.com/kavia-common/Thunder-712.git:kavia-R4_4
2025-10-27 09:01:16,242 - Knowledge - INFO - Found code_base: <app.utils.kg_build.knowledge.KnowledgeCodeBase object at 0x7f99453638d0>
2025-10-27 09:01:16,524 - Knowledge - INFO - process ingested knowledge for /app/data/tataelxsimcvaripplecode5379/718/b3129g6/Thunder-712/Source/websocket/Module.cpp
2025-10-27 09:01:16,698 - Knowledge - INFO - [FILE_READ] Completed: Module.cpp, Duration: 5ms, Size: 779
2025-10-27 09:01:16,880 - Knowledge - INFO - Found code-base-name: https://github.com/kavia-common/Thunder-712.git:kavia-R4_4
2025-10-27 09:01:17,108 - Knowledge - INFO - Found code_base: <app.utils.kg_build.knowledge.KnowledgeCodeBase object at 0x7f99453638d0>
2025-10-27 09:01:17,344 - Knowledge - INFO - process ingested knowledge for /app/data/tataelxsimcvaripplecode5379/718/b3129g6/Thunder-712/Tests/unit/core/test_dataelement.cpp
2025-10-27 09:01:17,548 - Knowledge - INFO - [FILE_READ] Completed: test_dataelement.cpp, Duration: 5ms, Size: 3439
2025-10-27 09:01:17,773 - Knowledge - INFO - Found code-base-name: https://github.com/kavia-common/Thunder-712.git:kavia-R4_4
2025-10-27 09:01:18,018 - Knowledge - INFO - Found code_base: <app.utils.kg_build.knowledge.KnowledgeCodeBase object at 0x7f99453638d0>
2025-10-27 09:01:18,224 - Knowledge - INFO - process ingested knowledge for /app/data/tataelxsimcvaripplecode5379/718/b3129g6/Thunder-712/cmake/config/map/helpers/map_key_at.cmake
2025-10-27 09:01:18,430 - Knowledge - INFO - [FILE_READ] Completed: map_key_at.cmake, Duration: 5ms, Size: 240
2025-10-27 09:01:18,604 - Knowledge - INFO - Found code-base-name: https://github.com/kavia-common/Thunder-712.git:kavia-R4_4
2025-10-27 09:01:18,764 - Knowledge - INFO - Found code_base: <app.utils.kg_build.knowledge.KnowledgeCodeBase object at 0x7f99453638d0>
2025-10-27 09:01:18,965 - Knowledge - INFO - process ingested knowledge for /app/data/tataelxsimcvaripplecode5379/718/b3129g6/Thunder-712/Source/core/Time.h
2025-10-27 09:01:19,191 - Knowledge - INFO - [FILE_READ] Completed: Time.h, Duration: 7ms, Size: 16223
2025-10-27 09:01:19,400 - Knowledge - INFO - Found code-base-name: https://github.com/kavia-common/Thunder-712.git:kavia-R4_4
2025-10-27 09:01:19,566 - Knowledge - INFO - Found code_base: <app.utils.kg_build.knowledge.KnowledgeCodeBase object at 0x7f99453638d0>
2025-10-27 09:01:19,742 - Knowledge - INFO - process ingested knowledge for /app/data/tataelxsimcvaripplecode5379/718/b3129g6/Thunder-712/cmake/modules/FindLibGobject.cmake
2025-10-27 09:01:19,950 - Knowledge - INFO - [FILE_READ] Completed: FindLibGobject.cmake, Duration: 6ms, Size: 3555
2025-10-27 09:01:20,200 - Knowledge - INFO - Found code-base-name: https://github.com/kavia-common/Thunder-712.git:kavia-R4_4
2025-10-27 09:01:20,378 - Knowledge - INFO - Found code_base: <app.utils.kg_build.knowledge.KnowledgeCodeBase object at 0x7f99453638d0>
2025-10-27 09:01:20,615 - Knowledge - INFO - process ingested knowledge for /app/data/tataelxsimcvaripplecode5379/718/b3129g6/Thunder-712/cmake/config/core/return/return_reset.cmake
2025-10-27 09:01:20,798 - Knowledge - INFO - [FILE_READ] Completed: return_reset.cmake, Duration: 5ms, Size: 56
2025-10-27 09:01:21,001 - Knowledge - INFO - Found code-base-name: https://github.com/kavia-common/Thunder-712.git:kavia-R4_4
2025-10-27 09:01:21,160 - Knowledge - INFO - Found code_base: <app.utils.kg_build.knowledge.KnowledgeCodeBase object at 0x7f99453638d0>
2025-10-27 09:01:21,326 - Knowledge - INFO - process ingested knowledge for /app/data/tataelxsimcvaripplecode5379/718/b3129g6/Thunder-712/Source/cryptalgo/AES.h
2025-10-27 09:01:21,564 - Knowledge - INFO - [FILE_READ] Completed: AES.h, Duration: 5ms, Size: 3009
2025-10-27 09:01:21,772 - Knowledge - INFO - Found code-base-name: https://github.com/kavia-common/Thunder-712.git:kavia-R4_4
2025-10-27 09:01:21,973 - Knowledge - INFO - Found code_base: <app.utils.kg_build.knowledge.KnowledgeCodeBase object at 0x7f99453638d0>
2025-10-27 09:01:22,144 - Knowledge - INFO - process ingested knowledge for /app/data/tataelxsimcvaripplecode5379/718/b3129g6/Thunder-712/Source/core/JSON.cpp
2025-10-27 09:01:22,334 - Knowledge - INFO - [FILE_READ] Completed: JSON.cpp, Duration: 6ms, Size: 3242
2025-10-27 09:01:22,546 - Knowledge - INFO - Found code-base-name: https://github.com/kavia-common/Thunder-712.git:kavia-R4_4
2025-10-27 09:01:22,747 - Knowledge - INFO - Found code_base: <app.utils.kg_build.knowledge.KnowledgeCodeBase object at 0x7f99453638d0>
2025-10-27 09:01:22,951 - Knowledge - INFO - process ingested knowledge for /app/data/tataelxsimcvaripplecode5379/718/b3129g6/Thunder-712/Source/messaging/TraceCategories.cpp
2025-10-27 09:01:23,129 - Knowledge - INFO - [FILE_READ] Completed: TraceCategories.cpp, Duration: 5ms, Size: 1210
2025-10-27 09:01:23,319 - Knowledge - INFO - Found code-base-name: https://github.com/kavia-common/Thunder-712.git:kavia-R4_4
2025-10-27 09:01:23,542 - Knowledge - INFO - Found code_base: <app.utils.kg_build.knowledge.KnowledgeCodeBase object at 0x7f99453638d0>
2025-10-27 09:01:23,732 - Knowledge - INFO - process ingested knowledge for /app/data/tataelxsimcvaripplecode5379/718/b3129g6/Thunder-712/cmake/config/map/helpers/map_has_any.cmake
2025-10-27 09:01:23,942 - Knowledge - INFO - [FILE_READ] Completed: map_has_any.cmake, Duration: 5ms, Size: 255
2025-10-27 09:01:24,145 - Knowledge - INFO - Found code-base-name: https://github.com/kavia-common/Thunder-712.git:kavia-R4_4
2025-10-27 09:01:24,342 - Knowledge - INFO - Found code_base: <app.utils.kg_build.knowledge.KnowledgeCodeBase object at 0x7f99453638d0>
2025-10-27 09:01:24,534 - Knowledge - INFO - process ingested knowledge for /app/data/tataelxsimcvaripplecode5379/718/b3129g6/Thunder-712/cmake/config/map/helpers/map_keys_append.cmake
2025-10-27 09:01:24,724 - Knowledge - INFO - [FILE_READ] Completed: map_keys_append.cmake, Duration: 5ms, Size: 100
2025-10-27 09:01:24,883 - Knowledge - INFO - Found code-base-name: https://github.com/kavia-common/Thunder-712.git:kavia-R4_4
2025-10-27 09:01:25,067 - Knowledge - INFO - Found code_base: <app.utils.kg_build.knowledge.KnowledgeCodeBase object at 0x7f99453638d0>
2025-10-27 09:01:25,273 - Knowledge - INFO - process ingested knowledge for /app/data/tataelxsimcvaripplecode5379/718/b3129g6/Thunder-712/Source/core/SerialPort.h
2025-10-27 09:01:25,465 - Knowledge - INFO - [FILE_READ] Completed: SerialPort.h, Duration: 6ms, Size: 8904
2025-10-27 09:01:25,672 - Knowledge - INFO - Found code-base-name: https://github.com/kavia-common/Thunder-712.git:kavia-R4_4
2025-10-27 09:01:25,840 - Knowledge - INFO - Found code_base: <app.utils.kg_build.knowledge.KnowledgeCodeBase object at 0x7f99453638d0>
2025-10-27 09:01:26,016 - Knowledge - INFO - process ingested knowledge for /app/data/tataelxsimcvaripplecode5379/718/b3129g6/Thunder-712/Source/core/Library.h
2025-10-27 09:01:26,191 - Knowledge - INFO - [FILE_READ] Completed: Library.h, Duration: 6ms, Size: 2066
2025-10-27 09:01:26,369 - Knowledge - INFO - Found code-base-name: https://github.com/kavia-common/Thunder-712.git:kavia-R4_4
2025-10-27 09:01:26,575 - Knowledge - INFO - Found code_base: <app.utils.kg_build.knowledge.KnowledgeCodeBase object at 0x7f99453638d0>
2025-10-27 09:01:26,737 - Knowledge - INFO - process ingested knowledge for /app/data/tataelxsimcvaripplecode5379/718/b3129g6/Thunder-712/Source/cryptalgo/HMAC.h
2025-10-27 09:01:26,961 - Knowledge - INFO - [FILE_READ] Completed: HMAC.h, Duration: 5ms, Size: 4892
2025-10-27 09:01:27,144 - Knowledge - INFO - Found code-base-name: https://github.com/kavia-common/Thunder-712.git:kavia-R4_4
2025-10-27 09:01:27,340 - Knowledge - INFO - Found code_base: <app.utils.kg_build.knowledge.KnowledgeCodeBase object at 0x7f99453638d0>
2025-10-27 09:01:27,566 - Knowledge - INFO - process ingested knowledge for /app/data/tataelxsimcvaripplecode5379/718/b3129g6/Thunder-712/Source/core/IPCChannel.h
2025-10-27 09:01:27,753 - Knowledge - INFO - [FILE_READ] Completed: IPCChannel.h, Duration: 6ms, Size: 21287
2025-10-27 09:01:27,987 - Knowledge - INFO - Found code-base-name: https://github.com/kavia-common/Thunder-712.git:kavia-R4_4
2025-10-27 09:01:28,185 - Knowledge - INFO - Found code_base: <app.utils.kg_build.knowledge.KnowledgeCodeBase object at 0x7f99453638d0>
2025-10-27 09:01:28,358 - Knowledge - INFO - process ingested knowledge for /app/data/tataelxsimcvaripplecode5379/718/b3129g6/Thunder-712/Source/core/StateTrigger.h
2025-10-27 09:01:28,569 - Knowledge - INFO - [FILE_READ] Completed: StateTrigger.h, Duration: 5ms, Size: 5561
2025-10-27 09:01:28,733 - Knowledge - INFO - Found code-base-name: https://github.com/kavia-common/Thunder-712.git:kavia-R4_4
2025-10-27 09:01:28,939 - Knowledge - INFO - Found code_base: <app.utils.kg_build.knowledge.KnowledgeCodeBase object at 0x7f99453638d0>
2025-10-27 09:01:29,173 - Knowledge - INFO - process ingested knowledge for /app/data/tataelxsimcvaripplecode5379/718/b3129g6/Thunder-712/Source/plugins/Service.cpp
2025-10-27 09:01:29,385 - Knowledge - INFO - [FILE_READ] Completed: Service.cpp, Duration: 6ms, Size: 6623
2025-10-27 09:01:29,557 - Knowledge - INFO - Found code-base-name: https://github.com/kavia-common/Thunder-712.git:kavia-R4_4
2025-10-27 09:01:29,754 - Knowledge - INFO - Found code_base: <app.utils.kg_build.knowledge.KnowledgeCodeBase object at 0x7f99453638d0>
2025-10-27 09:01:29,973 - Knowledge - INFO - process ingested knowledge for /app/data/tataelxsimcvaripplecode5379/718/b3129g6/Thunder-712/cmake/config/stack/stack_peek.cmake
2025-10-27 09:01:30,134 - Knowledge - INFO - [FILE_READ] Completed: stack_peek.cmake, Duration: 6ms, Size: 145
2025-10-27 09:01:30,370 - Knowledge - INFO - Found code-base-name: https://github.com/kavia-common/Thunder-712.git:kavia-R4_4
2025-10-27 09:01:30,595 - Knowledge - INFO - Found code_base: <app.utils.kg_build.knowledge.KnowledgeCodeBase object at 0x7f99453638d0>
2025-10-27 09:01:30,779 - Knowledge - INFO - process ingested knowledge for /app/data/tataelxsimcvaripplecode5379/718/b3129g6/Thunder-712/Source/core/Netlink.h
2025-10-27 09:01:30,965 - Knowledge - INFO - [FILE_READ] Completed: Netlink.h, Duration: 6ms, Size: 12767
2025-10-27 09:01:31,146 - Knowledge - INFO - Found code-base-name: https://github.com/kavia-common/Thunder-712.git:kavia-R4_4
2025-10-27 09:01:31,337 - Knowledge - INFO - Found code_base: <app.utils.kg_build.knowledge.KnowledgeCodeBase object at 0x7f99453638d0>
2025-10-27 09:01:31,570 - Knowledge - INFO - process ingested knowledge for /app/data/tataelxsimcvaripplecode5379/718/b3129g6/Thunder-712/Source/com/com.h
2025-10-27 09:01:31,734 - Knowledge - INFO - [FILE_READ] Completed: com.h, Duration: 5ms, Size: 1189
2025-10-27 09:01:31,919 - Knowledge - INFO - Found code-base-name: https://github.com/kavia-common/Thunder-712.git:kavia-R4_4
2025-10-27 09:01:32,108 - Knowledge - INFO - Found code_base: <app.utils.kg_build.knowledge.KnowledgeCodeBase object at 0x7f99453638d0>
2025-10-27 09:01:32,293 - Knowledge - INFO - process ingested knowledge for /app/data/tataelxsimcvaripplecode5379/718/b3129g6/Thunder-712/cmake/config/ref/address_append_string.cmake
2025-10-27 09:01:32,499 - Knowledge - INFO - [FILE_READ] Completed: address_append_string.cmake, Duration: 5ms, Size: 117
2025-10-27 09:01:32,682 - Knowledge - INFO - Found code-base-name: https://github.com/kavia-common/Thunder-712.git:kavia-R4_4
2025-10-27 09:01:32,845 - Knowledge - INFO - Found code_base: <app.utils.kg_build.knowledge.KnowledgeCodeBase object at 0x7f99453638d0>
2025-10-27 09:01:33,047 - Knowledge - INFO - process ingested knowledge for /app/data/tataelxsimcvaripplecode5379/718/b3129g6/Thunder-712/Source/core/Queue.h
2025-10-27 09:01:33,238 - Knowledge - INFO - [FILE_READ] Completed: Queue.h, Duration: 6ms, Size: 10161
2025-10-27 09:01:33,470 - Knowledge - INFO - Found code-base-name: https://github.com/kavia-common/Thunder-712.git:kavia-R4_4
2025-10-27 09:01:33,634 - Knowledge - INFO - Found code_base: <app.utils.kg_build.knowledge.KnowledgeCodeBase object at 0x7f99453638d0>
2025-10-27 09:01:33,799 - Knowledge - INFO - process ingested knowledge for /app/data/tataelxsimcvaripplecode5379/718/b3129g6/Thunder-712/Source/messaging/MessageUnit.cpp
2025-10-27 09:01:34,003 - Knowledge - INFO - [FILE_READ] Completed: MessageUnit.cpp, Duration: 7ms, Size: 10271
2025-10-27 09:01:34,238 - Knowledge - INFO - Found code-base-name: https://github.com/kavia-common/Thunder-712.git:kavia-R4_4
2025-10-27 09:01:34,420 - Knowledge - INFO - Found code_base: <app.utils.kg_build.knowledge.KnowledgeCodeBase object at 0x7f99453638d0>
2025-10-27 09:01:34,621 - Knowledge - INFO - process ingested knowledge for /app/data/tataelxsimcvaripplecode5379/718/b3129g6/Thunder-712/Source/core/Rectangle.h
2025-10-27 09:01:34,814 - Knowledge - INFO - [FILE_READ] Completed: Rectangle.h, Duration: 5ms, Size: 3972
2025-10-27 09:01:35,020 - Knowledge - INFO - Found code-base-name: https://github.com/kavia-common/Thunder-712.git:kavia-R4_4
2025-10-27 09:01:35,210 - Knowledge - INFO - Found code_base: <app.utils.kg_build.knowledge.KnowledgeCodeBase object at 0x7f99453638d0>
2025-10-27 09:01:35,381 - Knowledge - INFO - process ingested knowledge for /app/data/tataelxsimcvaripplecode5379/718/b3129g6/Thunder-712/cmake/config/map/operations/map_equal_obj.cmake
2025-10-27 09:01:35,576 - Knowledge - INFO - [FILE_READ] Completed: map_equal_obj.cmake, Duration: 5ms, Size: 218
2025-10-27 09:01:35,754 - Knowledge - INFO - Found code-base-name: https://github.com/kavia-common/Thunder-712.git:kavia-R4_4
2025-10-27 09:01:35,970 - Knowledge - INFO - Found code_base: <app.utils.kg_build.knowledge.KnowledgeCodeBase object at 0x7f99453638d0>
2025-10-27 09:01:36,165 - Knowledge - INFO - process ingested knowledge for /app/data/tataelxsimcvaripplecode5379/718/b3129g6/Thunder-712/Source/websocket/websocket.h
2025-10-27 09:01:36,372 - Knowledge - INFO - [FILE_READ] Completed: websocket.h, Duration: 5ms, Size: 1155
2025-10-27 09:01:36,573 - Knowledge - INFO - Found code-base-name: https://github.com/kavia-common/Thunder-712.git:kavia-R4_4
2025-10-27 09:01:36,777 - Knowledge - INFO - Found code_base: <app.utils.kg_build.knowledge.KnowledgeCodeBase object at 0x7f99453638d0>
2025-10-27 09:01:36,954 - Knowledge - INFO - process ingested knowledge for /app/data/tataelxsimcvaripplecode5379/718/b3129g6/Thunder-712/cmake/config/map/helpers/map_keys_sort.cmake
2025-10-27 09:01:37,134 - Knowledge - INFO - [FILE_READ] Completed: map_keys_sort.cmake, Duration: 6ms, Size: 199
2025-10-27 09:01:37,342 - Knowledge - INFO - Found code-base-name: https://github.com/kavia-common/Thunder-712.git:kavia-R4_4
2025-10-27 09:01:37,573 - Knowledge - INFO - Found code_base: <app.utils.kg_build.knowledge.KnowledgeCodeBase object at 0x7f99453638d0>
2025-10-27 09:01:37,810 - Knowledge - INFO - process ingested knowledge for /app/data/tataelxsimcvaripplecode5379/718/b3129g6/Thunder-712/Source/WPEFramework/ConfigBuildroot.json
2025-10-27 09:01:37,986 - Knowledge - INFO - [FILE_READ] Completed: ConfigBuildroot.json, Duration: 6ms, Size: 638
2025-10-27 09:01:38,150 - Knowledge - INFO - Found code-base-name: https://github.com/kavia-common/Thunder-712.git:kavia-R4_4
2025-10-27 09:01:38,320 - Knowledge - INFO - Found code_base: <app.utils.kg_build.knowledge.KnowledgeCodeBase object at 0x7f99453638d0>
2025-10-27 09:01:38,531 - Knowledge - INFO - process ingested knowledge for /app/data/tataelxsimcvaripplecode5379/718/b3129g6/Thunder-712/Source/core/FileSystem.h
2025-10-27 09:01:38,705 - Knowledge - INFO - [FILE_READ] Completed: FileSystem.h, Duration: 5ms, Size: 26132
2025-10-27 09:01:38,919 - Knowledge - INFO - Found code-base-name: https://github.com/kavia-common/Thunder-712.git:kavia-R4_4
2025-10-27 09:01:39,091 - Knowledge - INFO - Found code_base: <app.utils.kg_build.knowledge.KnowledgeCodeBase object at 0x7f99453638d0>
2025-10-27 09:01:39,275 - Knowledge - INFO - process ingested knowledge for /app/data/tataelxsimcvaripplecode5379/718/b3129g6/Thunder-712/Utils/PluginActivator/source/Log.h
2025-10-27 09:01:39,468 - Knowledge - INFO - [FILE_READ] Completed: Log.h, Duration: 5ms, Size: 2225
2025-10-27 09:01:39,661 - Knowledge - INFO - Found code-base-name: https://github.com/kavia-common/Thunder-712.git:kavia-R4_4
2025-10-27 09:01:39,889 - Knowledge - INFO - Found code_base: <app.utils.kg_build.knowledge.KnowledgeCodeBase object at 0x7f99453638d0>
2025-10-27 09:01:40,092 - Knowledge - INFO - process ingested knowledge for /app/data/tataelxsimcvaripplecode5379/718/b3129g6/Thunder-712/cmake/config/map/helpers/map_omit_regex.cmake
2025-10-27 09:01:40,287 - Knowledge - INFO - [FILE_READ] Completed: map_omit_regex.cmake, Duration: 5ms, Size: 415
2025-10-27 09:01:40,491 - Knowledge - INFO - Found code-base-name: https://github.com/kavia-common/Thunder-712.git:kavia-R4_4
2025-10-27 09:01:40,667 - Knowledge - INFO - Found code_base: <app.utils.kg_build.knowledge.KnowledgeCodeBase object at 0x7f99453638d0>
2025-10-27 09:01:40,862 - Knowledge - INFO - process ingested knowledge for /app/data/tataelxsimcvaripplecode5379/718/b3129g6/Thunder-712/Tests/unit/core/test_iterator.cpp
2025-10-27 09:01:41,021 - Knowledge - INFO - [FILE_READ] Completed: test_iterator.cpp, Duration: 6ms, Size: 4349
2025-10-27 09:01:41,207 - Knowledge - INFO - Found code-base-name: https://github.com/kavia-common/Thunder-712.git:kavia-R4_4
2025-10-27 09:01:41,421 - Knowledge - INFO - Found code_base: <app.utils.kg_build.knowledge.KnowledgeCodeBase object at 0x7f99453638d0>
2025-10-27 09:01:41,589 - Knowledge - INFO - process ingested knowledge for /app/data/tataelxsimcvaripplecode5379/718/b3129g6/Thunder-712/Source/WPEFramework/Controller.h
2025-10-27 09:01:41,762 - Knowledge - INFO - [FILE_READ] Completed: Controller.h, Duration: 6ms, Size: 17028
2025-10-27 09:01:41,973 - Knowledge - INFO - Found code-base-name: https://github.com/kavia-common/Thunder-712.git:kavia-R4_4
2025-10-27 09:01:42,151 - Knowledge - INFO - Found code_base: <app.utils.kg_build.knowledge.KnowledgeCodeBase object at 0x7f99453638d0>
2025-10-27 09:01:42,339 - Knowledge - INFO - process ingested knowledge for /app/data/tataelxsimcvaripplecode5379/718/b3129g6/Thunder-712/cmake/config/events/event_new.cmake
2025-10-27 09:01:42,562 - Knowledge - INFO - [FILE_READ] Completed: event_new.cmake, Duration: 6ms, Size: 2683
2025-10-27 09:01:42,783 - Knowledge - INFO - Found code-base-name: https://github.com/kavia-common/Thunder-712.git:kavia-R4_4
2025-10-27 09:01:42,934 - Knowledge - INFO - Found code_base: <app.utils.kg_build.knowledge.KnowledgeCodeBase object at 0x7f99453638d0>
2025-10-27 09:01:43,151 - Knowledge - INFO - process ingested knowledge for /app/data/tataelxsimcvaripplecode5379/718/b3129g6/Thunder-712/docs/plugin/messaging.md
2025-10-27 09:01:43,383 - Knowledge - INFO - [FILE_READ] Completed: messaging.md, Duration: 7ms, Size: 49907
2025-10-27 09:01:43,604 - Knowledge - INFO - Found code-base-name: https://github.com/kavia-common/Thunder-712.git:kavia-R4_4
2025-10-27 09:01:43,776 - Knowledge - INFO - Found code_base: <app.utils.kg_build.knowledge.KnowledgeCodeBase object at 0x7f99453638d0>
2025-10-27 09:01:43,953 - Knowledge - INFO - process ingested knowledge for /app/data/tataelxsimcvaripplecode5379/718/b3129g6/Thunder-712/Source/extensions/localtracer/example/CMakeLists.txt
2025-10-27 09:01:44,159 - Knowledge - INFO - [FILE_READ] Completed: CMakeLists.txt, Duration: 5ms, Size: 322
2025-10-27 09:01:44,347 - Knowledge - INFO - Found code-base-name: https://github.com/kavia-common/Thunder-712.git:kavia-R4_4
2025-10-27 09:01:44,548 - Knowledge - INFO - Found code_base: <app.utils.kg_build.knowledge.KnowledgeCodeBase object at 0x7f99453638d0>
2025-10-27 09:01:44,732 - Knowledge - INFO - process ingested knowledge for /app/data/tataelxsimcvaripplecode5379/718/b3129g6/Thunder-712/Source/plugins/MetaData.cpp
2025-10-27 09:01:44,942 - Knowledge - INFO - [FILE_READ] Completed: MetaData.cpp, Duration: 7ms, Size: 11830
2025-10-27 09:01:45,159 - Knowledge - INFO - Found code-base-name: https://github.com/kavia-common/Thunder-712.git:kavia-R4_4
2025-10-27 09:01:45,326 - Knowledge - INFO - Found code_base: <app.utils.kg_build.knowledge.KnowledgeCodeBase object at 0x7f99453638d0>
2025-10-27 09:01:45,537 - Knowledge - INFO - process ingested knowledge for /app/data/tataelxsimcvaripplecode5379/718/b3129g6/Thunder-712/Source/messaging/TraceControl.h
2025-10-27 09:01:45,732 - Knowledge - INFO - [FILE_READ] Completed: TraceControl.h, Duration: 5ms, Size: 5942
2025-10-27 09:01:45,903 - Knowledge - INFO - Found code-base-name: https://github.com/kavia-common/Thunder-712.git:kavia-R4_4
2025-10-27 09:01:46,099 - Knowledge - INFO - Found code_base: <app.utils.kg_build.knowledge.KnowledgeCodeBase object at 0x7f99453638d0>
2025-10-27 09:01:46,305 - Knowledge - INFO - process ingested knowledge for /app/data/tataelxsimcvaripplecode5379/718/b3129g6/Thunder-712/Source/extensions/privilegedrequest/example/main.cpp
2025-10-27 09:01:46,482 - Knowledge - INFO - [FILE_READ] Completed: main.cpp, Duration: 5ms, Size: 5430
2025-10-27 09:01:46,663 - Knowledge - INFO - Found code-base-name: https://github.com/kavia-common/Thunder-712.git:kavia-R4_4
2025-10-27 09:01:46,894 - Knowledge - INFO - Found code_base: <app.utils.kg_build.knowledge.KnowledgeCodeBase object at 0x7f99453638d0>
2025-10-27 09:01:47,055 - Knowledge - INFO - process ingested knowledge for /app/data/tataelxsimcvaripplecode5379/718/b3129g6/Thunder-712/Tests/unit/core/test_socketstreamtext.cpp
2025-10-27 09:01:47,263 - Knowledge - INFO - [FILE_READ] Completed: test_socketstreamtext.cpp, Duration: 5ms, Size: 4715
2025-10-27 09:01:47,451 - Knowledge - INFO - Found code-base-name: https://github.com/kavia-common/Thunder-712.git:kavia-R4_4
2025-10-27 09:01:47,634 - Knowledge - INFO - Found code_base: <app.utils.kg_build.knowledge.KnowledgeCodeBase object at 0x7f99453638d0>
2025-10-27 09:01:47,824 - Knowledge - INFO - process ingested knowledge for /app/data/tataelxsimcvaripplecode5379/718/b3129g6/Thunder-712/Source/websocket/WebRequest.h
2025-10-27 09:01:48,042 - Knowledge - INFO - [FILE_READ] Completed: WebRequest.h, Duration: 6ms, Size: 20367
2025-10-27 09:01:48,206 - Knowledge - INFO - Found code-base-name: https://github.com/kavia-common/Thunder-712.git:kavia-R4_4
2025-10-27 09:01:48,388 - Knowledge - INFO - Found code_base: <app.utils.kg_build.knowledge.KnowledgeCodeBase object at 0x7f99453638d0>
2025-10-27 09:01:48,588 - Knowledge - INFO - process ingested knowledge for /app/data/tataelxsimcvaripplecode5379/718/b3129g6/Thunder-712/cmake/config/filesystem/path/path_qualify.cmake
2025-10-27 09:01:48,800 - Knowledge - INFO - [FILE_READ] Completed: path_qualify.cmake, Duration: 7ms, Size: 161
2025-10-27 09:01:49,006 - Knowledge - INFO - Found code-base-name: https://github.com/kavia-common/Thunder-712.git:kavia-R4_4
2025-10-27 09:01:49,194 - Knowledge - INFO - Found code_base: <app.utils.kg_build.knowledge.KnowledgeCodeBase object at 0x7f99453638d0>
2025-10-27 09:01:49,455 - Knowledge - INFO - process ingested knowledge for /app/data/tataelxsimcvaripplecode5379/718/b3129g6/Thunder-712/cmake/config/map/helpers/map_isempty.cmake
2025-10-27 09:01:49,700 - Knowledge - INFO - [FILE_READ] Completed: map_isempty.cmake, Duration: 5ms, Size: 180
2025-10-27 09:01:49,931 - Knowledge - INFO - Found code-base-name: https://github.com/kavia-common/Thunder-712.git:kavia-R4_4
2025-10-27 09:01:50,147 - Knowledge - INFO - Found code_base: <app.utils.kg_build.knowledge.KnowledgeCodeBase object at 0x7f99453638d0>
2025-10-27 09:01:50,363 - Knowledge - INFO - process ingested knowledge for /app/data/tataelxsimcvaripplecode5379/718/b3129g6/Thunder-712/cmake/config/map/helpers/map_to_valuelist.cmake
2025-10-27 09:01:50,576 - Knowledge - INFO - [FILE_READ] Completed: map_to_valuelist.cmake, Duration: 5ms, Size: 352
2025-10-27 09:01:50,792 - Knowledge - INFO - Found code-base-name: https://github.com/kavia-common/Thunder-712.git:kavia-R4_4
2025-10-27 09:01:50,978 - Knowledge - INFO - Found code_base: <app.utils.kg_build.knowledge.KnowledgeCodeBase object at 0x7f99453638d0>
2025-10-27 09:01:51,174 - Knowledge - INFO - process ingested knowledge for /app/data/tataelxsimcvaripplecode5379/718/b3129g6/Thunder-712/Source/core/StreamTypeLengthValue.h
2025-10-27 09:01:51,380 - Knowledge - INFO - [FILE_READ] Completed: StreamTypeLengthValue.h, Duration: 6ms, Size: 17130
2025-10-27 09:01:51,583 - Knowledge - INFO - Found code-base-name: https://github.com/kavia-common/Thunder-712.git:kavia-R4_4
2025-10-27 09:01:51,767 - Knowledge - INFO - Found code_base: <app.utils.kg_build.knowledge.KnowledgeCodeBase object at 0x7f99453638d0>
2025-10-27 09:01:51,952 - Knowledge - INFO - process ingested knowledge for /app/data/tataelxsimcvaripplecode5379/718/b3129g6/Thunder-712/Source/core/Range.h
2025-10-27 09:01:52,151 - Knowledge - INFO - [FILE_READ] Completed: Range.h, Duration: 5ms, Size: 3566
2025-10-27 09:01:52,331 - Knowledge - INFO - Found code-base-name: https://github.com/kavia-common/Thunder-712.git:kavia-R4_4
2025-10-27 09:01:52,545 - Knowledge - INFO - Found code_base: <app.utils.kg_build.knowledge.KnowledgeCodeBase object at 0x7f99453638d0>
2025-10-27 09:01:52,694 - Knowledge - INFO - process ingested knowledge for /app/data/tataelxsimcvaripplecode5379/718/b3129g6/Thunder-712/cmake/config/map/operations/map_clone_shallow.cmake
2025-10-27 09:01:52,891 - Knowledge - INFO - [FILE_READ] Completed: map_clone_shallow.cmake, Duration: 5ms, Size: 685
2025-10-27 09:01:53,104 - Knowledge - INFO - Found code-base-name: https://github.com/kavia-common/Thunder-712.git:kavia-R4_4
2025-10-27 09:01:53,320 - Knowledge - INFO - Found code_base: <app.utils.kg_build.knowledge.KnowledgeCodeBase object at 0x7f99453638d0>
2025-10-27 09:01:53,540 - Knowledge - INFO - process ingested knowledge for /app/data/tataelxsimcvaripplecode5379/718/b3129g6/Thunder-712/Source/messaging/CMakeLists.txt
2025-10-27 09:01:53,734 - Knowledge - INFO - [FILE_READ] Completed: CMakeLists.txt, Duration: 6ms, Size: 3244
2025-10-27 09:01:53,931 - Knowledge - INFO - Found code-base-name: https://github.com/kavia-common/Thunder-712.git:kavia-R4_4
2025-10-27 09:01:54,112 - Knowledge - INFO - Found code_base: <app.utils.kg_build.knowledge.KnowledgeCodeBase object at 0x7f99453638d0>
2025-10-27 09:01:54,306 - Knowledge - INFO - process ingested knowledge for /app/data/tataelxsimcvaripplecode5379/718/b3129g6/Thunder-712/Source/core/MessageStore.cpp
2025-10-27 09:01:54,510 - Knowledge - INFO - [FILE_READ] Completed: MessageStore.cpp, Duration: 6ms, Size: 14990
2025-10-27 09:01:54,664 - Knowledge - INFO - Found code-base-name: https://github.com/kavia-common/Thunder-712.git:kavia-R4_4
2025-10-27 09:01:54,911 - Knowledge - INFO - Found code_base: <app.utils.kg_build.knowledge.KnowledgeCodeBase object at 0x7f99453638d0>
2025-10-27 09:01:55,097 - Knowledge - INFO - process ingested knowledge for /app/data/tataelxsimcvaripplecode5379/718/b3129g6/Thunder-712/cmake/config/map/helpers/map_extract.cmake
2025-10-27 09:01:55,319 - Knowledge - INFO - [FILE_READ] Completed: map_extract.cmake, Duration: 7ms, Size: 641
2025-10-27 09:01:55,512 - Knowledge - INFO - Found code-base-name: https://github.com/kavia-common/Thunder-712.git:kavia-R4_4
2025-10-27 09:01:55,720 - Knowledge - INFO - Found code_base: <app.utils.kg_build.knowledge.KnowledgeCodeBase object at 0x7f99453638d0>
2025-10-27 09:01:55,916 - Knowledge - INFO - process ingested knowledge for /app/data/tataelxsimcvaripplecode5379/718/b3129g6/Thunder-712/Source/cryptalgo/Random.h
2025-10-27 09:01:56,120 - Knowledge - INFO - [FILE_READ] Completed: Random.h, Duration: 5ms, Size: 1932
2025-10-27 09:01:56,308 - Knowledge - INFO - Found code-base-name: https://github.com/kavia-common/Thunder-712.git:kavia-R4_4
2025-10-27 09:01:56,488 - Knowledge - INFO - Found code_base: <app.utils.kg_build.knowledge.KnowledgeCodeBase object at 0x7f99453638d0>
2025-10-27 09:01:56,695 - Knowledge - INFO - process ingested knowledge for /app/data/tataelxsimcvaripplecode5379/718/b3129g6/Thunder-712/Source/extensions/processcontainers/ProcessContainer.h
2025-10-27 09:01:56,919 - Knowledge - INFO - [FILE_READ] Completed: ProcessContainer.h, Duration: 6ms, Size: 5221
2025-10-27 09:01:57,145 - Knowledge - INFO - Found code-base-name: https://github.com/kavia-common/Thunder-712.git:kavia-R4_4
2025-10-27 09:01:57,327 - Knowledge - INFO - Found code_base: <app.utils.kg_build.knowledge.KnowledgeCodeBase object at 0x7f99453638d0>
2025-10-27 09:01:57,517 - Knowledge - INFO - process ingested knowledge for /app/data/tataelxsimcvaripplecode5379/718/b3129g6/Thunder-712/Tests/unit/core/test_event.cpp
2025-10-27 09:01:57,711 - Knowledge - INFO - [FILE_READ] Completed: test_event.cpp, Duration: 5ms, Size: 3179
2025-10-27 09:01:57,903 - Knowledge - INFO - Found code-base-name: https://github.com/kavia-common/Thunder-712.git:kavia-R4_4
2025-10-27 09:01:58,079 - Knowledge - INFO - Found code_base: <app.utils.kg_build.knowledge.KnowledgeCodeBase object at 0x7f99453638d0>
2025-10-27 09:01:58,256 - Knowledge - INFO - process ingested knowledge for /app/data/tataelxsimcvaripplecode5379/718/b3129g6/Thunder-712/cmake/config/core/return/return.cmake
2025-10-27 09:01:58,457 - Knowledge - INFO - [FILE_READ] Completed: return.cmake, Duration: 5ms, Size: 182
2025-10-27 09:01:58,662 - Knowledge - INFO - Found code-base-name: https://github.com/kavia-common/Thunder-712.git:kavia-R4_4
2025-10-27 09:01:58,880 - Knowledge - INFO - Found code_base: <app.utils.kg_build.knowledge.KnowledgeCodeBase object at 0x7f99453638d0>
2025-10-27 09:01:59,080 - Knowledge - INFO - process ingested knowledge for /app/data/tataelxsimcvaripplecode5379/718/b3129g6/Thunder-712/Source/extensions/processcontainers/implementations/AWCImplementation/AWCContainerAdministrator.cpp
2025-10-27 09:01:59,310 - Knowledge - INFO - [FILE_READ] Completed: AWCContainerAdministrator.cpp, Duration: 5ms, Size: 3017
2025-10-27 09:01:59,513 - Knowledge - INFO - Found code-base-name: https://github.com/kavia-common/Thunder-712.git:kavia-R4_4
2025-10-27 09:01:59,669 - Knowledge - INFO - Found code_base: <app.utils.kg_build.knowledge.KnowledgeCodeBase object at 0x7f99453638d0>
2025-10-27 09:01:59,833 - Knowledge - INFO - process ingested knowledge for /app/data/tataelxsimcvaripplecode5379/718/b3129g6/Thunder-712/Source/cryptalgo/Module.cpp
2025-10-27 09:02:00,040 - Knowledge - INFO - [FILE_READ] Completed: Module.cpp, Duration: 6ms, Size: 780
2025-10-27 09:02:00,230 - Knowledge - INFO - Found code-base-name: https://github.com/kavia-common/Thunder-712.git:kavia-R4_4
2025-10-27 09:02:00,435 - Knowledge - INFO - Found code_base: <app.utils.kg_build.knowledge.KnowledgeCodeBase object at 0x7f99453638d0>
2025-10-27 09:02:00,676 - Knowledge - INFO - process ingested knowledge for /app/data/tataelxsimcvaripplecode5379/718/b3129g6/Thunder-712/cmake/config/map/helpers/list_match.cmake
2025-10-27 09:02:00,887 - Knowledge - INFO - [FILE_READ] Completed: list_match.cmake, Duration: 5ms, Size: 189
2025-10-27 09:02:01,133 - Knowledge - INFO - Found code-base-name: https://github.com/kavia-common/Thunder-712.git:kavia-R4_4
2025-10-27 09:02:01,348 - Knowledge - INFO - Found code_base: <app.utils.kg_build.knowledge.KnowledgeCodeBase object at 0x7f99453638d0>
2025-10-27 09:02:01,537 - Knowledge - INFO - process ingested knowledge for /app/data/tataelxsimcvaripplecode5379/718/b3129g6/Thunder-712/Source/extensions/localtracer/example/main.cpp
2025-10-27 09:02:01,769 - Knowledge - INFO - [FILE_READ] Completed: main.cpp, Duration: 6ms, Size: 1501
2025-10-27 09:02:01,956 - Knowledge - INFO - Found code-base-name: https://github.com/kavia-common/Thunder-712.git:kavia-R4_4
2025-10-27 09:02:02,150 - Knowledge - INFO - Found code_base: <app.utils.kg_build.knowledge.KnowledgeCodeBase object at 0x7f99453638d0>
2025-10-27 09:02:02,339 - Knowledge - INFO - process ingested knowledge for /app/data/tataelxsimcvaripplecode5379/718/b3129g6/Thunder-712/Source/core/Sync.h
2025-10-27 09:02:02,558 - Knowledge - INFO - [FILE_READ] Completed: Sync.h, Duration: 5ms, Size: 6960
2025-10-27 09:02:02,795 - Knowledge - INFO - Found code-base-name: https://github.com/kavia-common/Thunder-712.git:kavia-R4_4
2025-10-27 09:02:02,991 - Knowledge - INFO - Found code_base: <app.utils.kg_build.knowledge.KnowledgeCodeBase object at 0x7f99453638d0>
2025-10-27 09:02:03,173 - Knowledge - INFO - process ingested knowledge for /app/data/tataelxsimcvaripplecode5379/718/b3129g6/Thunder-712/cmake/config/ref/address_type_matches.cmake
2025-10-27 09:02:03,392 - Knowledge - INFO - [FILE_READ] Completed: address_type_matches.cmake, Duration: 5ms, Size: 260
2025-10-27 09:02:03,645 - Knowledge - INFO - Found code-base-name: https://github.com/kavia-common/Thunder-712.git:kavia-R4_4
2025-10-27 09:02:03,869 - Knowledge - INFO - Found code_base: <app.utils.kg_build.knowledge.KnowledgeCodeBase object at 0x7f99453638d0>
2025-10-27 09:02:04,044 - Knowledge - INFO - process ingested knowledge for /app/data/tataelxsimcvaripplecode5379/718/b3129g6/Thunder-712/Source/core/ISO639.h
2025-10-27 09:02:04,252 - Knowledge - INFO - [FILE_READ] Completed: ISO639.h, Duration: 5ms, Size: 3217
2025-10-27 09:02:04,460 - Knowledge - INFO - Found code-base-name: https://github.com/kavia-common/Thunder-712.git:kavia-R4_4
2025-10-27 09:02:04,678 - Knowledge - INFO - Found code_base: <app.utils.kg_build.knowledge.KnowledgeCodeBase object at 0x7f99453638d0>
2025-10-27 09:02:04,848 - Knowledge - INFO - process ingested knowledge for /app/data/tataelxsimcvaripplecode5379/718/b3129g6/Thunder-712/Source/core/StopWatch.h
2025-10-27 09:02:05,021 - Knowledge - INFO - [FILE_READ] Completed: StopWatch.h, Duration: 6ms, Size: 1557
2025-10-27 09:02:05,234 - Knowledge - INFO - Found code-base-name: https://github.com/kavia-common/Thunder-712.git:kavia-R4_4
2025-10-27 09:02:05,412 - Knowledge - INFO - Found code_base: <app.utils.kg_build.knowledge.KnowledgeCodeBase object at 0x7f99453638d0>
2025-10-27 09:02:05,601 - Knowledge - INFO - process ingested knowledge for /app/data/tataelxsimcvaripplecode5379/718/b3129g6/Thunder-712/cmake/config/quickmap/ref.cmake
2025-10-27 09:02:05,806 - Knowledge - INFO - [FILE_READ] Completed: ref.cmake, Duration: 5ms, Size: 300
2025-10-27 09:02:06,009 - Knowledge - INFO - Found code-base-name: https://github.com/kavia-common/Thunder-712.git:kavia-R4_4
2025-10-27 09:02:06,175 - Knowledge - INFO - Found code_base: <app.utils.kg_build.knowledge.KnowledgeCodeBase object at 0x7f99453638d0>
2025-10-27 09:02:06,359 - Knowledge - INFO - process ingested knowledge for /app/data/tataelxsimcvaripplecode5379/718/b3129g6/Thunder-712/docs/plugin/config.md
2025-10-27 09:02:06,574 - Knowledge - INFO - [FILE_READ] Completed: config.md, Duration: 10ms, Size: 14904
2025-10-27 09:02:06,775 - Knowledge - INFO - Found code-base-name: https://github.com/kavia-common/Thunder-712.git:kavia-R4_4
2025-10-27 09:02:06,971 - Knowledge - INFO - Found code_base: <app.utils.kg_build.knowledge.KnowledgeCodeBase object at 0x7f99453638d0>
2025-10-27 09:02:07,169 - Knowledge - INFO - process ingested knowledge for /app/data/tataelxsimcvaripplecode5379/718/b3129g6/Thunder-712/Source/WPEFramework/SystemInfo.cpp
2025-10-27 09:02:07,369 - Knowledge - INFO - [FILE_READ] Completed: SystemInfo.cpp, Duration: 5ms, Size: 7907
2025-10-27 09:02:07,593 - Knowledge - INFO - Found code-base-name: https://github.com/kavia-common/Thunder-712.git:kavia-R4_4
2025-10-27 09:02:07,758 - Knowledge - INFO - Found code_base: <app.utils.kg_build.knowledge.KnowledgeCodeBase object at 0x7f99453638d0>
2025-10-27 09:02:07,945 - Knowledge - INFO - process ingested knowledge for /app/data/tataelxsimcvaripplecode5379/718/b3129g6/Thunder-712/Source/WPEFramework/ExampleConfigLinux.json
2025-10-27 09:02:08,133 - Knowledge - INFO - [FILE_READ] Completed: ExampleConfigLinux.json, Duration: 6ms, Size: 5365
2025-10-27 09:02:08,340 - Knowledge - INFO - Found code-base-name: https://github.com/kavia-common/Thunder-712.git:kavia-R4_4
2025-10-27 09:02:08,528 - Knowledge - INFO - Found code_base: <app.utils.kg_build.knowledge.KnowledgeCodeBase object at 0x7f99453638d0>
2025-10-27 09:02:08,731 - Knowledge - INFO - process ingested knowledge for /app/data/tataelxsimcvaripplecode5379/718/b3129g6/Thunder-712/Source/core/Parser.h
2025-10-27 09:02:08,946 - Knowledge - INFO - [FILE_READ] Completed: Parser.h, Duration: 6ms, Size: 14714
2025-10-27 09:02:09,118 - Knowledge - INFO - Found code-base-name: https://github.com/kavia-common/Thunder-712.git:kavia-R4_4
2025-10-27 09:02:09,322 - Knowledge - INFO - Found code_base: <app.utils.kg_build.knowledge.KnowledgeCodeBase object at 0x7f99453638d0>
2025-10-27 09:02:09,508 - Knowledge - INFO - process ingested knowledge for /app/data/tataelxsimcvaripplecode5379/718/b3129g6/Thunder-712/Tests/unit/core/test_threadpool.cpp
2025-10-27 09:02:09,705 - Knowledge - INFO - [FILE_READ] Completed: test_threadpool.cpp, Duration: 6ms, Size: 48177
2025-10-27 09:02:09,895 - Knowledge - INFO - Found code-base-name: https://github.com/kavia-common/Thunder-712.git:kavia-R4_4
2025-10-27 09:02:10,101 - Knowledge - INFO - Found code_base: <app.utils.kg_build.knowledge.KnowledgeCodeBase object at 0x7f99453638d0>
2025-10-27 09:02:10,277 - Knowledge - INFO - process ingested knowledge for /app/data/tataelxsimcvaripplecode5379/718/b3129g6/Thunder-712/Source/extensions/privilegedrequest/example/CMakeLists.txt
2025-10-27 09:02:10,464 - Knowledge - INFO - [FILE_READ] Completed: CMakeLists.txt, Duration: 8ms, Size: 1004
2025-10-27 09:02:10,767 - Knowledge - INFO - Found code-base-name: https://github.com/kavia-common/Thunder-712.git:kavia-R4_4
2025-10-27 09:02:10,952 - Knowledge - INFO - Found code_base: <app.utils.kg_build.knowledge.KnowledgeCodeBase object at 0x7f99453638d0>
2025-10-27 09:02:11,147 - Knowledge - INFO - process ingested knowledge for /app/data/tataelxsimcvaripplecode5379/718/b3129g6/Thunder-712/Source/WPEFramework/GenericConfig.cmake
2025-10-27 09:02:11,366 - Knowledge - INFO - [FILE_READ] Completed: GenericConfig.cmake, Duration: 6ms, Size: 10353
2025-10-27 09:02:11,529 - Knowledge - INFO - Found code-base-name: https://github.com/kavia-common/Thunder-712.git:kavia-R4_4
2025-10-27 09:02:11,702 - Knowledge - INFO - Found code_base: <app.utils.kg_build.knowledge.KnowledgeCodeBase object at 0x7f99453638d0>
2025-10-27 09:02:11,922 - Knowledge - INFO - process ingested knowledge for /app/data/tataelxsimcvaripplecode5379/718/b3129g6/Thunder-712/Source/plugins/Channel.cpp
2025-10-27 09:02:12,135 - Knowledge - INFO - [FILE_READ] Completed: Channel.cpp, Duration: 5ms, Size: 1368
2025-10-27 09:02:12,346 - Knowledge - INFO - Found code-base-name: https://github.com/kavia-common/Thunder-712.git:kavia-R4_4
2025-10-27 09:02:12,502 - Knowledge - INFO - Found code_base: <app.utils.kg_build.knowledge.KnowledgeCodeBase object at 0x7f99453638d0>
2025-10-27 09:02:12,739 - Knowledge - INFO - process ingested knowledge for /app/data/tataelxsimcvaripplecode5379/718/b3129g6/Thunder-712/Source/com/ProxyStubs.h
2025-10-27 09:02:12,946 - Knowledge - INFO - [FILE_READ] Completed: ProxyStubs.h, Duration: 5ms, Size: 1097
2025-10-27 09:02:13,168 - Knowledge - INFO - Found code-base-name: https://github.com/kavia-common/Thunder-712.git:kavia-R4_4
2025-10-27 09:02:13,374 - Knowledge - INFO - Found code_base: <app.utils.kg_build.knowledge.KnowledgeCodeBase object at 0x7f99453638d0>
2025-10-27 09:02:13,543 - Knowledge - INFO - process ingested knowledge for /app/data/tataelxsimcvaripplecode5379/718/b3129g6/Thunder-712/cmake/config/map/helpers/map_pick.cmake
2025-10-27 09:02:13,707 - Knowledge - INFO - [FILE_READ] Completed: map_pick.cmake, Duration: 7ms, Size: 277
2025-10-27 09:02:13,911 - Knowledge - INFO - Found code-base-name: https://github.com/kavia-common/Thunder-712.git:kavia-R4_4
2025-10-27 09:02:14,075 - Knowledge - INFO - Found code_base: <app.utils.kg_build.knowledge.KnowledgeCodeBase object at 0x7f99453638d0>
2025-10-27 09:02:14,289 - Knowledge - INFO - process ingested knowledge for /app/data/tataelxsimcvaripplecode5379/718/b3129g6/Thunder-712/cmake/config/quickmap/key.cmake
2025-10-27 09:02:14,507 - Knowledge - INFO - [FILE_READ] Completed: key.cmake, Duration: 6ms, Size: 890
2025-10-27 09:02:14,721 - Knowledge - INFO - Found code-base-name: https://github.com/kavia-common/Thunder-712.git:kavia-R4_4
2025-10-27 09:02:14,897 - Knowledge - INFO - Found code_base: <app.utils.kg_build.knowledge.KnowledgeCodeBase object at 0x7f99453638d0>
2025-10-27 09:02:15,107 - Knowledge - INFO - process ingested knowledge for /app/data/tataelxsimcvaripplecode5379/718/b3129g6/Thunder-712/Source/extensions/processcontainers/Messaging.h
2025-10-27 09:02:15,302 - Knowledge - INFO - [FILE_READ] Completed: Messaging.h, Duration: 5ms, Size: 2230
2025-10-27 09:02:15,499 - Knowledge - INFO - Found code-base-name: https://github.com/kavia-common/Thunder-712.git:kavia-R4_4
2025-10-27 09:02:15,664 - Knowledge - INFO - Found code_base: <app.utils.kg_build.knowledge.KnowledgeCodeBase object at 0x7f99453638d0>
2025-10-27 09:02:15,847 - Knowledge - INFO - process ingested knowledge for /app/data/tataelxsimcvaripplecode5379/718/b3129g6/Thunder-712/Source/extensions/processcontainers/implementations/AWCImplementation/AWC.cpp
2025-10-27 09:02:16,102 - Knowledge - INFO - [FILE_READ] Completed: AWC.cpp, Duration: 6ms, Size: 1784
2025-10-27 09:02:16,299 - Knowledge - INFO - Found code-base-name: https://github.com/kavia-common/Thunder-712.git:kavia-R4_4
2025-10-27 09:02:16,518 - Knowledge - INFO - Found code_base: <app.utils.kg_build.knowledge.KnowledgeCodeBase object at 0x7f99453638d0>
2025-10-27 09:02:16,744 - Knowledge - INFO - process ingested knowledge for /app/data/tataelxsimcvaripplecode5379/718/b3129g6/Thunder-712/Source/plugins/IDispatcher.h
2025-10-27 09:02:16,946 - Knowledge - INFO - [FILE_READ] Completed: IDispatcher.h, Duration: 5ms, Size: 2575
2025-10-27 09:02:17,144 - Knowledge - INFO - Found code-base-name: https://github.com/kavia-common/Thunder-712.git:kavia-R4_4
2025-10-27 09:02:17,367 - Knowledge - INFO - Found code_base: <app.utils.kg_build.knowledge.KnowledgeCodeBase object at 0x7f99453638d0>
2025-10-27 09:02:17,562 - Knowledge - INFO - process ingested knowledge for /app/data/tataelxsimcvaripplecode5379/718/b3129g6/Thunder-712/Source/core/Serialization.cpp
2025-10-27 09:02:17,778 - Knowledge - INFO - [FILE_READ] Completed: Serialization.cpp, Duration: 6ms, Size: 12883
2025-10-27 09:02:17,980 - Knowledge - INFO - Found code-base-name: https://github.com/kavia-common/Thunder-712.git:kavia-R4_4
2025-10-27 09:02:18,166 - Knowledge - INFO - Found code_base: <app.utils.kg_build.knowledge.KnowledgeCodeBase object at 0x7f99453638d0>
2025-10-27 09:02:18,376 - Knowledge - INFO - process ingested knowledge for /app/data/tataelxsimcvaripplecode5379/718/b3129g6/Thunder-712/Source/core/TypeTraits.h
2025-10-27 09:02:18,583 - Knowledge - INFO - [FILE_READ] Completed: TypeTraits.h, Duration: 6ms, Size: 13669
2025-10-27 09:02:18,769 - Knowledge - INFO - Found code-base-name: https://github.com/kavia-common/Thunder-712.git:kavia-R4_4
2025-10-27 09:02:18,936 - Knowledge - INFO - Found code_base: <app.utils.kg_build.knowledge.KnowledgeCodeBase object at 0x7f99453638d0>
2025-10-27 09:02:19,166 - Knowledge - INFO - process ingested knowledge for /app/data/tataelxsimcvaripplecode5379/718/b3129g6/Thunder-712/Source/core/Number.h
2025-10-27 09:02:19,336 - Knowledge - INFO - [FILE_READ] Completed: Number.h, Duration: 6ms, Size: 37670
2025-10-27 09:02:19,538 - Knowledge - INFO - Found code-base-name: https://github.com/kavia-common/Thunder-712.git:kavia-R4_4
2025-10-27 09:02:19,725 - Knowledge - INFO - Found code_base: <app.utils.kg_build.knowledge.KnowledgeCodeBase object at 0x7f99453638d0>
2025-10-27 09:02:19,900 - Knowledge - INFO - process ingested knowledge for /app/data/tataelxsimcvaripplecode5379/718/b3129g6/Thunder-712/cmake/config/core/return/return_ref.cmake
2025-10-27 09:02:20,125 - Knowledge - INFO - [FILE_READ] Completed: return_ref.cmake, Duration: 6ms, Size: 238
2025-10-27 09:02:20,358 - Knowledge - INFO - Found code-base-name: https://github.com/kavia-common/Thunder-712.git:kavia-R4_4
2025-10-27 09:02:20,528 - Knowledge - INFO - Found code_base: <app.utils.kg_build.knowledge.KnowledgeCodeBase object at 0x7f99453638d0>
2025-10-27 09:02:20,734 - Knowledge - INFO - process ingested knowledge for /app/data/tataelxsimcvaripplecode5379/718/b3129g6/Thunder-712/cmake/config/core/return/ans_extract.cmake
2025-10-27 09:02:20,929 - Knowledge - INFO - [FILE_READ] Completed: ans_extract.cmake, Duration: 6ms, Size: 291
2025-10-27 09:02:21,162 - Knowledge - INFO - Found code-base-name: https://github.com/kavia-common/Thunder-712.git:kavia-R4_4
2025-10-27 09:02:21,358 - Knowledge - INFO - Found code_base: <app.utils.kg_build.knowledge.KnowledgeCodeBase object at 0x7f99453638d0>
2025-10-27 09:02:21,519 - Knowledge - INFO - process ingested knowledge for /app/data/tataelxsimcvaripplecode5379/718/b3129g6/Thunder-712/Utils/PluginActivator/source/Module.h
2025-10-27 09:02:21,712 - Knowledge - INFO - [FILE_READ] Completed: Module.h, Duration: 6ms, Size: 899
2025-10-27 09:02:21,906 - Knowledge - INFO - Found code-base-name: https://github.com/kavia-common/Thunder-712.git:kavia-R4_4
2025-10-27 09:02:22,121 - Knowledge - INFO - Found code_base: <app.utils.kg_build.knowledge.KnowledgeCodeBase object at 0x7f99453638d0>
2025-10-27 09:02:22,334 - Knowledge - INFO - process ingested knowledge for /app/data/tataelxsimcvaripplecode5379/718/b3129g6/Thunder-712/cmake/config/quickmap/var.cmake
2025-10-27 09:02:22,498 - Knowledge - INFO - [FILE_READ] Completed: var.cmake, Duration: 5ms, Size: 146
2025-10-27 09:02:22,683 - Knowledge - INFO - Found code-base-name: https://github.com/kavia-common/Thunder-712.git:kavia-R4_4
2025-10-27 09:02:22,840 - Knowledge - INFO - Found code_base: <app.utils.kg_build.knowledge.KnowledgeCodeBase object at 0x7f99453638d0>
2025-10-27 09:02:23,034 - Knowledge - INFO - process ingested knowledge for /app/data/tataelxsimcvaripplecode5379/718/b3129g6/Thunder-712/Source/WPEFramework/PluginHost.cpp
2025-10-27 09:02:23,208 - Knowledge - INFO - [FILE_READ] Completed: PluginHost.cpp, Duration: 6ms, Size: 45206
2025-10-27 09:02:23,421 - Knowledge - INFO - Found code-base-name: https://github.com/kavia-common/Thunder-712.git:kavia-R4_4
2025-10-27 09:02:23,635 - Knowledge - INFO - Found code_base: <app.utils.kg_build.knowledge.KnowledgeCodeBase object at 0x7f99453638d0>
2025-10-27 09:02:23,816 - Knowledge - INFO - process ingested knowledge for /app/data/tataelxsimcvaripplecode5379/718/b3129g6/Thunder-712/CONTRIBUTING.md
2025-10-27 09:02:24,014 - Knowledge - INFO - [FILE_READ] Completed: CONTRIBUTING.md, Duration: 5ms, Size: 267
2025-10-27 09:02:24,229 - Knowledge - INFO - Found code-base-name: https://github.com/kavia-common/Thunder-712.git:kavia-R4_4
2025-10-27 09:02:24,421 - Knowledge - INFO - Found code_base: <app.utils.kg_build.knowledge.KnowledgeCodeBase object at 0x7f99453638d0>
2025-10-27 09:02:24,587 - Knowledge - INFO - process ingested knowledge for /app/data/tataelxsimcvaripplecode5379/718/b3129g6/Thunder-712/cmake/common/CreatePackage.cmake
2025-10-27 09:02:24,771 - Knowledge - INFO - [FILE_READ] Completed: CreatePackage.cmake, Duration: 7ms, Size: 3164
2025-10-27 09:02:24,975 - Knowledge - INFO - Found code-base-name: https://github.com/kavia-common/Thunder-712.git:kavia-R4_4
2025-10-27 09:02:25,146 - Knowledge - INFO - Found code_base: <app.utils.kg_build.knowledge.KnowledgeCodeBase object at 0x7f99453638d0>
2025-10-27 09:02:25,355 - Knowledge - INFO - process ingested knowledge for /app/data/tataelxsimcvaripplecode5379/718/b3129g6/Thunder-712/cmake/config/map/helpers/map_overwrite.cmake
2025-10-27 09:02:25,533 - Knowledge - INFO - [FILE_READ] Completed: map_overwrite.cmake, Duration: 5ms, Size: 325
2025-10-27 09:02:25,724 - Knowledge - INFO - Found code-base-name: https://github.com/kavia-common/Thunder-712.git:kavia-R4_4
2025-10-27 09:02:25,930 - Knowledge - INFO - Found code_base: <app.utils.kg_build.knowledge.KnowledgeCodeBase object at 0x7f99453638d0>
2025-10-27 09:02:26,178 - Knowledge - INFO - process ingested knowledge for /app/data/tataelxsimcvaripplecode5379/718/b3129g6/Thunder-712/Source/messaging/MessageClient.h
2025-10-27 09:02:26,346 - Knowledge - INFO - [FILE_READ] Completed: MessageClient.h, Duration: 6ms, Size: 2654
2025-10-27 09:02:26,544 - Knowledge - INFO - Found code-base-name: https://github.com/kavia-common/Thunder-712.git:kavia-R4_4
2025-10-27 09:02:26,715 - Knowledge - INFO - Found code_base: <app.utils.kg_build.knowledge.KnowledgeCodeBase object at 0x7f99453638d0>
2025-10-27 09:02:26,921 - Knowledge - INFO - process ingested knowledge for /app/data/tataelxsimcvaripplecode5379/718/b3129g6/Thunder-712/cmake/modules/FindLibCRUN.cmake
2025-10-27 09:02:27,095 - Knowledge - INFO - [FILE_READ] Completed: FindLibCRUN.cmake, Duration: 5ms, Size: 2415
2025-10-27 09:02:27,276 - Knowledge - INFO - Found code-base-name: https://github.com/kavia-common/Thunder-712.git:kavia-R4_4
2025-10-27 09:02:27,521 - Knowledge - INFO - Found code_base: <app.utils.kg_build.knowledge.KnowledgeCodeBase object at 0x7f99453638d0>
2025-10-27 09:02:27,717 - Knowledge - INFO - process ingested knowledge for /app/data/tataelxsimcvaripplecode5379/718/b3129g6/Thunder-712/Source/extensions/processcontainers/implementations/DobbyImplementation/DobbyImplementation.cpp
2025-10-27 09:02:27,913 - Knowledge - INFO - [FILE_READ] Completed: DobbyImplementation.cpp, Duration: 7ms, Size: 17050
2025-10-27 09:02:28,111 - Knowledge - INFO - Found code-base-name: https://github.com/kavia-common/Thunder-712.git:kavia-R4_4
2025-10-27 09:02:28,305 - Knowledge - INFO - Found code_base: <app.utils.kg_build.knowledge.KnowledgeCodeBase object at 0x7f99453638d0>
2025-10-27 09:02:28,492 - Knowledge - INFO - process ingested knowledge for /app/data/tataelxsimcvaripplecode5379/718/b3129g6/Thunder-712/docs/introduction/build_linux.md
2025-10-27 09:02:28,710 - Knowledge - INFO - [FILE_READ] Completed: build_linux.md, Duration: 5ms, Size: 8960
2025-10-27 09:02:28,927 - Knowledge - INFO - Found code-base-name: https://github.com/kavia-common/Thunder-712.git:kavia-R4_4
2025-10-27 09:02:29,110 - Knowledge - INFO - Found code_base: <app.utils.kg_build.knowledge.KnowledgeCodeBase object at 0x7f99453638d0>
2025-10-27 09:02:29,288 - Knowledge - INFO - process ingested knowledge for /app/data/tataelxsimcvaripplecode5379/718/b3129g6/Thunder-712/Source/plugins/IVirtualInput.h
2025-10-27 09:02:29,486 - Knowledge - INFO - [FILE_READ] Completed: IVirtualInput.h, Duration: 6ms, Size: 2130
2025-10-27 09:02:29,683 - Knowledge - INFO - Found code-base-name: https://github.com/kavia-common/Thunder-712.git:kavia-R4_4
2025-10-27 09:02:29,886 - Knowledge - INFO - Found code_base: <app.utils.kg_build.knowledge.KnowledgeCodeBase object at 0x7f99453638d0>
2025-10-27 09:02:30,085 - Knowledge - INFO - process ingested knowledge for /app/data/tataelxsimcvaripplecode5379/718/b3129g6/Thunder-712/cmake/config/map/helpers/map_pop_front.cmake
2025-10-27 09:02:30,276 - Knowledge - INFO - [FILE_READ] Completed: map_pop_front.cmake, Duration: 5ms, Size: 180
2025-10-27 09:02:30,496 - Knowledge - INFO - Found code-base-name: https://github.com/kavia-common/Thunder-712.git:kavia-R4_4
2025-10-27 09:02:30,705 - Knowledge - INFO - Found code_base: <app.utils.kg_build.knowledge.KnowledgeCodeBase object at 0x7f99453638d0>
2025-10-27 09:02:30,901 - Knowledge - INFO - process ingested knowledge for /app/data/tataelxsimcvaripplecode5379/718/b3129g6/Thunder-712/Tests/workerpool-test/WorkerPoolTest.cpp
2025-10-27 09:02:31,085 - Knowledge - INFO - [FILE_READ] Completed: WorkerPoolTest.cpp, Duration: 6ms, Size: 14243
2025-10-27 09:02:31,290 - Knowledge - INFO - Found code-base-name: https://github.com/kavia-common/Thunder-712.git:kavia-R4_4
2025-10-27 09:02:31,507 - Knowledge - INFO - Found code_base: <app.utils.kg_build.knowledge.KnowledgeCodeBase object at 0x7f99453638d0>
2025-10-27 09:02:31,721 - Knowledge - INFO - process ingested knowledge for /app/data/tataelxsimcvaripplecode5379/718/b3129g6/Thunder-712/Source/WPEFramework/CMakeLists.txt
2025-10-27 09:02:31,901 - Knowledge - INFO - [FILE_READ] Completed: CMakeLists.txt, Duration: 5ms, Size: 3761
2025-10-27 09:02:32,079 - Knowledge - INFO - Found code-base-name: https://github.com/kavia-common/Thunder-712.git:kavia-R4_4
2025-10-27 09:02:32,274 - Knowledge - INFO - Found code_base: <app.utils.kg_build.knowledge.KnowledgeCodeBase object at 0x7f99453638d0>
2025-10-27 09:02:32,465 - Knowledge - INFO - process ingested knowledge for /app/data/tataelxsimcvaripplecode5379/718/b3129g6/Thunder-712/cmake/config/map/helpers/map_clear.cmake
2025-10-27 09:02:32,670 - Knowledge - INFO - [FILE_READ] Completed: map_clear.cmake, Duration: 5ms, Size: 189
2025-10-27 09:02:32,846 - Knowledge - INFO - Found code-base-name: https://github.com/kavia-common/Thunder-712.git:kavia-R4_4
2025-10-27 09:02:33,043 - Knowledge - INFO - Found code_base: <app.utils.kg_build.knowledge.KnowledgeCodeBase object at 0x7f99453638d0>
2025-10-27 09:02:33,202 - Knowledge - INFO - process ingested knowledge for /app/data/tataelxsimcvaripplecode5379/718/b3129g6/Thunder-712/Source/core/SocketPort.cpp
2025-10-27 09:02:33,410 - Knowledge - INFO - [FILE_READ] Completed: SocketPort.cpp, Duration: 8ms, Size: 57245
2025-10-27 09:02:33,600 - Knowledge - INFO - Found code-base-name: https://github.com/kavia-common/Thunder-712.git:kavia-R4_4
2025-10-27 09:02:33,776 - Knowledge - INFO - Found code_base: <app.utils.kg_build.knowledge.KnowledgeCodeBase object at 0x7f99453638d0>
2025-10-27 09:02:33,961 - Knowledge - INFO - process ingested knowledge for /app/data/tataelxsimcvaripplecode5379/718/b3129g6/Thunder-712/Source/core/TextFragment.h
2025-10-27 09:02:34,176 - Knowledge - INFO - [FILE_READ] Completed: TextFragment.h, Duration: 6ms, Size: 21857
2025-10-27 09:02:34,402 - Knowledge - INFO - Found code-base-name: https://github.com/kavia-common/Thunder-712.git:kavia-R4_4
2025-10-27 09:02:34,645 - Knowledge - INFO - Found code_base: <app.utils.kg_build.knowledge.KnowledgeCodeBase object at 0x7f99453638d0>
2025-10-27 09:02:34,823 - Knowledge - INFO - process ingested knowledge for /app/data/tataelxsimcvaripplecode5379/718/b3129g6/Thunder-712/Source/extensions/processcontainers/implementations/RunCImplementation/RunCImplementation.cpp
2025-10-27 09:02:35,005 - Knowledge - INFO - [FILE_READ] Completed: RunCImplementation.cpp, Duration: 6ms, Size: 18684
2025-10-27 09:02:35,211 - Knowledge - INFO - Found code-base-name: https://github.com/kavia-common/Thunder-712.git:kavia-R4_4
2025-10-27 09:02:35,418 - Knowledge - INFO - Found code_base: <app.utils.kg_build.knowledge.KnowledgeCodeBase object at 0x7f99453638d0>
2025-10-27 09:02:35,634 - Knowledge - INFO - process ingested knowledge for /app/data/tataelxsimcvaripplecode5379/718/b3129g6/Thunder-712/Tests/unit/core/test_hex2strserialization.cpp
2025-10-27 09:02:35,845 - Knowledge - INFO - [FILE_READ] Completed: test_hex2strserialization.cpp, Duration: 6ms, Size: 2630
2025-10-27 09:02:36,011 - Knowledge - INFO - Found code-base-name: https://github.com/kavia-common/Thunder-712.git:kavia-R4_4
2025-10-27 09:02:36,227 - Knowledge - INFO - Found code_base: <app.utils.kg_build.knowledge.KnowledgeCodeBase object at 0x7f99453638d0>
2025-10-27 09:02:36,438 - Knowledge - INFO - process ingested knowledge for /app/data/tataelxsimcvaripplecode5379/718/b3129g6/Thunder-712/docs/plugin/subsystems.md
2025-10-27 09:02:36,623 - Knowledge - INFO - [FILE_READ] Completed: subsystems.md, Duration: 5ms, Size: 11413
2025-10-27 09:02:36,829 - Knowledge - INFO - Found code-base-name: https://github.com/kavia-common/Thunder-712.git:kavia-R4_4
2025-10-27 09:02:37,008 - Knowledge - INFO - Found code_base: <app.utils.kg_build.knowledge.KnowledgeCodeBase object at 0x7f99453638d0>
2025-10-27 09:02:37,211 - Knowledge - INFO - process ingested knowledge for /app/data/tataelxsimcvaripplecode5379/718/b3129g6/Thunder-712/Source/WPEFramework/Probe.h
2025-10-27 09:02:37,437 - Knowledge - INFO - [FILE_READ] Completed: Probe.h, Duration: 9ms, Size: 11593
2025-10-27 09:02:37,641 - Knowledge - INFO - Found code-base-name: https://github.com/kavia-common/Thunder-712.git:kavia-R4_4
2025-10-27 09:02:37,839 - Knowledge - INFO - Found code_base: <app.utils.kg_build.knowledge.KnowledgeCodeBase object at 0x7f99453638d0>
2025-10-27 09:02:38,016 - Knowledge - INFO - process ingested knowledge for /app/data/tataelxsimcvaripplecode5379/718/b3129g6/Thunder-712/cmake/config/events/event_handler.cmake
2025-10-27 09:02:38,226 - Knowledge - INFO - [FILE_READ] Completed: event_handler.cmake, Duration: 5ms, Size: 276
2025-10-27 09:02:38,412 - Knowledge - INFO - Found code-base-name: https://github.com/kavia-common/Thunder-712.git:kavia-R4_4
2025-10-27 09:02:38,572 - Knowledge - INFO - Found code_base: <app.utils.kg_build.knowledge.KnowledgeCodeBase object at 0x7f99453638d0>
2025-10-27 09:02:38,788 - Knowledge - INFO - process ingested knowledge for /app/data/tataelxsimcvaripplecode5379/718/b3129g6/Thunder-712/Source/extensions/processcontainers/implementations/CRunImplementation/CRunImplementation.cpp
2025-10-27 09:02:39,022 - Knowledge - INFO - [FILE_READ] Completed: CRunImplementation.cpp, Duration: 6ms, Size: 11036
2025-10-27 09:02:39,227 - Knowledge - INFO - Found code-base-name: https://github.com/kavia-common/Thunder-712.git:kavia-R4_4
2025-10-27 09:02:39,433 - Knowledge - INFO - Found code_base: <app.utils.kg_build.knowledge.KnowledgeCodeBase object at 0x7f99453638d0>
2025-10-27 09:02:39,591 - Knowledge - INFO - process ingested knowledge for /app/data/tataelxsimcvaripplecode5379/718/b3129g6/Thunder-712/cmake/config/map/helpers/map_fill.cmake
2025-10-27 09:02:39,795 - Knowledge - INFO - [FILE_READ] Completed: map_fill.cmake, Duration: 5ms, Size: 413
2025-10-27 09:02:40,007 - Knowledge - INFO - Found code-base-name: https://github.com/kavia-common/Thunder-712.git:kavia-R4_4
2025-10-27 09:02:40,245 - Knowledge - INFO - Found code_base: <app.utils.kg_build.knowledge.KnowledgeCodeBase object at 0x7f99453638d0>
2025-10-27 09:02:40,442 - Knowledge - INFO - process ingested knowledge for /app/data/tataelxsimcvaripplecode5379/718/b3129g6/Thunder-712/Source/plugins/System.cpp
2025-10-27 09:02:40,643 - Knowledge - INFO - [FILE_READ] Completed: System.cpp, Duration: 6ms, Size: 1429
2025-10-27 09:02:40,844 - Knowledge - INFO - Found code-base-name: https://github.com/kavia-common/Thunder-712.git:kavia-R4_4
2025-10-27 09:02:41,042 - Knowledge - INFO - Found code_base: <app.utils.kg_build.knowledge.KnowledgeCodeBase object at 0x7f99453638d0>
2025-10-27 09:02:41,242 - Knowledge - INFO - process ingested knowledge for /app/data/tataelxsimcvaripplecode5379/718/b3129g6/Thunder-712/Tests/unit/core/CMakeLists.txt
2025-10-27 09:02:41,442 - Knowledge - INFO - [FILE_READ] Completed: CMakeLists.txt, Duration: 5ms, Size: 3159
2025-10-27 09:02:41,612 - Knowledge - INFO - Found code-base-name: https://github.com/kavia-common/Thunder-712.git:kavia-R4_4
2025-10-27 09:02:41,810 - Knowledge - INFO - Found code_base: <app.utils.kg_build.knowledge.KnowledgeCodeBase object at 0x7f99453638d0>
2025-10-27 09:02:41,979 - Knowledge - INFO - process ingested knowledge for /app/data/tataelxsimcvaripplecode5379/718/b3129g6/Thunder-712/Tests/unit/tests/test_iptestmanager.cpp
2025-10-27 09:02:42,200 - Knowledge - INFO - [FILE_READ] Completed: test_iptestmanager.cpp, Duration: 6ms, Size: 1158
2025-10-27 09:02:42,374 - Knowledge - INFO - Found code-base-name: https://github.com/kavia-common/Thunder-712.git:kavia-R4_4
2025-10-27 09:02:42,611 - Knowledge - INFO - Found code_base: <app.utils.kg_build.knowledge.KnowledgeCodeBase object at 0x7f99453638d0>
2025-10-27 09:02:42,845 - Knowledge - INFO - process ingested knowledge for /app/data/tataelxsimcvaripplecode5379/718/b3129g6/Thunder-712/cmake/config/map/helpers/map_keys_set.cmake
2025-10-27 09:02:43,033 - Knowledge - INFO - [FILE_READ] Completed: map_keys_set.cmake, Duration: 7ms, Size: 99
2025-10-27 09:02:43,262 - Knowledge - INFO - Found code-base-name: https://github.com/kavia-common/Thunder-712.git:kavia-R4_4
2025-10-27 09:02:43,480 - Knowledge - INFO - Found code_base: <app.utils.kg_build.knowledge.KnowledgeCodeBase object at 0x7f99453638d0>
2025-10-27 09:02:43,684 - Knowledge - INFO - process ingested knowledge for /app/data/tataelxsimcvaripplecode5379/718/b3129g6/Thunder-712/Source/core/core.h
2025-10-27 09:02:43,902 - Knowledge - INFO - [FILE_READ] Completed: core.h, Duration: 5ms, Size: 2796
2025-10-27 09:02:44,092 - Knowledge - INFO - Found code-base-name: https://github.com/kavia-common/Thunder-712.git:kavia-R4_4
2025-10-27 09:02:44,288 - Knowledge - INFO - Found code_base: <app.utils.kg_build.knowledge.KnowledgeCodeBase object at 0x7f99453638d0>
2025-10-27 09:02:44,456 - Knowledge - INFO - process ingested knowledge for /app/data/tataelxsimcvaripplecode5379/718/b3129g6/Thunder-712/Source/plugins/ISubSystem.h
2025-10-27 09:02:44,639 - Knowledge - INFO - [FILE_READ] Completed: ISubSystem.h, Duration: 6ms, Size: 8462
2025-10-27 09:02:44,863 - Knowledge - INFO - Found code-base-name: https://github.com/kavia-common/Thunder-712.git:kavia-R4_4
2025-10-27 09:02:45,047 - Knowledge - INFO - Found code_base: <app.utils.kg_build.knowledge.KnowledgeCodeBase object at 0x7f99453638d0>
2025-10-27 09:02:45,216 - Knowledge - INFO - process ingested knowledge for /app/data/tataelxsimcvaripplecode5379/718/b3129g6/Thunder-712/Source/core/IPCMessage.h
2025-10-27 09:02:45,379 - Knowledge - INFO - [FILE_READ] Completed: IPCMessage.h, Duration: 6ms, Size: 9287
2025-10-27 09:02:45,541 - Knowledge - INFO - Found code-base-name: https://github.com/kavia-common/Thunder-712.git:kavia-R4_4
2025-10-27 09:02:45,769 - Knowledge - INFO - Found code_base: <app.utils.kg_build.knowledge.KnowledgeCodeBase object at 0x7f99453638d0>
2025-10-27 09:02:45,975 - Knowledge - INFO - process ingested knowledge for /app/data/tataelxsimcvaripplecode5379/718/b3129g6/Thunder-712/Tests/unit/core/test_keyvalue.cpp
2025-10-27 09:02:46,169 - Knowledge - INFO - [FILE_READ] Completed: test_keyvalue.cpp, Duration: 6ms, Size: 1935
2025-10-27 09:02:46,318 - Knowledge - INFO - Found code-base-name: https://github.com/kavia-common/Thunder-712.git:kavia-R4_4
2025-10-27 09:02:46,526 - Knowledge - INFO - Found code_base: <app.utils.kg_build.knowledge.KnowledgeCodeBase object at 0x7f99453638d0>
2025-10-27 09:02:46,735 - Knowledge - INFO - process ingested knowledge for /app/data/tataelxsimcvaripplecode5379/718/b3129g6/Thunder-712/cmake/config/ref/address_new.cmake
2025-10-27 09:02:46,926 - Knowledge - INFO - [FILE_READ] Completed: address_new.cmake, Duration: 5ms, Size: 1109
2025-10-27 09:02:47,110 - Knowledge - INFO - Found code-base-name: https://github.com/kavia-common/Thunder-712.git:kavia-R4_4
2025-10-27 09:02:47,298 - Knowledge - INFO - Found code_base: <app.utils.kg_build.knowledge.KnowledgeCodeBase object at 0x7f99453638d0>
2025-10-27 09:02:47,544 - Knowledge - INFO - process ingested knowledge for /app/data/tataelxsimcvaripplecode5379/718/b3129g6/Thunder-712/Source/plugins/CMakeLists.txt
2025-10-27 09:02:47,759 - Knowledge - INFO - [FILE_READ] Completed: CMakeLists.txt, Duration: 5ms, Size: 7067
2025-10-27 09:02:47,983 - Knowledge - INFO - Found code-base-name: https://github.com/kavia-common/Thunder-712.git:kavia-R4_4
2025-10-27 09:02:48,155 - Knowledge - INFO - Found code_base: <app.utils.kg_build.knowledge.KnowledgeCodeBase object at 0x7f99453638d0>
2025-10-27 09:02:48,394 - Knowledge - INFO - process ingested knowledge for /app/data/tataelxsimcvaripplecode5379/718/b3129g6/Thunder-712/Source/plugins/Shell.h
2025-10-27 09:02:48,603 - Knowledge - INFO - [FILE_READ] Completed: Shell.h, Duration: 5ms, Size: 905
2025-10-27 09:02:48,801 - Knowledge - INFO - Found code-base-name: https://github.com/kavia-common/Thunder-712.git:kavia-R4_4
2025-10-27 09:02:49,011 - Knowledge - INFO - Found code_base: <app.utils.kg_build.knowledge.KnowledgeCodeBase object at 0x7f99453638d0>
2025-10-27 09:02:49,219 - Knowledge - INFO - process ingested knowledge for /app/data/tataelxsimcvaripplecode5379/718/b3129g6/Thunder-712/docs/index.md
2025-10-27 09:02:49,393 - Knowledge - INFO - [FILE_READ] Completed: index.md, Duration: 5ms, Size: 1181
2025-10-27 09:02:49,566 - Knowledge - INFO - Found code-base-name: https://github.com/kavia-common/Thunder-712.git:kavia-R4_4
2025-10-27 09:02:49,746 - Knowledge - INFO - Found code_base: <app.utils.kg_build.knowledge.KnowledgeCodeBase object at 0x7f99453638d0>
2025-10-27 09:02:49,918 - Knowledge - INFO - process ingested knowledge for /app/data/tataelxsimcvaripplecode5379/718/b3129g6/Thunder-712/Source/plugins/IPlugin.h
2025-10-27 09:02:50,110 - Knowledge - INFO - [FILE_READ] Completed: IPlugin.h, Duration: 6ms, Size: 11113
2025-10-27 09:02:50,290 - Knowledge - INFO - Found code-base-name: https://github.com/kavia-common/Thunder-712.git:kavia-R4_4
2025-10-27 09:02:50,529 - Knowledge - INFO - Found code_base: <app.utils.kg_build.knowledge.KnowledgeCodeBase object at 0x7f99453638d0>
2025-10-27 09:02:50,740 - Knowledge - INFO - process ingested knowledge for /app/data/tataelxsimcvaripplecode5379/718/b3129g6/Thunder-712/docs/stylesheets/extra.css
2025-10-27 09:02:50,971 - Knowledge - INFO - [FILE_READ] Completed: extra.css, Duration: 5ms, Size: 170
2025-10-27 09:02:51,169 - Knowledge - INFO - Found code-base-name: https://github.com/kavia-common/Thunder-712.git:kavia-R4_4
2025-10-27 09:02:51,337 - Knowledge - INFO - Found code_base: <app.utils.kg_build.knowledge.KnowledgeCodeBase object at 0x7f99453638d0>
2025-10-27 09:02:51,541 - Knowledge - INFO - process ingested knowledge for /app/data/tataelxsimcvaripplecode5379/718/b3129g6/Thunder-712/Source/core/SharedBuffer.h
2025-10-27 09:02:51,775 - Knowledge - INFO - [FILE_READ] Completed: SharedBuffer.h, Duration: 6ms, Size: 7578
2025-10-27 09:02:51,964 - Knowledge - INFO - Found code-base-name: https://github.com/kavia-common/Thunder-712.git:kavia-R4_4
2025-10-27 09:02:52,181 - Knowledge - INFO - Found code_base: <app.utils.kg_build.knowledge.KnowledgeCodeBase object at 0x7f99453638d0>
2025-10-27 09:02:52,395 - Knowledge - INFO - process ingested knowledge for /app/data/tataelxsimcvaripplecode5379/718/b3129g6/Thunder-712/cmake/config/string/string_take_regex.cmake
2025-10-27 09:02:52,594 - Knowledge - INFO - [FILE_READ] Completed: string_take_regex.cmake, Duration: 5ms, Size: 1864
2025-10-27 09:02:52,773 - Knowledge - INFO - Found code-base-name: https://github.com/kavia-common/Thunder-712.git:kavia-R4_4
2025-10-27 09:02:52,962 - Knowledge - INFO - Found code_base: <app.utils.kg_build.knowledge.KnowledgeCodeBase object at 0x7f99453638d0>
2025-10-27 09:02:53,198 - Knowledge - INFO - process ingested knowledge for /app/data/tataelxsimcvaripplecode5379/718/b3129g6/Thunder-712/Source/core/WarningReportingCategories.cpp
2025-10-27 09:02:53,368 - Knowledge - INFO - [FILE_READ] Completed: WarningReportingCategories.cpp, Duration: 5ms, Size: 1591
2025-10-27 09:02:53,563 - Knowledge - INFO - Found code-base-name: https://github.com/kavia-common/Thunder-712.git:kavia-R4_4
2025-10-27 09:02:53,727 - Knowledge - INFO - Found code_base: <app.utils.kg_build.knowledge.KnowledgeCodeBase object at 0x7f99453638d0>
2025-10-27 09:02:53,939 - Knowledge - INFO - process ingested knowledge for /app/data/tataelxsimcvaripplecode5379/718/b3129g6/Thunder-712/Tests/unit/core/test_networkinfo.cpp
2025-10-27 09:02:54,147 - Knowledge - INFO - [FILE_READ] Completed: test_networkinfo.cpp, Duration: 5ms, Size: 3999
2025-10-27 09:02:54,318 - Knowledge - INFO - Found code-base-name: https://github.com/kavia-common/Thunder-712.git:kavia-R4_4
2025-10-27 09:02:54,529 - Knowledge - INFO - Found code_base: <app.utils.kg_build.knowledge.KnowledgeCodeBase object at 0x7f99453638d0>
2025-10-27 09:02:54,726 - Knowledge - INFO - process ingested knowledge for /app/data/tataelxsimcvaripplecode5379/718/b3129g6/Thunder-712/Source/extensions/warningreporting/WarningReportingUnit.cpp
2025-10-27 09:02:54,906 - Knowledge - INFO - [FILE_READ] Completed: WarningReportingUnit.cpp, Duration: 5ms, Size: 5368
2025-10-27 09:02:55,149 - Knowledge - INFO - Found code-base-name: https://github.com/kavia-common/Thunder-712.git:kavia-R4_4
2025-10-27 09:02:55,333 - Knowledge - INFO - Found code_base: <app.utils.kg_build.knowledge.KnowledgeCodeBase object at 0x7f99453638d0>
2025-10-27 09:02:55,512 - Knowledge - INFO - process ingested knowledge for /app/data/tataelxsimcvaripplecode5379/718/b3129g6/Thunder-712/cmake/config/map/helpers/map_pairs.cmake
2025-10-27 09:02:55,705 - Knowledge - INFO - [FILE_READ] Completed: map_pairs.cmake, Duration: 5ms, Size: 362
2025-10-27 09:02:55,872 - Knowledge - INFO - Found code-base-name: https://github.com/kavia-common/Thunder-712.git:kavia-R4_4
2025-10-27 09:02:56,081 - Knowledge - INFO - Found code_base: <app.utils.kg_build.knowledge.KnowledgeCodeBase object at 0x7f99453638d0>
2025-10-27 09:02:56,286 - Knowledge - INFO - process ingested knowledge for /app/data/tataelxsimcvaripplecode5379/718/b3129g6/Thunder-712/Source/websocket/WebTransfer.h
2025-10-27 09:02:56,461 - Knowledge - INFO - [FILE_READ] Completed: WebTransfer.h, Duration: 6ms, Size: 23939
2025-10-27 09:02:56,679 - Knowledge - INFO - Found code-base-name: https://github.com/kavia-common/Thunder-712.git:kavia-R4_4
2025-10-27 09:02:56,880 - Knowledge - INFO - Found code_base: <app.utils.kg_build.knowledge.KnowledgeCodeBase object at 0x7f99453638d0>
2025-10-27 09:02:57,077 - Knowledge - INFO - process ingested knowledge for /app/data/tataelxsimcvaripplecode5379/718/b3129g6/Thunder-712/Source/messaging/MessageDispatcher.h
2025-10-27 09:02:57,271 - Knowledge - INFO - [FILE_READ] Completed: MessageDispatcher.h, Duration: 6ms, Size: 12155
2025-10-27 09:02:57,438 - Knowledge - INFO - Found code-base-name: https://github.com/kavia-common/Thunder-712.git:kavia-R4_4
2025-10-27 09:02:57,603 - Knowledge - INFO - Found code_base: <app.utils.kg_build.knowledge.KnowledgeCodeBase object at 0x7f99453638d0>
2025-10-27 09:02:57,823 - Knowledge - INFO - process ingested knowledge for /app/data/tataelxsimcvaripplecode5379/718/b3129g6/Thunder-712/cmake/config/quickmap/kv.cmake
2025-10-27 09:02:58,029 - Knowledge - INFO - [FILE_READ] Completed: kv.cmake, Duration: 5ms, Size: 63
2025-10-27 09:02:58,219 - Knowledge - INFO - Found code-base-name: https://github.com/kavia-common/Thunder-712.git:kavia-R4_4
2025-10-27 09:02:58,429 - Knowledge - INFO - Found code_base: <app.utils.kg_build.knowledge.KnowledgeCodeBase object at 0x7f99453638d0>
2025-10-27 09:02:58,604 - Knowledge - INFO - process ingested knowledge for /app/data/tataelxsimcvaripplecode5379/718/b3129g6/Thunder-712/Source/core/StreamText.h
2025-10-27 09:02:58,786 - Knowledge - INFO - [FILE_READ] Completed: StreamText.h, Duration: 7ms, Size: 20531
2025-10-27 09:02:58,964 - Knowledge - INFO - Found code-base-name: https://github.com/kavia-common/Thunder-712.git:kavia-R4_4
2025-10-27 09:02:59,136 - Knowledge - INFO - Found code_base: <app.utils.kg_build.knowledge.KnowledgeCodeBase object at 0x7f99453638d0>
2025-10-27 09:02:59,303 - Knowledge - INFO - process ingested knowledge for /app/data/tataelxsimcvaripplecode5379/718/b3129g6/Thunder-712/cmake/config/map/iterator/map_iterator_next.cmake
2025-10-27 09:02:59,507 - Knowledge - INFO - [FILE_READ] Completed: map_iterator_next.cmake, Duration: 6ms, Size: 858
2025-10-27 09:02:59,699 - Knowledge - INFO - Found code-base-name: https://github.com/kavia-common/Thunder-712.git:kavia-R4_4
2025-10-27 09:02:59,856 - Knowledge - INFO - Found code_base: <app.utils.kg_build.knowledge.KnowledgeCodeBase object at 0x7f99453638d0>
2025-10-27 09:03:00,059 - Knowledge - INFO - process ingested knowledge for /app/data/tataelxsimcvaripplecode5379/718/b3129g6/Thunder-712/Tests/unit/core/test_weblinkjson.cpp
2025-10-27 09:03:00,246 - Knowledge - INFO - [FILE_READ] Completed: test_weblinkjson.cpp, Duration: 6ms, Size: 9341
2025-10-27 09:03:00,437 - Knowledge - INFO - Found code-base-name: https://github.com/kavia-common/Thunder-712.git:kavia-R4_4
2025-10-27 09:03:00,593 - Knowledge - INFO - Found code_base: <app.utils.kg_build.knowledge.KnowledgeCodeBase object at 0x7f99453638d0>
2025-10-27 09:03:00,819 - Knowledge - INFO - process ingested knowledge for /app/data/tataelxsimcvaripplecode5379/718/b3129g6/Thunder-712/Source/core/SystemInfo.h
2025-10-27 09:03:00,995 - Knowledge - INFO - [FILE_READ] Completed: SystemInfo.h, Duration: 6ms, Size: 8948
2025-10-27 09:03:01,158 - Knowledge - INFO - Found code-base-name: https://github.com/kavia-common/Thunder-712.git:kavia-R4_4
2025-10-27 09:03:01,339 - Knowledge - INFO - Found code_base: <app.utils.kg_build.knowledge.KnowledgeCodeBase object at 0x7f99453638d0>
2025-10-27 09:03:01,498 - Knowledge - INFO - process ingested knowledge for /app/data/tataelxsimcvaripplecode5379/718/b3129g6/Thunder-712/Source/websocket/WebSerializer.cpp
2025-10-27 09:03:01,724 - Knowledge - INFO - [FILE_READ] Completed: WebSerializer.cpp, Duration: 8ms, Size: 92645
2025-10-27 09:03:01,887 - Knowledge - INFO - Found code-base-name: https://github.com/kavia-common/Thunder-712.git:kavia-R4_4
2025-10-27 09:03:02,068 - Knowledge - INFO - Found code_base: <app.utils.kg_build.knowledge.KnowledgeCodeBase object at 0x7f99453638d0>
2025-10-27 09:03:02,256 - Knowledge - INFO - process ingested knowledge for /app/data/tataelxsimcvaripplecode5379/718/b3129g6/Thunder-712/Source/cryptalgo/cryptalgo.h
2025-10-27 09:03:02,427 - Knowledge - INFO - [FILE_READ] Completed: cryptalgo.h, Duration: 5ms, Size: 1084
2025-10-27 09:03:02,610 - Knowledge - INFO - Found code-base-name: https://github.com/kavia-common/Thunder-712.git:kavia-R4_4
2025-10-27 09:03:02,796 - Knowledge - INFO - Found code_base: <app.utils.kg_build.knowledge.KnowledgeCodeBase object at 0x7f99453638d0>
2025-10-27 09:03:02,986 - Knowledge - INFO - process ingested knowledge for /app/data/tataelxsimcvaripplecode5379/718/b3129g6/Thunder-712/Source/core/CyclicBuffer.h
2025-10-27 09:03:03,160 - Knowledge - INFO - [FILE_READ] Completed: CyclicBuffer.h, Duration: 6ms, Size: 11383
2025-10-27 09:03:03,353 - Knowledge - INFO - Found code-base-name: https://github.com/kavia-common/Thunder-712.git:kavia-R4_4
2025-10-27 09:03:03,529 - Knowledge - INFO - Found code_base: <app.utils.kg_build.knowledge.KnowledgeCodeBase object at 0x7f99453638d0>
2025-10-27 09:03:03,743 - Knowledge - INFO - process ingested knowledge for /app/data/tataelxsimcvaripplecode5379/718/b3129g6/Thunder-712/cmake/config/map/operations/map_clone_deep.cmake
2025-10-27 09:03:03,919 - Knowledge - INFO - [FILE_READ] Completed: map_clone_deep.cmake, Duration: 5ms, Size: 420
2025-10-27 09:03:04,107 - Knowledge - INFO - Found code-base-name: https://github.com/kavia-common/Thunder-712.git:kavia-R4_4
2025-10-27 09:03:04,328 - Knowledge - INFO - Found code_base: <app.utils.kg_build.knowledge.KnowledgeCodeBase object at 0x7f99453638d0>
2025-10-27 09:03:04,554 - Knowledge - INFO - process ingested knowledge for /app/data/tataelxsimcvaripplecode5379/718/b3129g6/Thunder-712/cmake/config/map/helpers/map_pop_back.cmake
2025-10-27 09:03:04,775 - Knowledge - INFO - [FILE_READ] Completed: map_pop_back.cmake, Duration: 6ms, Size: 179
2025-10-27 09:03:05,043 - Knowledge - INFO - Found code-base-name: https://github.com/kavia-common/Thunder-712.git:kavia-R4_4
2025-10-27 09:03:05,239 - Knowledge - INFO - Found code_base: <app.utils.kg_build.knowledge.KnowledgeCodeBase object at 0x7f99453638d0>
2025-10-27 09:03:05,421 - Knowledge - INFO - process ingested knowledge for /app/data/tataelxsimcvaripplecode5379/718/b3129g6/Thunder-712/cmake/config/map/README.md
2025-10-27 09:03:05,621 - Knowledge - INFO - [FILE_READ] Completed: README.md, Duration: 6ms, Size: 12714
2025-10-27 09:03:05,832 - Knowledge - INFO - Found code-base-name: https://github.com/kavia-common/Thunder-712.git:kavia-R4_4
2025-10-27 09:03:06,049 - Knowledge - INFO - Found code_base: <app.utils.kg_build.knowledge.KnowledgeCodeBase object at 0x7f99453638d0>
2025-10-27 09:03:06,268 - Knowledge - INFO - process ingested knowledge for /app/data/tataelxsimcvaripplecode5379/718/b3129g6/Thunder-712/Source/extensions/processcontainers/Module.h
2025-10-27 09:03:06,462 - Knowledge - INFO - [FILE_READ] Completed: Module.h, Duration: 6ms, Size: 967
2025-10-27 09:03:06,623 - Knowledge - INFO - Found code-base-name: https://github.com/kavia-common/Thunder-712.git:kavia-R4_4
2025-10-27 09:03:06,798 - Knowledge - INFO - Found code_base: <app.utils.kg_build.knowledge.KnowledgeCodeBase object at 0x7f99453638d0>
2025-10-27 09:03:06,995 - Knowledge - INFO - process ingested knowledge for /app/data/tataelxsimcvaripplecode5379/718/b3129g6/Thunder-712/Source/messaging/DirectOutput.h
2025-10-27 09:03:07,220 - Knowledge - INFO - [FILE_READ] Completed: DirectOutput.h, Duration: 6ms, Size: 1875
2025-10-27 09:03:07,372 - Knowledge - INFO - Found code-base-name: https://github.com/kavia-common/Thunder-712.git:kavia-R4_4
2025-10-27 09:03:07,539 - Knowledge - INFO - Found code_base: <app.utils.kg_build.knowledge.KnowledgeCodeBase object at 0x7f99453638d0>
2025-10-27 09:03:07,745 - Knowledge - INFO - process ingested knowledge for /app/data/tataelxsimcvaripplecode5379/718/b3129g6/Thunder-712/Source/plugins/Configuration.h
2025-10-27 09:03:07,970 - Knowledge - INFO - [FILE_READ] Completed: Configuration.h, Duration: 6ms, Size: 14381
2025-10-27 09:03:08,181 - Knowledge - INFO - Found code-base-name: https://github.com/kavia-common/Thunder-712.git:kavia-R4_4
2025-10-27 09:03:08,351 - Knowledge - INFO - Found code_base: <app.utils.kg_build.knowledge.KnowledgeCodeBase object at 0x7f99453638d0>
2025-10-27 09:03:08,547 - Knowledge - INFO - process ingested knowledge for /app/data/tataelxsimcvaripplecode5379/718/b3129g6/Thunder-712/Source/websocket/URL.h
2025-10-27 09:03:08,761 - Knowledge - INFO - [FILE_READ] Completed: URL.h, Duration: 6ms, Size: 13023
2025-10-27 09:03:08,964 - Knowledge - INFO - Found code-base-name: https://github.com/kavia-common/Thunder-712.git:kavia-R4_4
2025-10-27 09:03:09,141 - Knowledge - INFO - Found code_base: <app.utils.kg_build.knowledge.KnowledgeCodeBase object at 0x7f99453638d0>
2025-10-27 09:03:09,347 - Knowledge - INFO - process ingested knowledge for /app/data/tataelxsimcvaripplecode5379/718/b3129g6/Thunder-712/Source/core/Timer.h
2025-10-27 09:03:09,557 - Knowledge - INFO - [FILE_READ] Completed: Timer.h, Duration: 6ms, Size: 14250
2025-10-27 09:03:09,734 - Knowledge - INFO - Found code-base-name: https://github.com/kavia-common/Thunder-712.git:kavia-R4_4
2025-10-27 09:03:09,881 - Knowledge - INFO - Found code_base: <app.utils.kg_build.knowledge.KnowledgeCodeBase object at 0x7f99453638d0>
2025-10-27 09:03:10,085 - Knowledge - INFO - process ingested knowledge for /app/data/tataelxsimcvaripplecode5379/718/b3129g6/Thunder-712/cmake/config/events/event_cancel.cmake
2025-10-27 09:03:10,322 - Knowledge - INFO - [FILE_READ] Completed: event_cancel.cmake, Duration: 5ms, Size: 211
2025-10-27 09:03:10,515 - Knowledge - INFO - Found code-base-name: https://github.com/kavia-common/Thunder-712.git:kavia-R4_4
2025-10-27 09:03:10,698 - Knowledge - INFO - Found code_base: <app.utils.kg_build.knowledge.KnowledgeCodeBase object at 0x7f99453638d0>
2025-10-27 09:03:10,878 - Knowledge - INFO - process ingested knowledge for /app/data/tataelxsimcvaripplecode5379/718/b3129g6/Thunder-712/Source/core/IObserver.h
2025-10-27 09:03:11,052 - Knowledge - INFO - [FILE_READ] Completed: IObserver.h, Duration: 5ms, Size: 1057
2025-10-27 09:03:11,268 - Knowledge - INFO - Found code-base-name: https://github.com/kavia-common/Thunder-712.git:kavia-R4_4
2025-10-27 09:03:11,490 - Knowledge - INFO - Found code_base: <app.utils.kg_build.knowledge.KnowledgeCodeBase object at 0x7f99453638d0>
2025-10-27 09:03:11,697 - Knowledge - INFO - process ingested knowledge for /app/data/tataelxsimcvaripplecode5379/718/b3129g6/Thunder-712/Tests/unit/core/test_optional.cpp
2025-10-27 09:03:11,868 - Knowledge - INFO - [FILE_READ] Completed: test_optional.cpp, Duration: 6ms, Size: 1558
2025-10-27 09:03:12,080 - Knowledge - INFO - Found code-base-name: https://github.com/kavia-common/Thunder-712.git:kavia-R4_4
2025-10-27 09:03:12,269 - Knowledge - INFO - Found code_base: <app.utils.kg_build.knowledge.KnowledgeCodeBase object at 0x7f99453638d0>
2025-10-27 09:03:12,454 - Knowledge - INFO - process ingested knowledge for /app/data/tataelxsimcvaripplecode5379/718/b3129g6/Thunder-712/Tests/unit/CMakeLists.txt
2025-10-27 09:03:12,635 - Knowledge - INFO - [FILE_READ] Completed: CMakeLists.txt, Duration: 6ms, Size: 1332
2025-10-27 09:03:12,812 - Knowledge - INFO - Found code-base-name: https://github.com/kavia-common/Thunder-712.git:kavia-R4_4
2025-10-27 09:03:12,973 - Knowledge - INFO - Found code_base: <app.utils.kg_build.knowledge.KnowledgeCodeBase object at 0x7f99453638d0>
2025-10-27 09:03:13,159 - Knowledge - INFO - process ingested knowledge for /app/data/tataelxsimcvaripplecode5379/718/b3129g6/Thunder-712/cmake/modules/FindLXC.cmake
2025-10-27 09:03:13,363 - Knowledge - INFO - [FILE_READ] Completed: FindLXC.cmake, Duration: 6ms, Size: 1825
2025-10-27 09:03:13,551 - Knowledge - INFO - Found code-base-name: https://github.com/kavia-common/Thunder-712.git:kavia-R4_4
2025-10-27 09:03:13,754 - Knowledge - INFO - Found code_base: <app.utils.kg_build.knowledge.KnowledgeCodeBase object at 0x7f99453638d0>
2025-10-27 09:03:13,955 - Knowledge - INFO - process ingested knowledge for /app/data/tataelxsimcvaripplecode5379/718/b3129g6/Thunder-712/Source/core/NetworkInfo.cpp
2025-10-27 09:03:14,165 - Knowledge - INFO - [FILE_READ] Completed: NetworkInfo.cpp, Duration: 6ms, Size: 58676
2025-10-27 09:03:14,365 - Knowledge - INFO - Found code-base-name: https://github.com/kavia-common/Thunder-712.git:kavia-R4_4
2025-10-27 09:03:14,587 - Knowledge - INFO - Found code_base: <app.utils.kg_build.knowledge.KnowledgeCodeBase object at 0x7f99453638d0>
2025-10-27 09:03:14,800 - Knowledge - INFO - process ingested knowledge for /app/data/tataelxsimcvaripplecode5379/718/b3129g6/Thunder-712/Tests/httpsclient/Module.h
2025-10-27 09:03:15,014 - Knowledge - INFO - [FILE_READ] Completed: Module.h, Duration: 5ms, Size: 858
2025-10-27 09:03:15,207 - Knowledge - INFO - Found code-base-name: https://github.com/kavia-common/Thunder-712.git:kavia-R4_4
2025-10-27 09:03:15,386 - Knowledge - INFO - Found code_base: <app.utils.kg_build.knowledge.KnowledgeCodeBase object at 0x7f99453638d0>
2025-10-27 09:03:15,591 - Knowledge - INFO - process ingested knowledge for /app/data/tataelxsimcvaripplecode5379/718/b3129g6/Thunder-712/Source/cryptalgo/SecureSocketPort.h
2025-10-27 09:03:15,800 - Knowledge - INFO - [FILE_READ] Completed: SecureSocketPort.h, Duration: 6ms, Size: 7057
2025-10-27 09:03:16,026 - Knowledge - INFO - Found code-base-name: https://github.com/kavia-common/Thunder-712.git:kavia-R4_4
2025-10-27 09:03:16,202 - Knowledge - INFO - Found code_base: <app.utils.kg_build.knowledge.KnowledgeCodeBase object at 0x7f99453638d0>
2025-10-27 09:03:16,381 - Knowledge - INFO - process ingested knowledge for /app/data/tataelxsimcvaripplecode5379/718/b3129g6/Thunder-712/Source/core/WarningReportingControl.h
2025-10-27 09:03:16,605 - Knowledge - INFO - [FILE_READ] Completed: WarningReportingControl.h, Duration: 6ms, Size: 27245
2025-10-27 09:03:16,787 - Knowledge - INFO - Found code-base-name: https://github.com/kavia-common/Thunder-712.git:kavia-R4_4
2025-10-27 09:03:16,984 - Knowledge - INFO - Found code_base: <app.utils.kg_build.knowledge.KnowledgeCodeBase object at 0x7f99453638d0>
2025-10-27 09:03:17,210 - Knowledge - INFO - process ingested knowledge for /app/data/tataelxsimcvaripplecode5379/718/b3129g6/Thunder-712/Tests/unit/core/test_enumerate.cpp
2025-10-27 09:03:17,382 - Knowledge - INFO - [FILE_READ] Completed: test_enumerate.cpp, Duration: 6ms, Size: 4844
2025-10-27 09:03:17,568 - Knowledge - INFO - Loaded 630 files from persisted knowledge
2025-10-27 09:03:17,740 - Knowledge - INFO - load persisted knowledge: end
2025-10-27 09:03:17,933 - Knowledge - INFO - Redis support added with prefix knowledge:b3129g6:
2025-10-27 09:03:18,789 - Knowledge - INFO - load persisted docinfo: begin
2025-10-27 09:03:18,987 - Knowledge - INFO - load persisted docinfo: end
2025-10-27 09:03:19,182 - Knowledge - INFO - Worker kw1 created using shared MongoDB connection pool
2025-10-27 09:03:19,334 - Knowledge - INFO - knowledge worker kw1 start
2025-10-27 09:03:19,334 - Knowledge - INFO - Worker kw2 created using shared MongoDB connection pool
2025-10-27 09:03:19,502 - Knowledge - INFO - [kw1] Queue=630, InProgress=0, PendingWorkers=0/1, Completed=0/630 (0.0%)
2025-10-27 09:03:19,602 - Knowledge - INFO - knowledge worker kw2 start
2025-10-27 09:03:19,604 - Knowledge - INFO - Worker kw3 created using shared MongoDB connection pool
2025-10-27 09:03:19,676 - Knowledge - INFO - Dynamic batch size: 150 for queue=630
2025-10-27 09:03:19,790 - Knowledge - INFO - [kw2] Queue=630, InProgress=0, PendingWorkers=0/2, Completed=0/630 (0.0%)
2025-10-27 09:03:19,867 - Knowledge - INFO - knowledge worker kw3 start
2025-10-27 09:03:19,867 - Knowledge - INFO - Worker kw4 created using shared MongoDB connection pool
2025-10-27 09:03:19,980 - Knowledge - INFO - Worker kw1 processing /app/data/tataelxsimcvaripplecode5379/718/b3129g6/Thunder-712/Source/com/Communicator.cpp
2025-10-27 09:03:20,052 - Knowledge - INFO - Dynamic batch size: 75 for queue=630
2025-10-27 09:03:20,181 - Knowledge - INFO - [kw3] Queue=480, InProgress=0, PendingWorkers=1/3, Completed=0/630 (0.0%)
2025-10-27 09:03:20,264 - Knowledge - INFO - knowledge worker kw4 start
2025-10-27 09:03:20,264 - Knowledge - INFO - Worker kw5 created using shared MongoDB connection pool
2025-10-27 09:03:20,374 - Knowledge - INFO - Worker kw1 processing /app/data/tataelxsimcvaripplecode5379/718/b3129g6/Thunder-712/Source/WPEFramework/WarningReportingCategories.cpp
2025-10-27 09:03:20,454 - Knowledge - INFO - Worker kw2 processing /app/data/tataelxsimcvaripplecode5379/718/b3129g6/Thunder-712/cmake/config/formats/json/json2_definition.cmake
2025-10-27 09:03:20,575 - Knowledge - INFO - Dynamic batch size: 50 for queue=480
2025-10-27 09:03:20,659 - Knowledge - INFO - [kw4] Queue=405, InProgress=0, PendingWorkers=2/4, Completed=0/630 (0.0%)
2025-10-27 09:03:20,777 - Knowledge - INFO - knowledge worker kw5 start
2025-10-27 09:03:20,778 - Knowledge - INFO - Worker kw6 created using shared MongoDB connection pool
2025-10-27 09:03:20,873 - Knowledge - INFO - Fast-tracked /app/data/tataelxsimcvaripplecode5379/718/b3129g6/Thunder-712/Source/WPEFramework/WarningReportingCategories.cpp (ext=.cpp, size=1279)
2025-10-27 09:03:20,973 - Knowledge - INFO - Worker kw2 processing /app/data/tataelxsimcvaripplecode5379/718/b3129g6/Thunder-712/cmake/config/quickmap/map.cmake
2025-10-27 09:03:21,101 - Knowledge - INFO - Worker kw3 processing /app/data/tataelxsimcvaripplecode5379/718/b3129g6/Thunder-712/cmake/config/formats/json/json_tokenize.cmake
2025-10-27 09:03:21,197 - Knowledge - INFO - Dynamic batch size: 50 for queue=405
2025-10-27 09:03:21,305 - Knowledge - INFO - [kw5] Queue=355, InProgress=0, PendingWorkers=3/5, Completed=0/630 (0.0%)
2025-10-27 09:03:21,395 - Knowledge - INFO - knowledge worker kw6 start
2025-10-27 09:03:21,396 - Knowledge - INFO - Worker kw7 created using shared MongoDB connection pool
2025-10-27 09:03:21,474 - Knowledge - INFO - Worker kw1 processing /app/data/tataelxsimcvaripplecode5379/718/b3129g6/Thunder-712/Tests/CMakeLists.txt
2025-10-27 09:03:21,549 - Knowledge - INFO - Fast-tracked /app/data/tataelxsimcvaripplecode5379/718/b3129g6/Thunder-712/cmake/config/quickmap/map.cmake (ext=.cmake, size=845)
2025-10-27 09:03:21,639 - Knowledge - INFO - Fast-tracked /app/data/tataelxsimcvaripplecode5379/718/b3129g6/Thunder-712/cmake/config/formats/json/json_tokenize.cmake (ext=.cmake, size=1117)
2025-10-27 09:03:21,752 - Knowledge - INFO - Worker kw4 processing /app/data/tataelxsimcvaripplecode5379/718/b3129g6/Thunder-712/Source/core/SocketServer.h
2025-10-27 09:03:21,834 - Knowledge - INFO - Dynamic batch size: 50 for queue=355
2025-10-27 09:03:21,933 - Knowledge - INFO - [kw6] Queue=305, InProgress=0, PendingWorkers=4/6, Completed=0/630 (0.0%)
2025-10-27 09:03:21,996 - Knowledge - INFO - knowledge worker kw7 start
2025-10-27 09:03:21,996 - Knowledge - INFO - Worker kw8 created using shared MongoDB connection pool
2025-10-27 09:03:22,083 - Knowledge - INFO - Fast-tracked /app/data/tataelxsimcvaripplecode5379/718/b3129g6/Thunder-712/Tests/CMakeLists.txt (ext=.txt, size=548)
2025-10-27 09:03:22,158 - Knowledge - INFO - Worker kw2 processing /app/data/tataelxsimcvaripplecode5379/718/b3129g6/Thunder-712/Source/extensions/processcontainers/implementations/DobbyImplementation/DobbyImplementation.h
2025-10-27 09:03:22,237 - Knowledge - INFO - Worker kw3 processing /app/data/tataelxsimcvaripplecode5379/718/b3129g6/Thunder-712/Tests/unit/core/test_cyclicbuffer.cpp
2025-10-27 09:03:22,329 - Knowledge - INFO - Worker kw4 processing /app/data/tataelxsimcvaripplecode5379/718/b3129g6/Thunder-712/cmake/config/map/dfs.cmake
2025-10-27 09:03:22,408 - Knowledge - INFO - Worker kw5 processing /app/data/tataelxsimcvaripplecode5379/718/b3129g6/Thunder-712/cmake/modules/FindSystemd.cmake
2025-10-27 09:03:22,528 - Knowledge - INFO - Dynamic batch size: 50 for queue=305
2025-10-27 09:03:22,610 - Knowledge - INFO - [kw7] Queue=255, InProgress=0, PendingWorkers=5/7, Completed=0/630 (0.0%)
2025-10-27 09:03:22,721 - Knowledge - INFO - knowledge worker kw8 start
2025-10-27 09:03:22,722 - Knowledge - INFO - Worker kw9 created using shared MongoDB connection pool
2025-10-27 09:03:22,795 - Knowledge - INFO - Worker kw1 processing /app/data/tataelxsimcvaripplecode5379/718/b3129g6/Thunder-712/Source/WPEFramework/SystemInfo.h
2025-10-27 09:03:22,878 - Knowledge - INFO - Worker kw2 processing /app/data/tataelxsimcvaripplecode5379/718/b3129g6/Thunder-712/Tests/file-unlink/file-client.cpp
2025-10-27 09:03:22,974 - Knowledge - INFO - Fast-tracked /app/data/tataelxsimcvaripplecode5379/718/b3129g6/Thunder-712/Tests/unit/core/test_cyclicbuffer.cpp (ext=.cpp, size=71731)
2025-10-27 09:03:23,078 - Knowledge - INFO - Fast-tracked /app/data/tataelxsimcvaripplecode5379/718/b3129g6/Thunder-712/cmake/config/map/dfs.cmake (ext=.cmake, size=339)
2025-10-27 09:03:23,156 - Knowledge - INFO - Worker kw5 processing /app/data/tataelxsimcvaripplecode5379/718/b3129g6/Thunder-712/cmake/config/quickmap/val.cmake
2025-10-27 09:03:23,310 - Knowledge - INFO - Worker kw6 processing /app/data/tataelxsimcvaripplecode5379/718/b3129g6/Thunder-712/Source/plugins/StateControl.h
2025-10-27 09:03:23,400 - Knowledge - INFO - Dynamic batch size: 50 for queue=255
2025-10-27 09:03:23,507 - Knowledge - INFO - [kw8] Queue=205, InProgress=0, PendingWorkers=6/8, Completed=0/630 (0.0%)
2025-10-27 09:03:23,590 - Knowledge - INFO - knowledge worker kw9 start
2025-10-27 09:03:23,590 - Knowledge - INFO - Worker kw10 created using shared MongoDB connection pool
2025-10-27 09:03:23,682 - Knowledge - INFO - Worker kw1 processing /app/data/tataelxsimcvaripplecode5379/718/b3129g6/Thunder-712/Source/com/IteratorType.h
2025-10-27 09:03:23,800 - Knowledge - INFO - Fast-tracked /app/data/tataelxsimcvaripplecode5379/718/b3129g6/Thunder-712/Tests/file-unlink/file-client.cpp (ext=.cpp, size=573)
2025-10-27 09:03:23,912 - Knowledge - INFO - Worker kw3 processing /app/data/tataelxsimcvaripplecode5379/718/b3129g6/Thunder-712/Tests/unit/core/test_systeminfo.cpp
2025-10-27 09:03:24,022 - Knowledge - INFO - Worker kw4 processing /app/data/tataelxsimcvaripplecode5379/718/b3129g6/Thunder-712/Source/core/FileSystem.cpp
2025-10-27 09:03:24,120 - Knowledge - INFO - Fast-tracked /app/data/tataelxsimcvaripplecode5379/718/b3129g6/Thunder-712/cmake/config/quickmap/val.cmake (ext=.cmake, size=628)
2025-10-27 09:03:24,223 - Knowledge - INFO - Fast-tracked /app/data/tataelxsimcvaripplecode5379/718/b3129g6/Thunder-712/Source/plugins/StateControl.h (ext=.h, size=927)
2025-10-27 09:03:24,349 - Knowledge - INFO - Worker kw7 processing /app/data/tataelxsimcvaripplecode5379/718/b3129g6/Thunder-712/Source/tracing/tracing.h
2025-10-27 09:03:24,471 - Knowledge - INFO - Dynamic batch size: 50 for queue=205
2025-10-27 09:03:24,576 - Knowledge - INFO - [kw9] Queue=155, InProgress=0, PendingWorkers=7/9, Completed=0/630 (0.0%)
2025-10-27 09:03:24,675 - Knowledge - INFO - knowledge worker kw10 start
2025-10-27 09:03:24,675 - Knowledge - INFO - Worker kw11 created using shared MongoDB connection pool
2025-10-27 09:03:24,778 - Knowledge - INFO - Worker kw1 processing /app/data/tataelxsimcvaripplecode5379/718/b3129g6/Thunder-712/Source/extensions/privilegedrequest/CMakeLists.txt
2025-10-27 09:03:24,877 - Knowledge - INFO - Worker kw2 processing /app/data/tataelxsimcvaripplecode5379/718/b3129g6/Thunder-712/cmake/config/quickmap/README.md
2025-10-27 09:03:24,989 - Knowledge - INFO - Fast-tracked /app/data/tataelxsimcvaripplecode5379/718/b3129g6/Thunder-712/Tests/unit/core/test_systeminfo.cpp (ext=.cpp, size=19784)
2025-10-27 09:03:25,090 - Knowledge - INFO - Worker kw4 processing /app/data/tataelxsimcvaripplecode5379/718/b3129g6/Thunder-712/docs/introduction/config.md
2025-10-27 09:03:25,199 - Knowledge - INFO - Worker kw5 processing /app/data/tataelxsimcvaripplecode5379/718/b3129g6/Thunder-712/Source/core/DoorBell.h
2025-10-27 09:03:25,308 - Knowledge - INFO - Worker kw6 processing /app/data/tataelxsimcvaripplecode5379/718/b3129g6/Thunder-712/Source/core/XGetopt.h
2025-10-27 09:03:25,407 - Knowledge - INFO - Fast-tracked /app/data/tataelxsimcvaripplecode5379/718/b3129g6/Thunder-712/Source/tracing/tracing.h (ext=.h, size=748)
2025-10-27 09:03:25,501 - Knowledge - INFO - Worker kw8 processing /app/data/tataelxsimcvaripplecode5379/718/b3129g6/Thunder-712/Source/core/WorkerPool.cpp
2025-10-27 09:03:25,573 - Knowledge - INFO - Dynamic batch size: 30 for queue=155
2025-10-27 09:03:25,699 - Knowledge - INFO - [kw10] Queue=105, InProgress=0, PendingWorkers=8/10, Completed=0/630 (0.0%)
2025-10-27 09:03:25,791 - Knowledge - INFO - knowledge worker kw11 start
2025-10-27 09:03:25,791 - Knowledge - INFO - Worker kw12 created using shared MongoDB connection pool
2025-10-27 09:03:25,890 - Knowledge - INFO - Fast-tracked /app/data/tataelxsimcvaripplecode5379/718/b3129g6/Thunder-712/Source/extensions/privilegedrequest/CMakeLists.txt (ext=.txt, size=1798)
2025-10-27 09:03:25,999 - Knowledge - INFO - Fast-tracked /app/data/tataelxsimcvaripplecode5379/718/b3129g6/Thunder-712/cmake/config/quickmap/README.md (ext=.md, size=1675)
2025-10-27 09:03:26,108 - Knowledge - INFO - Worker kw3 processing /app/data/tataelxsimcvaripplecode5379/718/b3129g6/Thunder-712/Source/cryptalgo/SecureSocketPort.cpp
2025-10-27 09:03:26,202 - Knowledge - INFO - Fast-tracked /app/data/tataelxsimcvaripplecode5379/718/b3129g6/Thunder-712/docs/introduction/config.md (ext=.md, size=13626)
2025-10-27 09:03:26,286 - Knowledge - INFO - Worker kw5 processing /app/data/tataelxsimcvaripplecode5379/718/b3129g6/Thunder-712/Source/websocket/WebSocketLink.h
2025-10-27 09:03:26,377 - Knowledge - INFO - Worker kw6 processing /app/data/tataelxsimcvaripplecode5379/718/b3129g6/Thunder-712/Source/plugins/VirtualInput.cpp
2025-10-27 09:03:26,458 - Knowledge - INFO - Worker kw7 processing /app/data/tataelxsimcvaripplecode5379/718/b3129g6/Thunder-712/cmake/config/map/helpers/map_matches.cmake
2025-10-27 09:03:26,564 - Knowledge - INFO - Fast-tracked /app/data/tataelxsimcvaripplecode5379/718/b3129g6/Thunder-712/Source/core/WorkerPool.cpp (ext=.cpp, size=1334)
2025-10-27 09:03:26,648 - Knowledge - INFO - Worker kw9 processing /app/data/tataelxsimcvaripplecode5379/718/b3129g6/Thunder-712/cmake/config/map/helpers/map_extract.cmake
2025-10-27 09:03:26,726 - Knowledge - INFO - Dynamic batch size: 30 for queue=105
2025-10-27 09:03:26,797 - Knowledge - INFO - [kw11] Queue=75, InProgress=0, PendingWorkers=9/11, Completed=0/630 (0.0%)
2025-10-27 09:03:26,918 - Knowledge - INFO - knowledge worker kw12 start
2025-10-27 09:03:26,919 - Knowledge - INFO - Worker kw13 created using shared MongoDB connection pool
2025-10-27 09:03:27,025 - Knowledge - INFO - Worker kw1 processing /app/data/tataelxsimcvaripplecode5379/718/b3129g6/Thunder-712/Source/websocket/JSONWebToken.cpp
2025-10-27 09:03:27,130 - Knowledge - INFO - Worker kw2 processing /app/data/tataelxsimcvaripplecode5379/718/b3129g6/Thunder-712/Source/extensions/privilegedrequest/include/privilegedrequest/PrivilegedRequest.h
2025-10-27 09:03:27,243 - Knowledge - INFO - Worker kw3 processing /app/data/tataelxsimcvaripplecode5379/718/b3129g6/Thunder-712/Source/core/dllmain.cpp
2025-10-27 09:03:27,332 - Knowledge - INFO - Worker kw4 processing /app/data/tataelxsimcvaripplecode5379/718/b3129g6/Thunder-712/Source/WPEFramework/Controller.cpp
2025-10-27 09:03:27,418 - Knowledge - INFO - Worker kw5 processing /app/data/tataelxsimcvaripplecode5379/718/b3129g6/Thunder-712/Source/plugins/JSONRPC.cpp
2025-10-27 09:03:27,499 - Knowledge - INFO - Worker kw6 processing /app/data/tataelxsimcvaripplecode5379/718/b3129g6/Thunder-712/Source/messaging/Module.h
2025-10-27 09:03:27,582 - Knowledge - INFO - Fast-tracked /app/data/tataelxsimcvaripplecode5379/718/b3129g6/Thunder-712/cmake/config/map/helpers/map_matches.cmake (ext=.cmake, size=227)
2025-10-27 09:03:27,683 - Knowledge - INFO - Worker kw8 processing /app/data/tataelxsimcvaripplecode5379/718/b3129g6/Thunder-712/Source/websocket/Module.cpp
2025-10-27 09:03:27,803 - Knowledge - INFO - Fast-tracked /app/data/tataelxsimcvaripplecode5379/718/b3129g6/Thunder-712/cmake/config/map/helpers/map_extract.cmake (ext=.cmake, size=641)
2025-10-27 09:03:27,875 - Knowledge - INFO - Worker kw10 processing /app/data/tataelxsimcvaripplecode5379/718/b3129g6/Thunder-712/Source/core/Number.h
2025-10-27 09:03:27,949 - Knowledge - INFO - Dynamic batch size: 20 for queue=75
2025-10-27 09:03:28,047 - Knowledge - INFO - [kw12] Queue=45, InProgress=0, PendingWorkers=10/12, Completed=0/630 (0.0%)
2025-10-27 09:03:28,150 - Knowledge - INFO - knowledge worker kw13 start
2025-10-27 09:03:28,150 - Knowledge - INFO - Worker kw14 created using shared MongoDB connection pool
2025-10-27 09:03:28,234 - Knowledge - INFO - Worker kw1 processing /app/data/tataelxsimcvaripplecode5379/718/b3129g6/Thunder-712/Source/core/Proxy.h
2025-10-27 09:03:28,332 - Knowledge - INFO - Worker kw2 processing /app/data/tataelxsimcvaripplecode5379/718/b3129g6/Thunder-712/cmake/config/map/core/map_set_special.cmake
2025-10-27 09:03:28,421 - Knowledge - INFO - Fast-tracked /app/data/tataelxsimcvaripplecode5379/718/b3129g6/Thunder-712/Source/core/dllmain.cpp (ext=.cpp, size=1341)
2025-10-27 09:03:28,540 - Knowledge - INFO - Worker kw4 processing /app/data/tataelxsimcvaripplecode5379/718/b3129g6/Thunder-712/Source/core/ResourceMonitor.h
2025-10-27 09:03:28,633 - Knowledge - INFO - Worker kw5 processing /app/data/tataelxsimcvaripplecode5379/718/b3129g6/Thunder-712/Source/core/Portability.h
2025-10-27 09:03:28,721 - Knowledge - INFO - Fast-tracked /app/data/tataelxsimcvaripplecode5379/718/b3129g6/Thunder-712/Source/messaging/Module.h (ext=.h, size=925)
2025-10-27 09:03:28,806 - Knowledge - INFO - Worker kw7 processing /app/data/tataelxsimcvaripplecode5379/718/b3129g6/Thunder-712/Source/WPEFramework/PluginServer.h
2025-10-27 09:03:28,887 - Knowledge - INFO - Fast-tracked /app/data/tataelxsimcvaripplecode5379/718/b3129g6/Thunder-712/Source/websocket/Module.cpp (ext=.cpp, size=779)
2025-10-27 09:03:28,962 - Knowledge - INFO - Worker kw9 processing /app/data/tataelxsimcvaripplecode5379/718/b3129g6/Thunder-712/Source/cryptalgo/Random.h
2025-10-27 09:03:29,075 - Knowledge - INFO - Worker kw10 processing /app/data/tataelxsimcvaripplecode5379/718/b3129g6/Thunder-712/cmake/config/core/return/return_ref.cmake
2025-10-27 09:03:29,160 - Knowledge - INFO - Worker kw11 processing /app/data/tataelxsimcvaripplecode5379/718/b3129g6/Thunder-712/cmake/config/map/helpers/map_keys_set.cmake
2025-10-27 09:03:29,275 - Knowledge - INFO - Dynamic batch size: 20 for queue=45
2025-10-27 09:03:29,358 - Knowledge - INFO - [kw13] Queue=25, InProgress=0, PendingWorkers=11/13, Completed=0/630 (0.0%)
2025-10-27 09:03:29,453 - Knowledge - INFO - knowledge worker kw14 start
2025-10-27 09:03:29,454 - Knowledge - INFO - Worker kw15 created using shared MongoDB connection pool
2025-10-27 09:03:29,526 - Knowledge - INFO - Worker kw1 processing /app/data/tataelxsimcvaripplecode5379/718/b3129g6/Thunder-712/Source/plugins/Channel.h
2025-10-27 09:03:29,639 - Knowledge - INFO - Fast-tracked /app/data/tataelxsimcvaripplecode5379/718/b3129g6/Thunder-712/cmake/config/map/core/map_set_special.cmake (ext=.cmake, size=161)
2025-10-27 09:03:29,755 - Knowledge - INFO - Worker kw3 processing /app/data/tataelxsimcvaripplecode5379/718/b3129g6/Thunder-712/Source/core/WarningReportingControl.cpp
2025-10-27 09:03:29,839 - Knowledge - INFO - Worker kw4 processing /app/data/tataelxsimcvaripplecode5379/718/b3129g6/Thunder-712/Tests/unit/core/test_library.cpp
2025-10-27 09:03:29,929 - Knowledge - INFO - Worker kw5 processing /app/data/tataelxsimcvaripplecode5379/718/b3129g6/Thunder-712/cmake/config/events/events_track.cmake
2025-10-27 09:03:30,041 - Knowledge - INFO - Worker kw6 processing /app/data/tataelxsimcvaripplecode5379/718/b3129g6/Thunder-712/cmake/config/map/helpers/map_keys_remove.cmake
2025-10-27 09:03:30,134 - Knowledge - INFO - Fast-tracked /app/data/tataelxsimcvaripplecode5379/718/b3129g6/Thunder-712/Source/WPEFramework/PluginServer.h (ext=.h, size=191099)
2025-10-27 09:03:30,220 - Knowledge - INFO - Worker kw8 processing /app/data/tataelxsimcvaripplecode5379/718/b3129g6/Thunder-712/Tests/unit/core/test_dataelement.cpp
2025-10-27 09:03:30,302 - Knowledge - INFO - Fast-tracked /app/data/tataelxsimcvaripplecode5379/718/b3129g6/Thunder-712/Source/cryptalgo/Random.h (ext=.h, size=1932)
2025-10-27 09:03:30,391 - Knowledge - INFO - Fast-tracked /app/data/tataelxsimcvaripplecode5379/718/b3129g6/Thunder-712/cmake/config/core/return/return_ref.cmake (ext=.cmake, size=238)
2025-10-27 09:03:30,463 - Knowledge - INFO - Fast-tracked /app/data/tataelxsimcvaripplecode5379/718/b3129g6/Thunder-712/cmake/config/map/helpers/map_keys_set.cmake (ext=.cmake, size=99)
2025-10-27 09:03:30,554 - Knowledge - INFO - Worker kw12 processing /app/data/tataelxsimcvaripplecode5379/718/b3129g6/Thunder-712/Source/core/StreamText.h
2025-10-27 09:03:30,650 - Knowledge - INFO - Dynamic batch size: 20 for queue=25
2025-10-27 09:03:30,770 - Knowledge - INFO - [kw14] Queue=5, InProgress=0, PendingWorkers=12/14, Completed=0/630 (0.0%)
2025-10-27 09:03:30,872 - Knowledge - INFO - knowledge worker kw15 start
2025-10-27 09:03:30,872 - Knowledge - INFO - Worker kw16 created using shared MongoDB connection pool
2025-10-27 09:03:30,960 - Knowledge - INFO - Worker kw1 processing /app/data/tataelxsimcvaripplecode5379/718/b3129g6/Thunder-712/cmake/config/events/event_clear.cmake
2025-10-27 09:03:31,089 - Knowledge - INFO - Worker kw2 processing /app/data/tataelxsimcvaripplecode5379/718/b3129g6/Thunder-712/cmake/config/map/core/map_keys.cmake
2025-10-27 09:03:31,169 - Knowledge - INFO - Worker kw3 processing /app/data/tataelxsimcvaripplecode5379/718/b3129g6/Thunder-712/Tests/httpsclient/Module.cpp
2025-10-27 09:03:31,270 - Knowledge - INFO - Fast-tracked /app/data/tataelxsimcvaripplecode5379/718/b3129g6/Thunder-712/Tests/unit/core/test_library.cpp (ext=.cpp, size=1606)
2025-10-27 09:03:31,379 - Knowledge - INFO - Fast-tracked /app/data/tataelxsimcvaripplecode5379/718/b3129g6/Thunder-712/cmake/config/events/events_track.cmake (ext=.cmake, size=740)
2025-10-27 09:03:31,482 - Knowledge - INFO - Fast-tracked /app/data/tataelxsimcvaripplecode5379/718/b3129g6/Thunder-712/cmake/config/map/helpers/map_keys_remove.cmake (ext=.cmake, size=225)
2025-10-27 09:03:31,606 - Knowledge - INFO - Worker kw7 processing /app/data/tataelxsimcvaripplecode5379/718/b3129g6/Thunder-712/Tests/unit/core/test_websockettext.cpp
2025-10-27 09:03:31,705 - Knowledge - INFO - Fast-tracked /app/data/tataelxsimcvaripplecode5379/718/b3129g6/Thunder-712/Tests/unit/core/test_dataelement.cpp (ext=.cpp, size=3439)
2025-10-27 09:03:31,779 - Knowledge - INFO - Worker kw9 processing /app/data/tataelxsimcvaripplecode5379/718/b3129g6/Thunder-712/Source/extensions/processcontainers/ProcessContainer.h
2025-10-27 09:03:31,895 - Knowledge - INFO - Worker kw10 processing /app/data/tataelxsimcvaripplecode5379/718/b3129g6/Thunder-712/cmake/config/core/return/ans_extract.cmake
2025-10-27 09:03:31,974 - Knowledge - INFO - Worker kw11 processing /app/data/tataelxsimcvaripplecode5379/718/b3129g6/Thunder-712/Source/core/core.h
2025-10-27 09:03:32,062 - Knowledge - INFO - Worker kw12 processing /app/data/tataelxsimcvaripplecode5379/718/b3129g6/Thunder-712/cmake/config/map/iterator/map_iterator_next.cmake
2025-10-27 09:03:32,150 - Knowledge - INFO - Worker kw13 processing /app/data/tataelxsimcvaripplecode5379/718/b3129g6/Thunder-712/Source/core/NetworkInfo.cpp
2025-10-27 09:03:32,228 - Knowledge - INFO - Dynamic batch size: 5 for queue=5
2025-10-27 09:03:32,485 - Knowledge - INFO - knowledge worker kw16 start
2025-10-27 09:03:32,485 - Knowledge - INFO - Worker kw17 created using shared MongoDB connection pool
2025-10-27 09:03:32,619 - Knowledge - INFO - Fast-tracked /app/data/tataelxsimcvaripplecode5379/718/b3129g6/Thunder-712/cmake/config/events/event_clear.cmake (ext=.cmake, size=312)
2025-10-27 09:03:32,732 - Knowledge - INFO - Fast-tracked /app/data/tataelxsimcvaripplecode5379/718/b3129g6/Thunder-712/cmake/config/map/core/map_keys.cmake (ext=.cmake, size=299)
2025-10-27 09:03:32,835 - Knowledge - INFO - Fast-tracked /app/data/tataelxsimcvaripplecode5379/718/b3129g6/Thunder-712/Tests/httpsclient/Module.cpp (ext=.cpp, size=779)
2025-10-27 09:03:32,920 - Knowledge - INFO - Worker kw4 processing /app/data/tataelxsimcvaripplecode5379/718/b3129g6/Thunder-712/Source/com/IStringIterator.h
2025-10-27 09:03:33,058 - Knowledge - INFO - Worker kw5 processing /app/data/tataelxsimcvaripplecode5379/718/b3129g6/Thunder-712/Source/extensions/processcontainers/implementations/AWCImplementation/AWCProxyContainer.h
2025-10-27 09:03:33,154 - Knowledge - INFO - Worker kw6 processing /app/data/tataelxsimcvaripplecode5379/718/b3129g6/Thunder-712/cmake/config/map/helpers/map_count.cmake
2025-10-27 09:03:33,289 - Knowledge - INFO - Fast-tracked /app/data/tataelxsimcvaripplecode5379/718/b3129g6/Thunder-712/Tests/unit/core/test_websockettext.cpp (ext=.cpp, size=5340)
2025-10-27 09:03:33,398 - Knowledge - INFO - Worker kw8 processing /app/data/tataelxsimcvaripplecode5379/718/b3129g6/Thunder-712/cmake/config/map/helpers/map_key_at.cmake
2025-10-27 09:03:33,519 - Knowledge - INFO - Worker kw9 processing /app/data/tataelxsimcvaripplecode5379/718/b3129g6/Thunder-712/Tests/unit/core/test_event.cpp
2025-10-27 09:03:33,631 - Knowledge - INFO - Fast-tracked /app/data/tataelxsimcvaripplecode5379/718/b3129g6/Thunder-712/cmake/config/core/return/ans_extract.cmake (ext=.cmake, size=291)
2025-10-27 09:03:33,749 - Knowledge - INFO - Worker kw11 processing /app/data/tataelxsimcvaripplecode5379/718/b3129g6/Thunder-712/Source/plugins/ISubSystem.h
2025-10-27 09:03:33,848 - Knowledge - INFO - Fast-tracked /app/data/tataelxsimcvaripplecode5379/718/b3129g6/Thunder-712/cmake/config/map/iterator/map_iterator_next.cmake (ext=.cmake, size=858)
2025-10-27 09:03:33,942 - Knowledge - INFO - Worker kw13 processing /app/data/tataelxsimcvaripplecode5379/718/b3129g6/Thunder-712/Tests/httpsclient/Module.h
2025-10-27 09:03:34,278 - Knowledge - INFO - knowledge worker kw17 start
2025-10-27 09:03:34,279 - Knowledge - INFO - Worker kw18 created using shared MongoDB connection pool
2025-10-27 09:03:34,372 - Knowledge - INFO - Worker kw1 processing /app/data/tataelxsimcvaripplecode5379/718/b3129g6/Thunder-712/Source/extensions/processcontainers/implementations/AWCImplementation/AWCContainerAdministrator.h
2025-10-27 09:03:34,482 - Knowledge - INFO - Worker kw2 processing /app/data/tataelxsimcvaripplecode5379/718/b3129g6/Thunder-712/cmake/config/events/event_handler_call.cmake
2025-10-27 09:03:34,557 - Knowledge - INFO - Worker kw3 processing /app/data/tataelxsimcvaripplecode5379/718/b3129g6/Thunder-712/cmake/config/ref/address_peek_back.cmake
2025-10-27 09:03:34,673 - Knowledge - INFO - Fast-tracked /app/data/tataelxsimcvaripplecode5379/718/b3129g6/Thunder-712/Source/com/IStringIterator.h (ext=.h, size=962)
2025-10-27 09:03:34,769 - Knowledge - INFO - Fast-tracked /app/data/tataelxsimcvaripplecode5379/718/b3129g6/Thunder-712/Source/extensions/processcontainers/implementations/AWCImplementation/AWCProxyContainer.h (ext=.h, size=1715)
2025-10-27 09:03:34,847 - Knowledge - INFO - Fast-tracked /app/data/tataelxsimcvaripplecode5379/718/b3129g6/Thunder-712/cmake/config/map/helpers/map_count.cmake (ext=.cmake, size=159)
2025-10-27 09:03:34,921 - Knowledge - INFO - Worker kw7 processing /app/data/tataelxsimcvaripplecode5379/718/b3129g6/Thunder-712/cmake/config/map/helpers/map_from_keyvaluelist.cmake
2025-10-27 09:03:35,009 - Knowledge - INFO - Fast-tracked /app/data/tataelxsimcvaripplecode5379/718/b3129g6/Thunder-712/cmake/config/map/helpers/map_key_at.cmake (ext=.cmake, size=240)
2025-10-27 09:03:35,126 - Knowledge - INFO - Fast-tracked /app/data/tataelxsimcvaripplecode5379/718/b3129g6/Thunder-712/Tests/unit/core/test_event.cpp (ext=.cpp, size=3179)
2025-10-27 09:03:35,228 - Knowledge - INFO - Worker kw10 processing /app/data/tataelxsimcvaripplecode5379/718/b3129g6/Thunder-712/Utils/PluginActivator/source/Module.h
2025-10-27 09:03:35,324 - Knowledge - INFO - Worker kw11 processing /app/data/tataelxsimcvaripplecode5379/718/b3129g6/Thunder-712/Source/core/IPCMessage.h
2025-10-27 09:03:35,409 - Knowledge - INFO - Worker kw12 processing /app/data/tataelxsimcvaripplecode5379/718/b3129g6/Thunder-712/Tests/unit/core/test_weblinkjson.cpp
2025-10-27 09:03:35,532 - Knowledge - INFO - Fast-tracked /app/data/tataelxsimcvaripplecode5379/718/b3129g6/Thunder-712/Tests/httpsclient/Module.h (ext=.h, size=858)
2025-10-27 09:03:35,706 - Knowledge - INFO - knowledge worker kw18 start
2025-10-27 09:03:35,706 - Knowledge - INFO - Worker kw19 created using shared MongoDB connection pool
2025-10-27 09:03:35,807 - Knowledge - INFO - Fast-tracked /app/data/tataelxsimcvaripplecode5379/718/b3129g6/Thunder-712/Source/extensions/processcontainers/implementations/AWCImplementation/AWCContainerAdministrator.h (ext=.h, size=1419)
2025-10-27 09:03:35,918 - Knowledge - INFO - Fast-tracked /app/data/tataelxsimcvaripplecode5379/718/b3129g6/Thunder-712/cmake/config/events/event_handler_call.cmake (ext=.cmake, size=239)
2025-10-27 09:03:36,018 - Knowledge - INFO - Fast-tracked /app/data/tataelxsimcvaripplecode5379/718/b3129g6/Thunder-712/cmake/config/ref/address_peek_back.cmake (ext=.cmake, size=142)
2025-10-27 09:03:36,105 - Knowledge - INFO - Worker kw4 processing /app/data/tataelxsimcvaripplecode5379/718/b3129g6/Thunder-712/cmake/config/map/core/map_append.cmake
2025-10-27 09:03:36,188 - Knowledge - INFO - Worker kw5 processing /app/data/tataelxsimcvaripplecode5379/718/b3129g6/Thunder-712/Source/extensions/processcontainers/implementations/AWCImplementation/dbus/api.xml
2025-10-27 09:03:36,268 - Knowledge - INFO - Worker kw6 processing /app/data/tataelxsimcvaripplecode5379/718/b3129g6/Thunder-712/Utils/PluginActivator/CMakeLists.txt
2025-10-27 09:03:36,392 - Knowledge - INFO - Fast-tracked /app/data/tataelxsimcvaripplecode5379/718/b3129g6/Thunder-712/cmake/config/map/helpers/map_from_keyvaluelist.cmake (ext=.cmake, size=395)
2025-10-27 09:03:36,513 - Knowledge - INFO - Worker kw8 processing /app/data/tataelxsimcvaripplecode5379/718/b3129g6/Thunder-712/Source/core/Time.h
2025-10-27 09:03:36,585 - Knowledge - INFO - Worker kw9 processing /app/data/tataelxsimcvaripplecode5379/718/b3129g6/Thunder-712/cmake/config/core/return/return.cmake
2025-10-27 09:03:36,661 - Knowledge - INFO - Fast-tracked /app/data/tataelxsimcvaripplecode5379/718/b3129g6/Thunder-712/Utils/PluginActivator/source/Module.h (ext=.h, size=899)
2025-10-27 09:03:36,749 - Knowledge - INFO - Worker kw11 processing /app/data/tataelxsimcvaripplecode5379/718/b3129g6/Thunder-712/Tests/unit/core/test_keyvalue.cpp
2025-10-27 09:03:36,834 - Knowledge - INFO - Fast-tracked /app/data/tataelxsimcvaripplecode5379/718/b3129g6/Thunder-712/Tests/unit/core/test_weblinkjson.cpp (ext=.cpp, size=9341)
2025-10-27 09:03:36,936 - Knowledge - INFO - Worker kw13 processing /app/data/tataelxsimcvaripplecode5379/718/b3129g6/Thunder-712/Source/cryptalgo/SecureSocketPort.h
2025-10-27 09:03:37,122 - Knowledge - INFO - knowledge worker kw19 start
2025-10-27 09:03:37,123 - Knowledge - INFO - Worker kw20 created using shared MongoDB connection pool
2025-10-27 09:03:37,225 - Knowledge - INFO - Worker kw1 processing /app/data/tataelxsimcvaripplecode5379/718/b3129g6/Thunder-712/Source/extensions/processcontainers/common/CGroupContainerInfo.h
2025-10-27 09:03:37,312 - Knowledge - INFO - Worker kw2 processing /app/data/tataelxsimcvaripplecode5379/718/b3129g6/Thunder-712/cmake/config/ref/address_print.cmake
2025-10-27 09:03:37,418 - Knowledge - INFO - Worker kw3 processing /app/data/tataelxsimcvaripplecode5379/718/b3129g6/Thunder-712/Source/messaging/TraceFactory.h
2025-10-27 09:03:37,503 - Knowledge - INFO - Fast-tracked /app/data/tataelxsimcvaripplecode5379/718/b3129g6/Thunder-712/cmake/config/map/core/map_append.cmake (ext=.cmake, size=276)
2025-10-27 09:03:37,605 - Knowledge - INFO - Fast-tracked /app/data/tataelxsimcvaripplecode5379/718/b3129g6/Thunder-712/Source/extensions/processcontainers/implementations/AWCImplementation/dbus/api.xml (ext=.xml, size=567)
2025-10-27 09:03:37,718 - Knowledge - INFO - Fast-tracked /app/data/tataelxsimcvaripplecode5379/718/b3129g6/Thunder-712/Utils/PluginActivator/CMakeLists.txt (ext=.txt, size=1185)
2025-10-27 09:03:37,795 - Knowledge - INFO - Worker kw7 processing /app/data/tataelxsimcvaripplecode5379/718/b3129g6/Thunder-712/Tests/unit/core/test_semaphore.cpp
2025-10-27 09:03:37,887 - Knowledge - INFO - Worker kw8 processing /app/data/tataelxsimcvaripplecode5379/718/b3129g6/Thunder-712/cmake/modules/FindLibGobject.cmake
2025-10-27 09:03:37,970 - Knowledge - INFO - Fast-tracked /app/data/tataelxsimcvaripplecode5379/718/b3129g6/Thunder-712/cmake/config/core/return/return.cmake (ext=.cmake, size=182)
2025-10-27 09:03:38,060 - Knowledge - INFO - Worker kw10 processing /app/data/tataelxsimcvaripplecode5379/718/b3129g6/Thunder-712/cmake/config/quickmap/var.cmake
2025-10-27 09:03:38,178 - Knowledge - INFO - Fast-tracked /app/data/tataelxsimcvaripplecode5379/718/b3129g6/Thunder-712/Tests/unit/core/test_keyvalue.cpp (ext=.cpp, size=1935)
2025-10-27 09:03:38,255 - Knowledge - INFO - Worker kw12 processing /app/data/tataelxsimcvaripplecode5379/718/b3129g6/Thunder-712/Source/core/SystemInfo.h
2025-10-27 09:03:38,350 - Knowledge - INFO - Worker kw13 processing /app/data/tataelxsimcvaripplecode5379/718/b3129g6/Thunder-712/Source/core/WarningReportingControl.h
2025-10-27 09:03:38,546 - Knowledge - INFO - knowledge worker kw20 start
2025-10-27 09:03:38,546 - Knowledge - INFO - Worker kw21 created using shared MongoDB connection pool
2025-10-27 09:03:38,620 - Knowledge - INFO - Worker kw1 processing /app/data/tataelxsimcvaripplecode5379/718/b3129g6/Thunder-712/Source/core/ThreadPool.h
2025-10-27 09:03:38,746 - Knowledge - INFO - Fast-tracked /app/data/tataelxsimcvaripplecode5379/718/b3129g6/Thunder-712/cmake/config/ref/address_print.cmake (ext=.cmake, size=86)
2025-10-27 09:03:38,830 - Knowledge - INFO - Worker kw3 processing /app/data/tataelxsimcvaripplecode5379/718/b3129g6/Thunder-712/Source/cryptalgo/HashStream.h
2025-10-27 09:03:38,944 - Knowledge - INFO - Worker kw4 processing /app/data/tataelxsimcvaripplecode5379/718/b3129g6/Thunder-712/cmake/config/formats/json/json_extract_string_value.cmake
2025-10-27 09:03:39,024 - Knowledge - INFO - Worker kw5 processing /app/data/tataelxsimcvaripplecode5379/718/b3129g6/Thunder-712/cmake/common/CompileSettings.cmake
2025-10-27 09:03:39,139 - Knowledge - INFO - Worker kw6 processing /app/data/tataelxsimcvaripplecode5379/718/b3129g6/Thunder-712/Tests/unit/core/test_readwritelock.cpp
2025-10-27 09:03:39,234 - Knowledge - INFO - Fast-tracked /app/data/tataelxsimcvaripplecode5379/718/b3129g6/Thunder-712/Tests/unit/core/test_semaphore.cpp (ext=.cpp, size=3584)
2025-10-27 09:03:39,316 - Knowledge - INFO - Worker kw8 processing /app/data/tataelxsimcvaripplecode5379/718/b3129g6/Thunder-712/cmake/config/core/return/return_reset.cmake
2025-10-27 09:03:39,407 - Knowledge - INFO - Worker kw9 processing /app/data/tataelxsimcvaripplecode5379/718/b3129g6/Thunder-712/Source/extensions/processcontainers/implementations/AWCImplementation/AWCContainerAdministrator.cpp
2025-10-27 09:03:39,510 - Knowledge - INFO - Fast-tracked /app/data/tataelxsimcvaripplecode5379/718/b3129g6/Thunder-712/cmake/config/quickmap/var.cmake (ext=.cmake, size=146)
2025-10-27 09:03:39,623 - Knowledge - INFO - Worker kw11 processing /app/data/tataelxsimcvaripplecode5379/718/b3129g6/Thunder-712/cmake/config/ref/address_new.cmake
2025-10-27 09:03:39,729 - Knowledge - INFO - Worker kw12 processing /app/data/tataelxsimcvaripplecode5379/718/b3129g6/Thunder-712/Source/websocket/WebSerializer.cpp
2025-10-27 09:03:39,822 - Knowledge - INFO - Worker kw13 processing /app/data/tataelxsimcvaripplecode5379/718/b3129g6/Thunder-712/Tests/unit/core/test_enumerate.cpp
2025-10-27 09:03:40,000 - Knowledge - INFO - knowledge worker kw21 start
2025-10-27 09:03:40,000 - Knowledge - INFO - Worker kw22 created using shared MongoDB connection pool
2025-10-27 09:03:40,112 - Knowledge - INFO - Worker kw1 processing /app/data/tataelxsimcvaripplecode5379/718/b3129g6/Thunder-712/Source/cryptalgo/Module.h
2025-10-27 09:03:40,195 - Knowledge - INFO - Worker kw2 processing /app/data/tataelxsimcvaripplecode5379/718/b3129g6/Thunder-712/Source/core/DataBuffer.h
2025-10-27 09:03:40,283 - Knowledge - INFO - Worker kw3 processing /app/data/tataelxsimcvaripplecode5379/718/b3129g6/Thunder-712/Utils/PluginActivator/source/COMRPCStarter.h
2025-10-27 09:03:40,372 - Knowledge - INFO - Fast-tracked /app/data/tataelxsimcvaripplecode5379/718/b3129g6/Thunder-712/cmake/config/formats/json/json_extract_string_value.cmake (ext=.cmake, size=554)
2025-10-27 09:03:40,476 - Knowledge - INFO - Worker kw5 processing /app/data/tataelxsimcvaripplecode5379/718/b3129g6/Thunder-712/cmake/config/map/core/map_duplicate.cmake
2025-10-27 09:03:40,579 - Knowledge - INFO - Fast-tracked /app/data/tataelxsimcvaripplecode5379/718/b3129g6/Thunder-712/Tests/unit/core/test_readwritelock.cpp (ext=.cpp, size=1097)
2025-10-27 09:03:40,669 - Knowledge - INFO - Worker kw7 processing /app/data/tataelxsimcvaripplecode5379/718/b3129g6/Thunder-712/Source/com/IUnknown.h
2025-10-27 09:03:40,783 - Knowledge - INFO - Fast-tracked /app/data/tataelxsimcvaripplecode5379/718/b3129g6/Thunder-712/cmake/config/core/return/return_reset.cmake (ext=.cmake, size=56)
2025-10-27 09:03:40,867 - Knowledge - INFO - Worker kw9 processing /app/data/tataelxsimcvaripplecode5379/718/b3129g6/Thunder-712/Source/cryptalgo/Module.cpp
2025-10-27 09:03:40,962 - Knowledge - INFO - Worker kw10 processing /app/data/tataelxsimcvaripplecode5379/718/b3129g6/Thunder-712/Source/WPEFramework/PluginHost.cpp
2025-10-27 09:03:41,046 - Knowledge - INFO - Fast-tracked /app/data/tataelxsimcvaripplecode5379/718/b3129g6/Thunder-712/cmake/config/ref/address_new.cmake (ext=.cmake, size=1109)
2025-10-27 09:03:41,175 - Knowledge - INFO - Worker kw12 processing /app/data/tataelxsimcvaripplecode5379/718/b3129g6/Thunder-712/Source/cryptalgo/cryptalgo.h
2025-10-27 09:03:41,271 - Knowledge - INFO - Fast-tracked /app/data/tataelxsimcvaripplecode5379/718/b3129g6/Thunder-712/Tests/unit/core/test_enumerate.cpp (ext=.cpp, size=4844)
2025-10-27 09:03:41,478 - Knowledge - INFO - knowledge worker kw22 start
2025-10-27 09:03:41,479 - Knowledge - INFO - Worker kw23 created using shared MongoDB connection pool
2025-10-27 09:03:41,567 - Knowledge - INFO - Fast-tracked /app/data/tataelxsimcvaripplecode5379/718/b3129g6/Thunder-712/Source/cryptalgo/Module.h (ext=.h, size=923)
2025-10-27 09:03:41,643 - Knowledge - INFO - Fast-tracked /app/data/tataelxsimcvaripplecode5379/718/b3129g6/Thunder-712/Source/core/DataBuffer.h (ext=.h, size=1853)
2025-10-27 09:03:41,736 - Knowledge - INFO - Fast-tracked /app/data/tataelxsimcvaripplecode5379/718/b3129g6/Thunder-712/Utils/PluginActivator/source/COMRPCStarter.h (ext=.h, size=1368)
2025-10-27 09:03:41,828 - Knowledge - INFO - Worker kw4 processing /app/data/tataelxsimcvaripplecode5379/718/b3129g6/Thunder-712/cmake/modules/FindGBM.cmake
2025-10-27 09:03:41,931 - Knowledge - INFO - Fast-tracked /app/data/tataelxsimcvaripplecode5379/718/b3129g6/Thunder-712/cmake/config/map/core/map_duplicate.cmake (ext=.cmake, size=338)
2025-10-27 09:03:42,050 - Knowledge - INFO - Worker kw6 processing /app/data/tataelxsimcvaripplecode5379/718/b3129g6/Thunder-712/Source/WPEFramework/PostMortem.h
2025-10-27 09:03:42,143 - Knowledge - INFO - Worker kw7 processing /app/data/tataelxsimcvaripplecode5379/718/b3129g6/Thunder-712/README.md
2025-10-27 09:03:42,224 - Knowledge - INFO - Worker kw8 processing /app/data/tataelxsimcvaripplecode5379/718/b3129g6/Thunder-712/Source/cryptalgo/AES.h
2025-10-27 09:03:42,345 - Knowledge - INFO - Fast-tracked /app/data/tataelxsimcvaripplecode5379/718/b3129g6/Thunder-712/Source/cryptalgo/Module.cpp (ext=.cpp, size=780)
2025-10-27 09:03:42,440 - Knowledge - INFO - Worker kw10 processing /app/data/tataelxsimcvaripplecode5379/718/b3129g6/Thunder-712/CONTRIBUTING.md
2025-10-27 09:03:42,516 - Knowledge - INFO - Worker kw11 processing /app/data/tataelxsimcvaripplecode5379/718/b3129g6/Thunder-712/Source/plugins/CMakeLists.txt
2025-10-27 09:03:42,599 - Knowledge - INFO - Fast-tracked /app/data/tataelxsimcvaripplecode5379/718/b3129g6/Thunder-712/Source/cryptalgo/cryptalgo.h (ext=.h, size=1084)
2025-10-27 09:03:42,862 - Knowledge - INFO - knowledge worker kw23 start
2025-10-27 09:03:42,862 - Knowledge - INFO - Worker kw24 created using shared MongoDB connection pool
2025-10-27 09:03:42,952 - Knowledge - INFO - Worker kw1 processing /app/data/tataelxsimcvaripplecode5379/718/b3129g6/Thunder-712/cmake/config/map/helpers/map_values.cmake
2025-10-27 09:03:43,062 - Knowledge - INFO - Worker kw2 processing /app/data/tataelxsimcvaripplecode5379/718/b3129g6/Thunder-712/Source/core/Number.cpp
2025-10-27 09:03:43,164 - Knowledge - INFO - Worker kw3 processing /app/data/tataelxsimcvaripplecode5379/718/b3129g6/Thunder-712/Tests/unit/core/test_frametype.cpp
2025-10-27 09:03:43,287 - Knowledge - INFO - Worker kw4 processing /app/data/tataelxsimcvaripplecode5379/718/b3129g6/Thunder-712/cmake/config/filesystem/path/path_qualify_from.cmake
2025-10-27 09:03:43,406 - Knowledge - INFO - Worker kw5 processing /app/data/tataelxsimcvaripplecode5379/718/b3129g6/Thunder-712/Source/core/ValueRecorder.h
2025-10-27 09:03:43,491 - Knowledge - INFO - Worker kw6 processing /app/data/tataelxsimcvaripplecode5379/718/b3129g6/Thunder-712/Source/websocket/WebResponse.h
2025-10-27 09:03:43,569 - Knowledge - INFO - Fast-tracked /app/data/tataelxsimcvaripplecode5379/718/b3129g6/Thunder-712/README.md (ext=.md, size=1367)
2025-10-27 09:03:43,695 - Knowledge - INFO - Worker kw8 processing /app/data/tataelxsimcvaripplecode5379/718/b3129g6/Thunder-712/Source/core/JSON.cpp
2025-10-27 09:03:43,773 - Knowledge - INFO - Worker kw9 processing /app/data/tataelxsimcvaripplecode5379/718/b3129g6/Thunder-712/cmake/config/map/helpers/list_match.cmake
2025-10-27 09:03:43,889 - Knowledge - INFO - Fast-tracked /app/data/tataelxsimcvaripplecode5379/718/b3129g6/Thunder-712/CONTRIBUTING.md (ext=.md, size=267)
2025-10-27 09:03:43,999 - Knowledge - INFO - Fast-tracked /app/data/tataelxsimcvaripplecode5379/718/b3129g6/Thunder-712/Source/plugins/CMakeLists.txt (ext=.txt, size=7067)
2025-10-27 09:03:44,115 - Knowledge - INFO - Worker kw12 processing /app/data/tataelxsimcvaripplecode5379/718/b3129g6/Thunder-712/Source/core/CyclicBuffer.h
2025-10-27 09:03:44,311 - Knowledge - INFO - knowledge worker kw24 start
2025-10-27 09:03:44,312 - Knowledge - INFO - Worker kw25 created using shared MongoDB connection pool
2025-10-27 09:03:44,431 - Knowledge - INFO - Fast-tracked /app/data/tataelxsimcvaripplecode5379/718/b3129g6/Thunder-712/cmake/config/map/helpers/map_values.cmake (ext=.cmake, size=698)
2025-10-27 09:03:44,564 - Knowledge - INFO - Worker kw2 processing /app/data/tataelxsimcvaripplecode5379/718/b3129g6/Thunder-712/cmake/config/ref/address_peek_front.cmake
2025-10-27 09:03:44,637 - Knowledge - INFO - Fast-tracked /app/data/tataelxsimcvaripplecode5379/718/b3129g6/Thunder-712/Tests/unit/core/test_frametype.cpp (ext=.cpp, size=2040)
2025-10-27 09:03:44,724 - Knowledge - INFO - Fast-tracked /app/data/tataelxsimcvaripplecode5379/718/b3129g6/Thunder-712/cmake/config/filesystem/path/path_qualify_from.cmake (ext=.cmake, size=1129)
2025-10-27 09:03:44,835 - Knowledge - INFO - Worker kw5 processing /app/data/tataelxsimcvaripplecode5379/718/b3129g6/Thunder-712/cmake/config/map/helpers/map_pick_regex.cmake
2025-10-27 09:03:44,952 - Knowledge - INFO - Worker kw6 processing /app/data/tataelxsimcvaripplecode5379/718/b3129g6/Thunder-712/cmake/common/HeaderOnlyInstall.cmake
2025-10-27 09:03:45,063 - Knowledge - INFO - Worker kw7 processing /app/data/tataelxsimcvaripplecode5379/718/b3129g6/Thunder-712/Tests/unit/core/test_workerpool.cpp
2025-10-27 09:03:45,181 - Knowledge - INFO - Worker kw8 processing /app/data/tataelxsimcvaripplecode5379/718/b3129g6/Thunder-712/Source/messaging/TraceCategories.cpp
2025-10-27 09:03:45,287 - Knowledge - INFO - Fast-tracked /app/data/tataelxsimcvaripplecode5379/718/b3129g6/Thunder-712/cmake/config/map/helpers/list_match.cmake (ext=.cmake, size=189)
2025-10-27 09:03:45,393 - Knowledge - INFO - Worker kw10 processing /app/data/tataelxsimcvaripplecode5379/718/b3129g6/Thunder-712/cmake/common/CreatePackage.cmake
2025-10-27 09:03:45,483 - Knowledge - INFO - Worker kw11 processing /app/data/tataelxsimcvaripplecode5379/718/b3129g6/Thunder-712/Source/plugins/Shell.h
2025-10-27 09:03:45,598 - Knowledge - INFO - Worker kw12 processing /app/data/tataelxsimcvaripplecode5379/718/b3129g6/Thunder-712/cmake/config/map/operations/map_clone_deep.cmake
2025-10-27 09:03:45,767 - Knowledge - INFO - knowledge worker kw25 start
2025-10-27 09:03:45,767 - Knowledge - INFO - Worker kw26 created using shared MongoDB connection pool
2025-10-27 09:03:45,876 - Knowledge - INFO - Worker kw1 processing /app/data/tataelxsimcvaripplecode5379/718/b3129g6/Thunder-712/Tests/unit/core/test_jsonparser.cpp
2025-10-27 09:03:45,969 - Knowledge - INFO - Fast-tracked /app/data/tataelxsimcvaripplecode5379/718/b3129g6/Thunder-712/cmake/config/ref/address_peek_front.cmake (ext=.cmake, size=144)
2025-10-27 09:03:46,051 - Knowledge - INFO - Worker kw3 processing /app/data/tataelxsimcvaripplecode5379/718/b3129g6/Thunder-712/Tests/unit/core/test_iso639.cpp
2025-10-27 09:03:46,176 - Knowledge - INFO - Worker kw4 processing /app/data/tataelxsimcvaripplecode5379/718/b3129g6/Thunder-712/Source/core/ReadWriteLock.h
2025-10-27 09:03:46,253 - Knowledge - INFO - Fast-tracked /app/data/tataelxsimcvaripplecode5379/718/b3129g6/Thunder-712/cmake/config/map/helpers/map_pick_regex.cmake (ext=.cmake, size=482)
2025-10-27 09:03:46,328 - Knowledge - INFO - Worker kw6 processing /app/data/tataelxsimcvaripplecode5379/718/b3129g6/Thunder-712/Source/core/CallsignTLS.cpp
2025-10-27 09:03:46,430 - Knowledge - INFO - Fast-tracked /app/data/tataelxsimcvaripplecode5379/718/b3129g6/Thunder-712/Tests/unit/core/test_workerpool.cpp (ext=.cpp, size=53287)
2025-10-27 09:03:46,544 - Knowledge - INFO - Fast-tracked /app/data/tataelxsimcvaripplecode5379/718/b3129g6/Thunder-712/Source/messaging/TraceCategories.cpp (ext=.cpp, size=1210)
2025-10-27 09:03:46,635 - Knowledge - INFO - Worker kw9 processing /app/data/tataelxsimcvaripplecode5379/718/b3129g6/Thunder-712/Source/extensions/localtracer/example/main.cpp
2025-10-27 09:03:46,724 - Knowledge - INFO - Worker kw10 processing /app/data/tataelxsimcvaripplecode5379/718/b3129g6/Thunder-712/cmake/config/map/helpers/map_overwrite.cmake
2025-10-27 09:03:46,808 - Knowledge - INFO - Fast-tracked /app/data/tataelxsimcvaripplecode5379/718/b3129g6/Thunder-712/Source/plugins/Shell.h (ext=.h, size=905)
2025-10-27 09:03:46,884 - Knowledge - INFO - Fast-tracked /app/data/tataelxsimcvaripplecode5379/718/b3129g6/Thunder-712/cmake/config/map/operations/map_clone_deep.cmake (ext=.cmake, size=420)
2025-10-27 09:03:47,030 - Knowledge - INFO - knowledge worker kw26 start
2025-10-27 09:03:47,030 - Knowledge - INFO - Worker kw27 created using shared MongoDB connection pool
2025-10-27 09:03:47,141 - Knowledge - INFO - Fast-tracked /app/data/tataelxsimcvaripplecode5379/718/b3129g6/Thunder-712/Tests/unit/core/test_jsonparser.cpp (ext=.cpp, size=113304)
2025-10-27 09:03:47,245 - Knowledge - INFO - Worker kw2 processing /app/data/tataelxsimcvaripplecode5379/718/b3129g6/Thunder-712/cmake/config/formats/json/json_deserialize.cmake
2025-10-27 09:03:47,354 - Knowledge - INFO - Fast-tracked /app/data/tataelxsimcvaripplecode5379/718/b3129g6/Thunder-712/Tests/unit/core/test_iso639.cpp (ext=.cpp, size=1251)
2025-10-27 09:03:47,448 - Knowledge - INFO - Worker kw4 processing /app/data/tataelxsimcvaripplecode5379/718/b3129g6/Thunder-712/cmake/config/stack/stack_push.cmake
2025-10-27 09:03:47,532 - Knowledge - INFO - Worker kw5 processing /app/data/tataelxsimcvaripplecode5379/718/b3129g6/Thunder-712/Source/extensions/processcontainers/CMakeLists.txt
2025-10-27 09:03:47,643 - Knowledge - INFO - Fast-tracked /app/data/tataelxsimcvaripplecode5379/718/b3129g6/Thunder-712/Source/core/CallsignTLS.cpp (ext=.cpp, size=1592)
2025-10-27 09:03:47,756 - Knowledge - INFO - Worker kw7 processing /app/data/tataelxsimcvaripplecode5379/718/b3129g6/Thunder-712/Source/extensions/warningreporting/IWarningReportingMedia.h
2025-10-27 09:03:47,865 - Knowledge - INFO - Worker kw8 processing /app/data/tataelxsimcvaripplecode5379/718/b3129g6/Thunder-712/cmake/config/map/helpers/map_has_any.cmake
2025-10-27 09:03:47,986 - Knowledge - INFO - Fast-tracked /app/data/tataelxsimcvaripplecode5379/718/b3129g6/Thunder-712/Source/extensions/localtracer/example/main.cpp (ext=.cpp, size=1501)
2025-10-27 09:03:48,102 - Knowledge - INFO - Fast-tracked /app/data/tataelxsimcvaripplecode5379/718/b3129g6/Thunder-712/cmake/config/map/helpers/map_overwrite.cmake (ext=.cmake, size=325)
2025-10-27 09:03:48,206 - Knowledge - INFO - Worker kw11 processing /app/data/tataelxsimcvaripplecode5379/718/b3129g6/Thunder-712/docs/index.md
2025-10-27 09:03:48,293 - Knowledge - INFO - Worker kw12 processing /app/data/tataelxsimcvaripplecode5379/718/b3129g6/Thunder-712/cmake/config/map/helpers/map_pop_back.cmake
2025-10-27 09:03:48,508 - Knowledge - INFO - knowledge worker kw27 start
2025-10-27 09:03:48,513 - Knowledge - INFO - Worker kw28 created using shared MongoDB connection pool
2025-10-27 09:03:48,592 - Knowledge - INFO - Worker kw1 processing /app/data/tataelxsimcvaripplecode5379/718/b3129g6/Thunder-712/Source/extensions/hibernate/common/Log.h
2025-10-27 09:03:48,691 - Knowledge - INFO - Fast-tracked /app/data/tataelxsimcvaripplecode5379/718/b3129g6/Thunder-712/cmake/config/formats/json/json_deserialize.cmake (ext=.cmake, size=644)
2025-10-27 09:03:48,765 - Knowledge - INFO - Worker kw3 processing /app/data/tataelxsimcvaripplecode5379/718/b3129g6/Thunder-712/cmake/config/map/core/map_get.cmake
2025-10-27 09:03:48,855 - Knowledge - INFO - Fast-tracked /app/data/tataelxsimcvaripplecode5379/718/b3129g6/Thunder-712/cmake/config/stack/stack_push.cmake (ext=.cmake, size=343)
2025-10-27 09:03:48,940 - Knowledge - INFO - Fast-tracked /app/data/tataelxsimcvaripplecode5379/718/b3129g6/Thunder-712/Source/extensions/processcontainers/CMakeLists.txt (ext=.txt, size=5696)
2025-10-27 09:03:49,022 - Knowledge - INFO - Worker kw6 processing /app/data/tataelxsimcvaripplecode5379/718/b3129g6/Thunder-712/Source/core/Frame.h
2025-10-27 09:03:49,138 - Knowledge - INFO - Fast-tracked /app/data/tataelxsimcvaripplecode5379/718/b3129g6/Thunder-712/Source/extensions/warningreporting/IWarningReportingMedia.h (ext=.h, size=1060)
2025-10-27 09:03:49,218 - Knowledge - INFO - Fast-tracked /app/data/tataelxsimcvaripplecode5379/718/b3129g6/Thunder-712/cmake/config/map/helpers/map_has_any.cmake (ext=.cmake, size=255)
2025-10-27 09:03:49,321 - Knowledge - INFO - Worker kw9 processing /app/data/tataelxsimcvaripplecode5379/718/b3129g6/Thunder-712/Source/core/Sync.h
2025-10-27 09:03:49,440 - Knowledge - INFO - Worker kw10 processing /app/data/tataelxsimcvaripplecode5379/718/b3129g6/Thunder-712/Source/messaging/MessageClient.h
2025-10-27 09:03:49,538 - Knowledge - INFO - Fast-tracked /app/data/tataelxsimcvaripplecode5379/718/b3129g6/Thunder-712/docs/index.md (ext=.md, size=1181)
2025-10-27 09:03:49,624 - Knowledge - INFO - Fast-tracked /app/data/tataelxsimcvaripplecode5379/718/b3129g6/Thunder-712/cmake/config/map/helpers/map_pop_back.cmake (ext=.cmake, size=179)
2025-10-27 09:03:49,806 - Knowledge - INFO - knowledge worker kw28 start
2025-10-27 09:03:49,807 - Knowledge - INFO - Worker kw29 created using shared MongoDB connection pool
2025-10-27 09:03:49,891 - Knowledge - INFO - Fast-tracked /app/data/tataelxsimcvaripplecode5379/718/b3129g6/Thunder-712/Source/extensions/hibernate/common/Log.h (ext=.h, size=373)
2025-10-27 09:03:49,990 - Knowledge - INFO - Worker kw2 processing /app/data/tataelxsimcvaripplecode5379/718/b3129g6/Thunder-712/cmake/config/string/encoding/string_decode_semicolon.cmake
2025-10-27 09:03:50,097 - Knowledge - INFO - Fast-tracked /app/data/tataelxsimcvaripplecode5379/718/b3129g6/Thunder-712/cmake/config/map/core/map_get.cmake (ext=.cmake, size=997)
2025-10-27 09:03:50,176 - Knowledge - INFO - Worker kw4 processing /app/data/tataelxsimcvaripplecode5379/718/b3129g6/Thunder-712/Tests/unit/core/test_filesystem.cpp
2025-10-27 09:03:50,284 - Knowledge - INFO - Worker kw5 processing /app/data/tataelxsimcvaripplecode5379/718/b3129g6/Thunder-712/cmake/config/ref/is_address.cmake
2025-10-27 09:03:50,377 - Knowledge - INFO - Worker kw6 processing /app/data/tataelxsimcvaripplecode5379/718/b3129g6/Thunder-712/Tests/file-unlink/file-master.cpp
2025-10-27 09:03:50,496 - Knowledge - INFO - Worker kw7 processing /app/data/tataelxsimcvaripplecode5379/718/b3129g6/Thunder-712/Tests/file-unlink/CMakeLists.txt
2025-10-27 09:03:50,612 - Knowledge - INFO - Worker kw8 processing /app/data/tataelxsimcvaripplecode5379/718/b3129g6/Thunder-712/cmake/config/map/helpers/map_keys_append.cmake
2025-10-27 09:03:50,705 - Knowledge - INFO - Worker kw9 processing /app/data/tataelxsimcvaripplecode5379/718/b3129g6/Thunder-712/cmake/config/ref/address_type_matches.cmake
2025-10-27 09:03:50,807 - Knowledge - INFO - Worker kw10 processing /app/data/tataelxsimcvaripplecode5379/718/b3129g6/Thunder-712/cmake/modules/FindLibCRUN.cmake
2025-10-27 09:03:50,886 - Knowledge - INFO - Worker kw11 processing /app/data/tataelxsimcvaripplecode5379/718/b3129g6/Thunder-712/Source/plugins/IPlugin.h
2025-10-27 09:03:51,004 - Knowledge - INFO - Worker kw12 processing /app/data/tataelxsimcvaripplecode5379/718/b3129g6/Thunder-712/cmake/config/map/README.md
2025-10-27 09:03:51,192 - Knowledge - INFO - knowledge worker kw29 start
2025-10-27 09:03:51,192 - Knowledge - INFO - Worker kw30 created using shared MongoDB connection pool
2025-10-27 09:03:51,309 - Knowledge - INFO - Worker kw1 processing /app/data/tataelxsimcvaripplecode5379/718/b3129g6/Thunder-712/Source/com/Administrator.cpp
2025-10-27 09:03:51,455 - Knowledge - INFO - Fast-tracked /app/data/tataelxsimcvaripplecode5379/718/b3129g6/Thunder-712/cmake/config/string/encoding/string_decode_semicolon.cmake (ext=.cmake, size=542)
2025-10-27 09:03:51,565 - Knowledge - INFO - Worker kw3 processing /app/data/tataelxsimcvaripplecode5379/718/b3129g6/Thunder-712/Source/plugins/JSONRPC.h
2025-10-27 09:03:51,637 - Knowledge - INFO - Fast-tracked /app/data/tataelxsimcvaripplecode5379/718/b3129g6/Thunder-712/Tests/unit/core/test_filesystem.cpp (ext=.cpp, size=3867)
2025-10-27 09:03:51,751 - Knowledge - INFO - Fast-tracked /app/data/tataelxsimcvaripplecode5379/718/b3129g6/Thunder-712/cmake/config/ref/is_address.cmake (ext=.cmake, size=779)
2025-10-27 09:03:51,846 - Knowledge - INFO - Fast-tracked /app/data/tataelxsimcvaripplecode5379/718/b3129g6/Thunder-712/Tests/file-unlink/file-master.cpp (ext=.cpp, size=513)
2025-10-27 09:03:51,933 - Knowledge - INFO - Fast-tracked /app/data/tataelxsimcvaripplecode5379/718/b3129g6/Thunder-712/Tests/file-unlink/CMakeLists.txt (ext=.txt, size=1122)
2025-10-27 09:03:52,057 - Knowledge - INFO - Fast-tracked /app/data/tataelxsimcvaripplecode5379/718/b3129g6/Thunder-712/cmake/config/map/helpers/map_keys_append.cmake (ext=.cmake, size=100)
2025-10-27 09:03:52,143 - Knowledge - INFO - Fast-tracked /app/data/tataelxsimcvaripplecode5379/718/b3129g6/Thunder-712/cmake/config/ref/address_type_matches.cmake (ext=.cmake, size=260)
2025-10-27 09:03:52,238 - Knowledge - INFO - Worker kw10 processing /app/data/tataelxsimcvaripplecode5379/718/b3129g6/Thunder-712/Source/extensions/processcontainers/implementations/DobbyImplementation/DobbyImplementation.cpp
2025-10-27 09:03:52,344 - Knowledge - INFO - Worker kw11 processing /app/data/tataelxsimcvaripplecode5379/718/b3129g6/Thunder-712/docs/stylesheets/extra.css
2025-10-27 09:03:52,476 - Knowledge - INFO - Fast-tracked /app/data/tataelxsimcvaripplecode5379/718/b3129g6/Thunder-712/cmake/config/map/README.md (ext=.md, size=12714)
2025-10-27 09:03:52,659 - Knowledge - INFO - knowledge worker kw30 start
2025-10-27 09:03:52,782 - Knowledge - INFO - Worker kw1 processing /app/data/tataelxsimcvaripplecode5379/718/b3129g6/Thunder-712/docs/docs.md
2025-10-27 09:03:52,854 - Knowledge - INFO - Worker kw2 processing /app/data/tataelxsimcvaripplecode5379/718/b3129g6/Thunder-712/Tests/unit/core/test_textfragment.cpp
2025-10-27 09:03:52,986 - Knowledge - INFO - Worker kw3 processing /app/data/tataelxsimcvaripplecode5379/718/b3129g6/Thunder-712/Source/cryptalgo/Random.cpp
2025-10-27 09:03:53,058 - Knowledge - INFO - Worker kw4 processing /app/data/tataelxsimcvaripplecode5379/718/b3129g6/Thunder-712/Tests/jsongenerator/IJsonGeneratorCorpus.h
2025-10-27 09:03:53,157 - Knowledge - INFO - Worker kw5 processing /app/data/tataelxsimcvaripplecode5379/718/b3129g6/Thunder-712/Utils/PluginActivator/source/main.cpp
2025-10-27 09:03:53,240 - Knowledge - INFO - Worker kw6 processing /app/data/tataelxsimcvaripplecode5379/718/b3129g6/Thunder-712/cmake/config/map/core/map_delete.cmake
2025-10-27 09:03:53,323 - Knowledge - INFO - Worker kw7 processing /app/data/tataelxsimcvaripplecode5379/718/b3129g6/Thunder-712/cmake/config/formats/json/json_read.cmake
2025-10-27 09:03:53,421 - Knowledge - INFO - Worker kw8 processing /app/data/tataelxsimcvaripplecode5379/718/b3129g6/Thunder-712/Source/core/SerialPort.h
2025-10-27 09:03:53,536 - Knowledge - INFO - Worker kw9 processing /app/data/tataelxsimcvaripplecode5379/718/b3129g6/Thunder-712/Source/core/ISO639.h
2025-10-27 09:03:53,631 - Knowledge - INFO - Worker kw10 processing /app/data/tataelxsimcvaripplecode5379/718/b3129g6/Thunder-712/docs/introduction/build_linux.md
2025-10-27 09:03:53,709 - Knowledge - INFO - Fast-tracked /app/data/tataelxsimcvaripplecode5379/718/b3129g6/Thunder-712/docs/stylesheets/extra.css (ext=.css, size=170)
2025-10-27 09:03:53,792 - Knowledge - INFO - Worker kw12 processing /app/data/tataelxsimcvaripplecode5379/718/b3129g6/Thunder-712/Source/extensions/processcontainers/Module.h
2025-10-27 09:03:53,979 - Knowledge - INFO - Fast-tracked /app/data/tataelxsimcvaripplecode5379/718/b3129g6/Thunder-712/docs/docs.md (ext=.md, size=2729)
2025-10-27 09:03:54,080 - Knowledge - INFO - Fast-tracked /app/data/tataelxsimcvaripplecode5379/718/b3129g6/Thunder-712/Tests/unit/core/test_textfragment.cpp (ext=.cpp, size=2825)
2025-10-27 09:03:54,197 - Knowledge - INFO - Worker kw3 processing /app/data/tataelxsimcvaripplecode5379/718/b3129g6/Thunder-712/cmake/config/formats/json/README.md
2025-10-27 09:03:54,296 - Knowledge - INFO - Fast-tracked /app/data/tataelxsimcvaripplecode5379/718/b3129g6/Thunder-712/Tests/jsongenerator/IJsonGeneratorCorpus.h (ext=.h, size=47079)
2025-10-27 09:03:54,385 - Knowledge - INFO - Worker kw5 processing /app/data/tataelxsimcvaripplecode5379/718/b3129g6/Thunder-712/cmake/config/ref/address_set.cmake
2025-10-27 09:03:54,456 - Knowledge - INFO - Fast-tracked /app/data/tataelxsimcvaripplecode5379/718/b3129g6/Thunder-712/cmake/config/map/core/map_delete.cmake (ext=.cmake, size=138)
2025-10-27 09:03:54,574 - Knowledge - INFO - Fast-tracked /app/data/tataelxsimcvaripplecode5379/718/b3129g6/Thunder-712/cmake/config/formats/json/json_read.cmake (ext=.cmake, size=528)
2025-10-27 09:03:54,666 - Knowledge - INFO - Worker kw8 processing /app/data/tataelxsimcvaripplecode5379/718/b3129g6/Thunder-712/Source/core/Library.h
2025-10-27 09:03:54,785 - Knowledge - INFO - Worker kw9 processing /app/data/tataelxsimcvaripplecode5379/718/b3129g6/Thunder-712/Source/core/StopWatch.h
2025-10-27 09:03:54,867 - Knowledge - INFO - Fast-tracked /app/data/tataelxsimcvaripplecode5379/718/b3129g6/Thunder-712/docs/introduction/build_linux.md (ext=.md, size=8960)
2025-10-27 09:03:54,934 - Knowledge - INFO - Worker kw11 processing /app/data/tataelxsimcvaripplecode5379/718/b3129g6/Thunder-712/Source/core/SharedBuffer.h
2025-10-27 09:03:55,062 - Knowledge - INFO - Fast-tracked /app/data/tataelxsimcvaripplecode5379/718/b3129g6/Thunder-712/Source/extensions/processcontainers/Module.h (ext=.h, size=967)
2025-10-27 09:03:55,151 - Knowledge - INFO - Worker kw1 processing /app/data/tataelxsimcvaripplecode5379/718/b3129g6/Thunder-712/Tests/workerpool-test/CMakeLists.txt
2025-10-27 09:03:55,234 - Knowledge - INFO - Worker kw2 processing /app/data/tataelxsimcvaripplecode5379/718/b3129g6/Thunder-712/Utils/PluginActivator/source/Module.cpp
2025-10-27 09:03:55,421 - Knowledge - INFO - Fast-tracked /app/data/tataelxsimcvaripplecode5379/718/b3129g6/Thunder-712/cmake/config/formats/json/README.md (ext=.md, size=3230)
2025-10-27 09:03:55,434 - Knowledge - INFO - [LLM_CALL] Completed: WarningReportingControl.h:chunk1, Duration: 11066ms, PromptTokens: 10364, CompletionTokens: 989, Cost: $0.00000
2025-10-27 09:03:55,523 - Knowledge - INFO - Worker kw4 processing /app/data/tataelxsimcvaripplecode5379/718/b3129g6/Thunder-712/Source/core/Netlink.cpp
2025-10-27 09:03:55,599 - Knowledge - INFO - Fast-tracked /app/data/tataelxsimcvaripplecode5379/718/b3129g6/Thunder-712/cmake/config/ref/address_set.cmake (ext=.cmake, size=90)
2025-10-27 09:03:55,683 - Knowledge - INFO - Worker kw6 processing /app/data/tataelxsimcvaripplecode5379/718/b3129g6/Thunder-712/Source/core/ProcessInfo.h
2025-10-27 09:03:55,757 - Knowledge - INFO - Worker kw7 processing /app/data/tataelxsimcvaripplecode5379/718/b3129g6/Thunder-712/cmake/config/collections/list_push_back.cmake
2025-10-27 09:03:55,866 - Knowledge - INFO - Worker kw8 processing /app/data/tataelxsimcvaripplecode5379/718/b3129g6/Thunder-712/Source/cryptalgo/HMAC.h
2025-10-27 09:03:55,954 - Knowledge - INFO - Fast-tracked /app/data/tataelxsimcvaripplecode5379/718/b3129g6/Thunder-712/Source/core/StopWatch.h (ext=.h, size=1557)
2025-10-27 09:03:56,050 - Knowledge - INFO - Worker kw10 processing /app/data/tataelxsimcvaripplecode5379/718/b3129g6/Thunder-712/Source/plugins/IVirtualInput.h
2025-10-27 09:03:56,149 - Knowledge - INFO - Worker kw11 processing /app/data/tataelxsimcvaripplecode5379/718/b3129g6/Thunder-712/cmake/config/string/string_take_regex.cmake
2025-10-27 09:03:56,287 - Knowledge - INFO - Worker kw12 processing /app/data/tataelxsimcvaripplecode5379/718/b3129g6/Thunder-712/Source/messaging/DirectOutput.h
2025-10-27 09:03:56,375 - Knowledge - INFO - Fast-tracked /app/data/tataelxsimcvaripplecode5379/718/b3129g6/Thunder-712/Tests/workerpool-test/CMakeLists.txt (ext=.txt, size=259)
2025-10-27 09:03:56,485 - Knowledge - INFO - Fast-tracked /app/data/tataelxsimcvaripplecode5379/718/b3129g6/Thunder-712/Utils/PluginActivator/source/Module.cpp (ext=.cpp, size=878)
2025-10-27 09:03:56,602 - Knowledge - INFO - Worker kw3 processing /app/data/tataelxsimcvaripplecode5379/718/b3129g6/Thunder-712/Tests/unit/core/test_stopwatch.cpp
2025-10-27 09:03:56,683 - Knowledge - INFO - done ingest for /app/data/tataelxsimcvaripplecode5379/718/b3129g6/Thunder-712/Source/core/WarningReportingControl.h
2025-10-27 09:03:56,761 - Knowledge - INFO - Worker kw4 processing /app/data/tataelxsimcvaripplecode5379/718/b3129g6/Thunder-712/Source/core/Media.h
2025-10-27 09:03:56,839 - Knowledge - INFO - Worker kw5 processing /app/data/tataelxsimcvaripplecode5379/718/b3129g6/Thunder-712/Source/com/ConnectorType.h
2025-10-27 09:03:56,932 - Knowledge - INFO - Worker kw6 processing /app/data/tataelxsimcvaripplecode5379/718/b3129g6/Thunder-712/cmake/config/map/operations/map_equal.cmake
2025-10-27 09:03:57,100 - Knowledge - INFO - Fast-tracked /app/data/tataelxsimcvaripplecode5379/718/b3129g6/Thunder-712/cmake/config/collections/list_push_back.cmake (ext=.cmake, size=183)
2025-10-27 09:03:57,216 - Knowledge - INFO - Worker kw8 processing /app/data/tataelxsimcvaripplecode5379/718/b3129g6/Thunder-712/Source/core/IPCChannel.h
2025-10-27 09:03:57,294 - Knowledge - INFO - Worker kw9 processing /app/data/tataelxsimcvaripplecode5379/718/b3129g6/Thunder-712/cmake/config/quickmap/ref.cmake
2025-10-27 09:03:57,417 - Knowledge - INFO - Worker kw10 processing /app/data/tataelxsimcvaripplecode5379/718/b3129g6/Thunder-712/cmake/config/map/helpers/map_pop_front.cmake
2025-10-27 09:03:57,498 - Knowledge - INFO - Fast-tracked /app/data/tataelxsimcvaripplecode5379/718/b3129g6/Thunder-712/cmake/config/string/string_take_regex.cmake (ext=.cmake, size=1864)
2025-10-27 09:03:57,578 - Knowledge - INFO - Fast-tracked /app/data/tataelxsimcvaripplecode5379/718/b3129g6/Thunder-712/Source/messaging/DirectOutput.h (ext=.h, size=1875)
2025-10-27 09:03:57,688 - Knowledge - INFO - Worker kw1 processing /app/data/tataelxsimcvaripplecode5379/718/b3129g6/Thunder-712/cmake/config/map/helpers/map_push_back.cmake
2025-10-27 09:03:57,769 - Knowledge - INFO - Worker kw2 processing /app/data/tataelxsimcvaripplecode5379/718/b3129g6/Thunder-712/docs/introduction/build_windows.md
2025-10-27 09:03:57,855 - Knowledge - INFO - Fast-tracked /app/data/tataelxsimcvaripplecode5379/718/b3129g6/Thunder-712/Tests/unit/core/test_stopwatch.cpp (ext=.cpp, size=3427)
2025-10-27 09:03:58,390 - Knowledge - INFO - Worker kw4 processing /app/data/tataelxsimcvaripplecode5379/718/b3129g6/Thunder-712/Source/core/TriState.h
2025-10-27 09:03:58,529 - Knowledge - INFO - Worker kw5 processing /app/data/tataelxsimcvaripplecode5379/718/b3129g6/Thunder-712/cmake/config/filesystem/path/path.cmake
2025-10-27 09:03:58,624 - Knowledge - INFO - [LLM_CALL] Completed: SecureSocketPort.h:chunk1, Duration: 15016ms, PromptTokens: 13980, CompletionTokens: 1974, Cost: $0.00000
2025-10-27 09:03:58,644 - Knowledge - INFO - Worker kw6 processing /app/data/tataelxsimcvaripplecode5379/718/b3129g6/Thunder-712/cmake/config/map/map_import_properties.cmake
2025-10-27 09:03:58,739 - Knowledge - INFO - Worker kw7 processing /app/data/tataelxsimcvaripplecode5379/718/b3129g6/Thunder-712/Tests/unit/core/test_message_unit.cpp
2025-10-27 09:03:58,808 - Knowledge - INFO - Worker kw8 processing /app/data/tataelxsimcvaripplecode5379/718/b3129g6/Thunder-712/Source/core/StateTrigger.h
2025-10-27 09:03:58,903 - Knowledge - INFO - Fast-tracked /app/data/tataelxsimcvaripplecode5379/718/b3129g6/Thunder-712/cmake/config/quickmap/ref.cmake (ext=.cmake, size=300)
2025-10-27 09:03:58,997 - Knowledge - INFO - Fast-tracked /app/data/tataelxsimcvaripplecode5379/718/b3129g6/Thunder-712/cmake/config/map/helpers/map_pop_front.cmake (ext=.cmake, size=180)
2025-10-27 09:03:59,094 - Knowledge - INFO - Worker kw11 processing /app/data/tataelxsimcvaripplecode5379/718/b3129g6/Thunder-712/Source/core/WarningReportingCategories.cpp
2025-10-27 09:03:59,212 - Knowledge - INFO - Worker kw12 processing /app/data/tataelxsimcvaripplecode5379/718/b3129g6/Thunder-712/Source/plugins/Configuration.h
2025-10-27 09:03:59,334 - Knowledge - INFO - Fast-tracked /app/data/tataelxsimcvaripplecode5379/718/b3129g6/Thunder-712/cmake/config/map/helpers/map_push_back.cmake (ext=.cmake, size=177)
2025-10-27 09:03:59,415 - Knowledge - INFO - Fast-tracked /app/data/tataelxsimcvaripplecode5379/718/b3129g6/Thunder-712/docs/introduction/build_windows.md (ext=.md, size=3763)
2025-10-27 09:03:59,509 - Knowledge - INFO - Worker kw3 processing /app/data/tataelxsimcvaripplecode5379/718/b3129g6/Thunder-712/Source/core/CMakeLists.txt
2025-10-27 09:03:59,617 - Knowledge - INFO - Worker kw4 processing /app/data/tataelxsimcvaripplecode5379/718/b3129g6/Thunder-712/Source/core/CallsignTLS.h
2025-10-27 09:03:59,742 - Knowledge - INFO - Fast-tracked /app/data/tataelxsimcvaripplecode5379/718/b3129g6/Thunder-712/cmake/config/filesystem/path/path.cmake (ext=.cmake, size=298)
2025-10-27 09:03:59,839 - Knowledge - INFO - done ingest for /app/data/tataelxsimcvaripplecode5379/718/b3129g6/Thunder-712/Source/cryptalgo/SecureSocketPort.h
2025-10-27 09:03:59,940 - Knowledge - INFO - Fast-tracked /app/data/tataelxsimcvaripplecode5379/718/b3129g6/Thunder-712/cmake/config/map/map_import_properties.cmake (ext=.cmake, size=288)
2025-10-27 09:04:00,026 - Knowledge - INFO - Fast-tracked /app/data/tataelxsimcvaripplecode5379/718/b3129g6/Thunder-712/Tests/unit/core/test_message_unit.cpp (ext=.cpp, size=22874)
2025-10-27 09:04:00,124 - Knowledge - INFO - Worker kw8 processing /app/data/tataelxsimcvaripplecode5379/718/b3129g6/Thunder-712/Source/plugins/Service.cpp
2025-10-27 09:04:00,224 - Knowledge - INFO - Worker kw9 processing /app/data/tataelxsimcvaripplecode5379/718/b3129g6/Thunder-712/docs/plugin/config.md
2025-10-27 09:04:00,306 - Knowledge - INFO - Worker kw10 processing /app/data/tataelxsimcvaripplecode5379/718/b3129g6/Thunder-712/Tests/workerpool-test/WorkerPoolTest.cpp
2025-10-27 09:04:00,389 - Knowledge - INFO - Fast-tracked /app/data/tataelxsimcvaripplecode5379/718/b3129g6/Thunder-712/Source/core/WarningReportingCategories.cpp (ext=.cpp, size=1591)
2025-10-27 09:04:00,491 - Knowledge - INFO - Worker kw12 processing /app/data/tataelxsimcvaripplecode5379/718/b3129g6/Thunder-712/Source/websocket/URL.h
2025-10-27 09:04:00,588 - Knowledge - INFO - Worker kw1 processing /app/data/tataelxsimcvaripplecode5379/718/b3129g6/Thunder-712/Source/plugins/Request.h
2025-10-27 09:04:00,681 - Knowledge - INFO - Worker kw2 processing /app/data/tataelxsimcvaripplecode5379/718/b3129g6/Thunder-712/cmake/config/map/helpers/map_ensure.cmake
2025-10-27 09:04:00,774 - Knowledge - INFO - Fast-tracked /app/data/tataelxsimcvaripplecode5379/718/b3129g6/Thunder-712/Source/core/CMakeLists.txt (ext=.txt, size=8146)
2025-10-27 09:04:00,867 - Knowledge - INFO - Worker kw4 processing /app/data/tataelxsimcvaripplecode5379/718/b3129g6/Thunder-712/Source/core/LockableContainer.h
2025-10-27 09:04:00,943 - Knowledge - INFO - Worker kw5 processing /app/data/tataelxsimcvaripplecode5379/718/b3129g6/Thunder-712/cmake/config/core/return/return_truth.cmake
2025-10-27 09:04:01,229 - Knowledge - INFO - Worker kw6 processing /app/data/tataelxsimcvaripplecode5379/718/b3129g6/Thunder-712/cmake/modules/FindDBusClient.cmake
2025-10-27 09:04:01,356 - Knowledge - INFO - Worker kw7 processing /app/data/tataelxsimcvaripplecode5379/718/b3129g6/Thunder-712/Source/core/Services.cpp
2025-10-27 09:04:01,370 - Knowledge - INFO - [LLM_CALL] Completed: NetworkInfo.cpp:chunk1, Duration: 18681ms, PromptTokens: 40676, CompletionTokens: 2904, Cost: $0.00000
2025-10-27 09:04:01,454 - Knowledge - INFO - Worker kw8 processing /app/data/tataelxsimcvaripplecode5379/718/b3129g6/Thunder-712/cmake/config/stack/stack_peek.cmake
2025-10-27 09:04:01,527 - Knowledge - INFO - Fast-tracked /app/data/tataelxsimcvaripplecode5379/718/b3129g6/Thunder-712/docs/plugin/config.md (ext=.md, size=14904)
2025-10-27 09:04:01,642 - Knowledge - INFO - Fast-tracked /app/data/tataelxsimcvaripplecode5379/718/b3129g6/Thunder-712/Tests/workerpool-test/WorkerPoolTest.cpp (ext=.cpp, size=14243)
2025-10-27 09:04:01,731 - Knowledge - INFO - Worker kw11 processing /app/data/tataelxsimcvaripplecode5379/718/b3129g6/Thunder-712/Tests/unit/core/test_networkinfo.cpp
2025-10-27 09:04:01,854 - Knowledge - INFO - Worker kw12 processing /app/data/tataelxsimcvaripplecode5379/718/b3129g6/Thunder-712/Source/core/Timer.h
2025-10-27 09:04:01,945 - Knowledge - INFO - Worker kw1 processing /app/data/tataelxsimcvaripplecode5379/718/b3129g6/Thunder-712/Source/WPEFramework/doc/ControllerPlugin.md
2025-10-27 09:04:02,021 - Knowledge - INFO - Fast-tracked /app/data/tataelxsimcvaripplecode5379/718/b3129g6/Thunder-712/cmake/config/map/helpers/map_ensure.cmake (ext=.cmake, size=239)
2025-10-27 09:04:02,101 - Knowledge - INFO - Worker kw3 processing /app/data/tataelxsimcvaripplecode5379/718/b3129g6/Thunder-712/Tests/unit/core/test_parser.cpp
2025-10-27 09:04:02,173 - Knowledge - INFO - Worker kw4 processing /app/data/tataelxsimcvaripplecode5379/718/b3129g6/Thunder-712/Tests/workerpool-test/Module.h
2025-10-27 09:04:02,259 - Knowledge - INFO - Fast-tracked /app/data/tataelxsimcvaripplecode5379/718/b3129g6/Thunder-712/cmake/config/core/return/return_truth.cmake (ext=.cmake, size=88)
2025-10-27 09:04:02,346 - Knowledge - INFO - Fast-tracked /app/data/tataelxsimcvaripplecode5379/718/b3129g6/Thunder-712/cmake/modules/FindDBusClient.cmake (ext=.cmake, size=1466)
2025-10-27 09:04:02,426 - Knowledge - INFO - Worker kw7 processing /app/data/tataelxsimcvaripplecode5379/718/b3129g6/Thunder-712/cmake/config/map/helpers/mm.cmake
2025-10-27 09:04:02,541 - Knowledge - INFO - done ingest for /app/data/tataelxsimcvaripplecode5379/718/b3129g6/Thunder-712/Source/core/NetworkInfo.cpp
2025-10-27 09:04:02,651 - Knowledge - INFO - Fast-tracked /app/data/tataelxsimcvaripplecode5379/718/b3129g6/Thunder-712/cmake/config/stack/stack_peek.cmake (ext=.cmake, size=145)
2025-10-27 09:04:02,734 - Knowledge - INFO - Worker kw9 processing /app/data/tataelxsimcvaripplecode5379/718/b3129g6/Thunder-712/Source/WPEFramework/SystemInfo.cpp
2025-10-27 09:04:02,853 - Knowledge - INFO - Worker kw10 processing /app/data/tataelxsimcvaripplecode5379/718/b3129g6/Thunder-712/Source/WPEFramework/CMakeLists.txt
2025-10-27 09:04:02,932 - Knowledge - INFO - Fast-tracked /app/data/tataelxsimcvaripplecode5379/718/b3129g6/Thunder-712/Tests/unit/core/test_networkinfo.cpp (ext=.cpp, size=3999)
2025-10-27 09:04:03,031 - Knowledge - INFO - Worker kw12 processing /app/data/tataelxsimcvaripplecode5379/718/b3129g6/Thunder-712/cmake/config/events/event_cancel.cmake
2025-10-27 09:04:03,161 - Knowledge - INFO - Fast-tracked /app/data/tataelxsimcvaripplecode5379/718/b3129g6/Thunder-712/Source/WPEFramework/doc/ControllerPlugin.md (ext=.md, size=33337)
2025-10-27 09:04:03,269 - Knowledge - INFO - Worker kw2 processing /app/data/tataelxsimcvaripplecode5379/718/b3129g6/Thunder-712/Source/core/WorkerPool.h
2025-10-27 09:04:03,381 - Knowledge - INFO - Fast-tracked /app/data/tataelxsimcvaripplecode5379/718/b3129g6/Thunder-712/Tests/unit/core/test_parser.cpp (ext=.cpp, size=2704)
2025-10-27 09:04:03,464 - Knowledge - INFO - Fast-tracked /app/data/tataelxsimcvaripplecode5379/718/b3129g6/Thunder-712/Tests/workerpool-test/Module.h (ext=.h, size=850)
2025-10-27 09:04:03,570 - Knowledge - INFO - Worker kw5 processing /app/data/tataelxsimcvaripplecode5379/718/b3129g6/Thunder-712/cmake/config/map/operations/map_merge.cmake
2025-10-27 09:04:03,662 - Knowledge - INFO - Worker kw6 processing /app/data/tataelxsimcvaripplecode5379/718/b3129g6/Thunder-712/Source/WPEFramework/Config.h
2025-10-27 09:04:03,773 - Knowledge - INFO - Fast-tracked /app/data/tataelxsimcvaripplecode5379/718/b3129g6/Thunder-712/cmake/config/map/helpers/mm.cmake (ext=.cmake, size=570)
2025-10-27 09:04:03,921 - Knowledge - INFO - Processing batch of 5 files
2025-10-27 09:04:03,957 - Knowledge - INFO - Worker kw8 processing /app/data/tataelxsimcvaripplecode5379/718/b3129g6/Thunder-712/Source/core/Netlink.h
2025-10-27 09:04:04,049 - Knowledge - INFO - Worker kw9 processing /app/data/tataelxsimcvaripplecode5379/718/b3129g6/Thunder-712/Source/WPEFramework/ExampleConfigLinux.json
2025-10-27 09:04:04,172 - Knowledge - INFO - Fast-tracked /app/data/tataelxsimcvaripplecode5379/718/b3129g6/Thunder-712/Source/WPEFramework/CMakeLists.txt (ext=.txt, size=3761)
2025-10-27 09:04:04,240 - Knowledge - INFO - Worker kw11 processing /app/data/tataelxsimcvaripplecode5379/718/b3129g6/Thunder-712/Source/extensions/warningreporting/WarningReportingUnit.cpp
2025-10-27 09:04:04,322 - Knowledge - INFO - Fast-tracked /app/data/tataelxsimcvaripplecode5379/718/b3129g6/Thunder-712/cmake/config/events/event_cancel.cmake (ext=.cmake, size=211)
2025-10-27 09:04:04,427 - Knowledge - INFO - Worker kw1 processing /app/data/tataelxsimcvaripplecode5379/718/b3129g6/Thunder-712/cmake/config/function/function_import_table.cmake
2025-10-27 09:04:04,504 - Knowledge - INFO - Worker kw2 processing /app/data/tataelxsimcvaripplecode5379/718/b3129g6/Thunder-712/Source/websocket/Module.h
2025-10-27 09:04:04,607 - Knowledge - INFO - Worker kw3 processing /app/data/tataelxsimcvaripplecode5379/718/b3129g6/Thunder-712/Source/core/Thread.h
2025-10-27 09:04:04,707 - Knowledge - INFO - Worker kw4 processing /app/data/tataelxsimcvaripplecode5379/718/b3129g6/Thunder-712/Source/extensions/hibernate/checkpointlib/CheckpointLib.c
2025-10-27 09:04:04,829 - Knowledge - INFO - Fast-tracked /app/data/tataelxsimcvaripplecode5379/718/b3129g6/Thunder-712/cmake/config/map/operations/map_merge.cmake (ext=.cmake, size=754)
2025-10-27 09:04:04,920 - Knowledge - INFO - Worker kw6 processing /app/data/tataelxsimcvaripplecode5379/718/b3129g6/Thunder-712/Source/WPEFramework/WarningReportingCategories.h
2025-10-27 09:04:05,004 - Knowledge - INFO - Worker kw7 processing /app/data/tataelxsimcvaripplecode5379/718/b3129g6/Thunder-712/cmake/config/events/events.cmake
2025-10-27 09:04:05,120 - Knowledge - INFO - process ingested knowledge for /app/data/tataelxsimcvaripplecode5379/718/b3129g6/Thunder-712/Source/core/NetworkInfo.cpp
2025-10-27 09:04:05,199 - Knowledge - INFO - Worker kw8 processing /app/data/tataelxsimcvaripplecode5379/718/b3129g6/Thunder-712/Source/com/com.h
2025-10-27 09:04:05,322 - Knowledge - INFO - Fast-tracked /app/data/tataelxsimcvaripplecode5379/718/b3129g6/Thunder-712/Source/WPEFramework/ExampleConfigLinux.json (ext=.json, size=5365)
2025-10-27 09:04:05,433 - Knowledge - INFO - Worker kw10 processing /app/data/tataelxsimcvaripplecode5379/718/b3129g6/Thunder-712/cmake/config/map/helpers/map_clear.cmake
2025-10-27 09:04:05,546 - Knowledge - INFO - Worker kw11 processing /app/data/tataelxsimcvaripplecode5379/718/b3129g6/Thunder-712/cmake/config/map/helpers/map_pairs.cmake
2025-10-27 09:04:05,625 - Knowledge - INFO - Worker kw12 processing /app/data/tataelxsimcvaripplecode5379/718/b3129g6/Thunder-712/Source/core/IObserver.h
2025-10-27 09:04:05,714 - Knowledge - INFO - Fast-tracked /app/data/tataelxsimcvaripplecode5379/718/b3129g6/Thunder-712/cmake/config/function/function_import_table.cmake (ext=.cmake, size=614)
2025-10-27 09:04:05,800 - Knowledge - INFO - Fast-tracked /app/data/tataelxsimcvaripplecode5379/718/b3129g6/Thunder-712/Source/websocket/Module.h (ext=.h, size=975)
2025-10-27 09:04:05,886 - Knowledge - INFO - Worker kw3 processing /app/data/tataelxsimcvaripplecode5379/718/b3129g6/Thunder-712/Source/WPEProcess/Module.h
2025-10-27 09:04:05,972 - Knowledge - INFO - Fast-tracked /app/data/tataelxsimcvaripplecode5379/718/b3129g6/Thunder-712/Source/extensions/hibernate/checkpointlib/CheckpointLib.c (ext=.c, size=1779)
2025-10-27 09:04:06,083 - Knowledge - INFO - Worker kw5 processing /app/data/tataelxsimcvaripplecode5379/718/b3129g6/Thunder-712/Tests/unit/core/test_thread.cpp
2025-10-27 09:04:06,195 - Knowledge - INFO - Worker kw6 processing /app/data/tataelxsimcvaripplecode5379/718/b3129g6/Thunder-712/Source/extensions/processcontainers/implementations/AWCImplementation/AWCContainerBase.cpp
2025-10-27 09:04:06,283 - Knowledge - INFO - Fast-tracked /app/data/tataelxsimcvaripplecode5379/718/b3129g6/Thunder-712/cmake/config/events/events.cmake (ext=.cmake, size=317)
2025-10-27 09:04:06,410 - Knowledge - INFO - process ingested knowledge for /app/data/tataelxsimcvaripplecode5379/718/b3129g6/Thunder-712/Tests/httpsclient/Module.h
2025-10-27 09:04:06,513 - Knowledge - INFO - Fast-tracked /app/data/tataelxsimcvaripplecode5379/718/b3129g6/Thunder-712/Source/com/com.h (ext=.h, size=1189)
2025-10-27 09:04:06,599 - Knowledge - INFO - Worker kw9 processing /app/data/tataelxsimcvaripplecode5379/718/b3129g6/Thunder-712/Source/core/Parser.h
2025-10-27 09:04:06,711 - Knowledge - INFO - Fast-tracked /app/data/tataelxsimcvaripplecode5379/718/b3129g6/Thunder-712/cmake/config/map/helpers/map_clear.cmake (ext=.cmake, size=189)
2025-10-27 09:04:06,793 - Knowledge - INFO - Fast-tracked /app/data/tataelxsimcvaripplecode5379/718/b3129g6/Thunder-712/cmake/config/map/helpers/map_pairs.cmake (ext=.cmake, size=362)
2025-10-27 09:04:06,864 - Knowledge - INFO - Fast-tracked /app/data/tataelxsimcvaripplecode5379/718/b3129g6/Thunder-712/Source/core/IObserver.h (ext=.h, size=1057)
2025-10-27 09:04:06,974 - Knowledge - INFO - Worker kw1 processing /app/data/tataelxsimcvaripplecode5379/718/b3129g6/Thunder-712/Source/WPEFramework/PluginServer.cpp
2025-10-27 09:04:07,075 - Knowledge - INFO - Worker kw2 processing /app/data/tataelxsimcvaripplecode5379/718/b3129g6/Thunder-712/Source/cryptalgo/CMakeLists.txt
2025-10-27 09:04:07,198 - Knowledge - INFO - Fast-tracked /app/data/tataelxsimcvaripplecode5379/718/b3129g6/Thunder-712/Source/WPEProcess/Module.h (ext=.h, size=860)
2025-10-27 09:04:07,295 - Knowledge - INFO - Worker kw4 processing /app/data/tataelxsimcvaripplecode5379/718/b3129g6/Thunder-712/Utils/PluginActivator/source/IPluginStarter.h
2025-10-27 09:04:07,410 - Knowledge - INFO - Fast-tracked /app/data/tataelxsimcvaripplecode5379/718/b3129g6/Thunder-712/Tests/unit/core/test_thread.cpp (ext=.cpp, size=3575)
2025-10-27 09:04:07,528 - Knowledge - INFO - Fast-tracked /app/data/tataelxsimcvaripplecode5379/718/b3129g6/Thunder-712/Source/extensions/processcontainers/implementations/AWCImplementation/AWCContainerBase.cpp (ext=.cpp, size=1076)
2025-10-27 09:04:07,609 - Knowledge - INFO - Worker kw7 processing /app/data/tataelxsimcvaripplecode5379/718/b3129g6/Thunder-712/cmake/config/formats/json/json_format_tokens.cmake
2025-10-27 09:04:07,732 - Knowledge - INFO - process ingested knowledge for /app/data/tataelxsimcvaripplecode5379/718/b3129g6/Thunder-712/Source/cryptalgo/SecureSocketPort.h
2025-10-27 09:04:07,804 - Knowledge - INFO - Worker kw8 processing /app/data/tataelxsimcvaripplecode5379/718/b3129g6/Thunder-712/cmake/config/ref/address_append_string.cmake
2025-10-27 09:04:07,928 - Knowledge - INFO - Worker kw9 processing /app/data/tataelxsimcvaripplecode5379/718/b3129g6/Thunder-712/Tests/unit/core/test_threadpool.cpp
2025-10-27 09:04:08,008 - Knowledge - INFO - Worker kw10 processing /app/data/tataelxsimcvaripplecode5379/718/b3129g6/Thunder-712/Source/core/SocketPort.cpp
2025-10-27 09:04:08,098 - Knowledge - INFO - Worker kw11 processing /app/data/tataelxsimcvaripplecode5379/718/b3129g6/Thunder-712/Source/websocket/WebTransfer.h
2025-10-27 09:04:08,190 - Knowledge - INFO - Worker kw12 processing /app/data/tataelxsimcvaripplecode5379/718/b3129g6/Thunder-712/Tests/unit/core/test_optional.cpp
2025-10-27 09:04:08,270 - Knowledge - INFO - Worker kw1 processing /app/data/tataelxsimcvaripplecode5379/718/b3129g6/Thunder-712/cmake/config/events/event_addhandler.cmake
2025-10-27 09:04:08,382 - Knowledge - INFO - Fast-tracked /app/data/tataelxsimcvaripplecode5379/718/b3129g6/Thunder-712/Source/cryptalgo/CMakeLists.txt (ext=.txt, size=2881)
2025-10-27 09:04:08,493 - Knowledge - INFO - Worker kw3 processing /app/data/tataelxsimcvaripplecode5379/718/b3129g6/Thunder-712/Source/core/Factory.h
2025-10-27 09:04:08,575 - Knowledge - INFO - Fast-tracked /app/data/tataelxsimcvaripplecode5379/718/b3129g6/Thunder-712/Utils/PluginActivator/source/IPluginStarter.h (ext=.h, size=1532)
2025-10-27 09:04:08,683 - Knowledge - INFO - Worker kw5 processing /app/data/tataelxsimcvaripplecode5379/718/b3129g6/Thunder-712/Source/core/Singleton.h
2025-10-27 09:04:08,767 - Knowledge - INFO - Worker kw6 processing /app/data/tataelxsimcvaripplecode5379/718/b3129g6/Thunder-712/Tests/unit/core/test_ipc.cpp
2025-10-27 09:04:08,846 - Knowledge - INFO - Fast-tracked /app/data/tataelxsimcvaripplecode5379/718/b3129g6/Thunder-712/cmake/config/formats/json/json_format_tokens.cmake (ext=.cmake, size=1358)
2025-10-27 09:04:08,964 - Knowledge - INFO - process ingested knowledge for /app/data/tataelxsimcvaripplecode5379/718/b3129g6/Thunder-712/Source/core/WarningReportingControl.h
2025-10-27 09:04:09,047 - Knowledge - INFO - Fast-tracked /app/data/tataelxsimcvaripplecode5379/718/b3129g6/Thunder-712/cmake/config/ref/address_append_string.cmake (ext=.cmake, size=117)
2025-10-27 09:04:09,161 - Knowledge - INFO - Fast-tracked /app/data/tataelxsimcvaripplecode5379/718/b3129g6/Thunder-712/Tests/unit/core/test_threadpool.cpp (ext=.cpp, size=48177)
2025-10-27 09:04:09,282 - Knowledge - INFO - Worker kw10 processing /app/data/tataelxsimcvaripplecode5379/718/b3129g6/Thunder-712/Source/core/TextFragment.h
2025-10-27 09:04:09,404 - Knowledge - INFO - Worker kw11 processing /app/data/tataelxsimcvaripplecode5379/718/b3129g6/Thunder-712/Source/messaging/MessageDispatcher.h
2025-10-27 09:04:09,489 - Knowledge - INFO - Fast-tracked /app/data/tataelxsimcvaripplecode5379/718/b3129g6/Thunder-712/Tests/unit/core/test_optional.cpp (ext=.cpp, size=1558)
2025-10-27 09:04:09,569 - Knowledge - INFO - Fast-tracked /app/data/tataelxsimcvaripplecode5379/718/b3129g6/Thunder-712/cmake/config/events/event_addhandler.cmake (ext=.cmake, size=451)
2025-10-27 09:04:09,679 - Knowledge - INFO - Worker kw2 processing /app/data/tataelxsimcvaripplecode5379/718/b3129g6/Thunder-712/Source/extensions/processcontainers/common/BaseRefCount.h
2025-10-27 09:04:09,789 - Knowledge - INFO - Worker kw3 processing /app/data/tataelxsimcvaripplecode5379/718/b3129g6/Thunder-712/Source/core/Sync.cpp
2025-10-27 09:04:09,871 - Knowledge - INFO - Worker kw4 processing /app/data/tataelxsimcvaripplecode5379/718/b3129g6/Thunder-712/Source/extensions/hibernate/checkpointserver/CheckpointServer.c
2025-10-27 09:04:09,958 - Knowledge - INFO - Worker kw5 processing /app/data/tataelxsimcvaripplecode5379/718/b3129g6/Thunder-712/Source/core/TextReader.cpp
2025-10-27 09:04:10,045 - Knowledge - INFO - Fast-tracked /app/data/tataelxsimcvaripplecode5379/718/b3129g6/Thunder-712/Tests/unit/core/test_ipc.cpp (ext=.cpp, size=33213)
2025-10-27 09:04:10,135 - Knowledge - INFO - Worker kw7 processing /app/data/tataelxsimcvaripplecode5379/718/b3129g6/Thunder-712/cmake/config/map/helpers/map_get_map.cmake
2025-10-27 09:04:10,227 - Knowledge - INFO - process ingested knowledge for /app/data/tataelxsimcvaripplecode5379/718/b3129g6/Thunder-712/Tests/unit/core/test_enumerate.cpp
2025-10-27 09:04:10,337 - Knowledge - INFO - Worker kw8 processing /app/data/tataelxsimcvaripplecode5379/718/b3129g6/Thunder-712/Source/core/Queue.h
2025-10-27 09:04:10,417 - Knowledge - INFO - Worker kw9 processing /app/data/tataelxsimcvaripplecode5379/718/b3129g6/Thunder-712/Source/extensions/privilegedrequest/example/CMakeLists.txt
2025-10-27 09:04:10,508 - Knowledge - INFO - Worker kw10 processing /app/data/tataelxsimcvaripplecode5379/718/b3129g6/Thunder-712/Source/extensions/processcontainers/implementations/RunCImplementation/RunCImplementation.cpp
2025-10-27 09:04:10,606 - Knowledge - INFO - Worker kw11 processing /app/data/tataelxsimcvaripplecode5379/718/b3129g6/Thunder-712/cmake/config/quickmap/kv.cmake
2025-10-27 09:04:10,684 - Knowledge - INFO - Worker kw12 processing /app/data/tataelxsimcvaripplecode5379/718/b3129g6/Thunder-712/Tests/unit/CMakeLists.txt
2025-10-27 09:04:10,778 - Knowledge - INFO - Worker kw1 processing /app/data/tataelxsimcvaripplecode5379/718/b3129g6/Thunder-712/Source/core/MessageStore.h
2025-10-27 09:04:10,856 - Knowledge - INFO - Fast-tracked /app/data/tataelxsimcvaripplecode5379/718/b3129g6/Thunder-712/Source/extensions/processcontainers/common/BaseRefCount.h (ext=.h, size=1736)
2025-10-27 09:04:10,930 - Knowledge - INFO - Worker kw3 processing /app/data/tataelxsimcvaripplecode5379/718/b3129g6/Thunder-712/cmake/modules/FindDBus.cmake
2025-10-27 09:04:11,006 - Knowledge - INFO - Worker kw4 processing /app/data/tataelxsimcvaripplecode5379/718/b3129g6/Thunder-712/cmake/config/ref/README.md
2025-10-27 09:04:11,123 - Knowledge - INFO - Worker kw5 processing /app/data/tataelxsimcvaripplecode5379/718/b3129g6/Thunder-712/cmake/config/map/iterator/map_iterator.cmake
2025-10-27 09:04:11,197 - Knowledge - INFO - Worker kw6 processing /app/data/tataelxsimcvaripplecode5379/718/b3129g6/Thunder-712/Source/com/Communicator.h
2025-10-27 09:04:11,303 - Knowledge - INFO - Fast-tracked /app/data/tataelxsimcvaripplecode5379/718/b3129g6/Thunder-712/cmake/config/map/helpers/map_get_map.cmake (ext=.cmake, size=332)
2025-10-27 09:04:11,527 - Knowledge - INFO - Worker kw8 processing /app/data/tataelxsimcvaripplecode5379/718/b3129g6/Thunder-712/Source/messaging/MessageUnit.cpp
2025-10-27 09:04:11,634 - Knowledge - INFO - Fast-tracked /app/data/tataelxsimcvaripplecode5379/718/b3129g6/Thunder-712/Source/extensions/privilegedrequest/example/CMakeLists.txt (ext=.txt, size=1004)
2025-10-27 09:04:11,757 - Knowledge - INFO - Worker kw10 processing /app/data/tataelxsimcvaripplecode5379/718/b3129g6/Thunder-712/Tests/unit/core/test_hex2strserialization.cpp
2025-10-27 09:04:11,849 - Knowledge - INFO - Fast-tracked /app/data/tataelxsimcvaripplecode5379/718/b3129g6/Thunder-712/cmake/config/quickmap/kv.cmake (ext=.cmake, size=63)
2025-10-27 09:04:11,927 - Knowledge - INFO - Fast-tracked /app/data/tataelxsimcvaripplecode5379/718/b3129g6/Thunder-712/Tests/unit/CMakeLists.txt (ext=.txt, size=1332)
2025-10-27 09:04:12,010 - Knowledge - INFO - Worker kw1 processing /app/data/tataelxsimcvaripplecode5379/718/b3129g6/Thunder-712/Source/messaging/LoggingCategories.h
2025-10-27 09:04:12,094 - Knowledge - INFO - Worker kw2 processing /app/data/tataelxsimcvaripplecode5379/718/b3129g6/Thunder-712/cmake/config/map/core/map_has.cmake
2025-10-27 09:04:12,179 - Knowledge - INFO - Fast-tracked /app/data/tataelxsimcvaripplecode5379/718/b3129g6/Thunder-712/cmake/modules/FindDBus.cmake (ext=.cmake, size=1468)
2025-10-27 09:04:12,257 - Knowledge - INFO - Fast-tracked /app/data/tataelxsimcvaripplecode5379/718/b3129g6/Thunder-712/cmake/config/ref/README.md (ext=.md, size=3482)
2025-10-27 09:04:12,347 - Knowledge - INFO - Fast-tracked /app/data/tataelxsimcvaripplecode5379/718/b3129g6/Thunder-712/cmake/config/map/iterator/map_iterator.cmake (ext=.cmake, size=193)
2025-10-27 09:04:12,458 - Knowledge - INFO - Worker kw6 processing /app/data/tataelxsimcvaripplecode5379/718/b3129g6/Thunder-712/cmake/modules/FindLIBRT.cmake
2025-10-27 09:04:12,534 - Knowledge - INFO - Worker kw7 processing /app/data/tataelxsimcvaripplecode5379/718/b3129g6/Thunder-712/cmake/config/map/helpers/map_match.cmake
2025-10-27 09:04:12,690 - Knowledge - INFO - Worker kw8 processing /app/data/tataelxsimcvaripplecode5379/718/b3129g6/Thunder-712/Source/core/Rectangle.h
2025-10-27 09:04:12,750 - Knowledge - INFO - Worker kw9 processing /app/data/tataelxsimcvaripplecode5379/718/b3129g6/Thunder-712/Source/WPEFramework/GenericConfig.cmake
2025-10-27 09:04:12,833 - Knowledge - INFO - Fast-tracked /app/data/tataelxsimcvaripplecode5379/718/b3129g6/Thunder-712/Tests/unit/core/test_hex2strserialization.cpp (ext=.cpp, size=2630)
2025-10-27 09:04:13,041 - Knowledge - INFO - Worker kw12 processing /app/data/tataelxsimcvaripplecode5379/718/b3129g6/Thunder-712/cmake/modules/FindLXC.cmake
2025-10-27 09:04:13,132 - Knowledge - INFO - Fast-tracked /app/data/tataelxsimcvaripplecode5379/718/b3129g6/Thunder-712/Source/messaging/LoggingCategories.h (ext=.h, size=1200)
2025-10-27 09:04:13,254 - Knowledge - INFO - Fast-tracked /app/data/tataelxsimcvaripplecode5379/718/b3129g6/Thunder-712/cmake/config/map/core/map_has.cmake (ext=.cmake, size=380)
2025-10-27 09:04:13,365 - Knowledge - INFO - Worker kw3 processing /app/data/tataelxsimcvaripplecode5379/718/b3129g6/Thunder-712/Source/plugins/SubSystem.h
2025-10-27 09:04:13,465 - Knowledge - INFO - Worker kw4 processing /app/data/tataelxsimcvaripplecode5379/718/b3129g6/Thunder-712/Tests/loader/main.cpp
2025-10-27 09:04:13,547 - Knowledge - INFO - Worker kw5 processing /app/data/tataelxsimcvaripplecode5379/718/b3129g6/Thunder-712/Tests/unit/tests/CMakeLists.txt
2025-10-27 09:04:13,659 - Knowledge - INFO - Fast-tracked /app/data/tataelxsimcvaripplecode5379/718/b3129g6/Thunder-712/cmake/modules/FindLIBRT.cmake (ext=.cmake, size=1502)
2025-10-27 09:04:13,735 - Knowledge - INFO - Fast-tracked /app/data/tataelxsimcvaripplecode5379/718/b3129g6/Thunder-712/cmake/config/map/helpers/map_match.cmake (ext=.cmake, size=1280)
2025-10-27 09:04:13,842 - Knowledge - INFO - Worker kw8 processing /app/data/tataelxsimcvaripplecode5379/718/b3129g6/Thunder-712/cmake/config/map/operations/map_equal_obj.cmake
2025-10-27 09:04:13,912 - Knowledge - INFO - Worker kw9 processing /app/data/tataelxsimcvaripplecode5379/718/b3129g6/Thunder-712/Source/plugins/Channel.cpp
2025-10-27 09:04:13,977 - Knowledge - INFO - Worker kw10 processing /app/data/tataelxsimcvaripplecode5379/718/b3129g6/Thunder-712/docs/plugin/subsystems.md
2025-10-27 09:04:14,056 - Knowledge - INFO - Fast-tracked /app/data/tataelxsimcvaripplecode5379/718/b3129g6/Thunder-712/cmake/modules/FindLXC.cmake (ext=.cmake, size=1825)
2025-10-27 09:04:14,163 - Knowledge - INFO - Worker kw1 processing /app/data/tataelxsimcvaripplecode5379/718/b3129g6/Thunder-712/cmake/config/map/core/map_new.cmake
2025-10-27 09:04:14,238 - Knowledge - INFO - Worker kw2 processing /app/data/tataelxsimcvaripplecode5379/718/b3129g6/Thunder-712/cmake/config/map/core/is_map.cmake
2025-10-27 09:04:14,326 - Knowledge - INFO - Fast-tracked /app/data/tataelxsimcvaripplecode5379/718/b3129g6/Thunder-712/Source/plugins/SubSystem.h (ext=.h, size=864)
2025-10-27 09:04:14,409 - Knowledge - INFO - Fast-tracked /app/data/tataelxsimcvaripplecode5379/718/b3129g6/Thunder-712/Tests/loader/main.cpp (ext=.cpp, size=5089)
2025-10-27 09:04:14,488 - Knowledge - INFO - Fast-tracked /app/data/tataelxsimcvaripplecode5379/718/b3129g6/Thunder-712/Tests/unit/tests/CMakeLists.txt (ext=.txt, size=1187)
2025-10-27 09:04:14,569 - Knowledge - INFO - Worker kw6 processing /app/data/tataelxsimcvaripplecode5379/718/b3129g6/Thunder-712/cmake/config/quickmap/end.cmake
2025-10-27 09:04:14,673 - Knowledge - INFO - Worker kw7 processing /app/data/tataelxsimcvaripplecode5379/718/b3129g6/Thunder-712/docs/utils/threading/worker-pool.md
2025-10-27 09:04:14,802 - Knowledge - INFO - Fast-tracked /app/data/tataelxsimcvaripplecode5379/718/b3129g6/Thunder-712/cmake/config/map/operations/map_equal_obj.cmake (ext=.cmake, size=218)
2025-10-27 09:04:14,904 - Knowledge - INFO - Fast-tracked /app/data/tataelxsimcvaripplecode5379/718/b3129g6/Thunder-712/Source/plugins/Channel.cpp (ext=.cpp, size=1368)
2025-10-27 09:04:14,979 - Knowledge - INFO - Fast-tracked /app/data/tataelxsimcvaripplecode5379/718/b3129g6/Thunder-712/docs/plugin/subsystems.md (ext=.md, size=11413)
2025-10-27 09:04:15,171 - Knowledge - INFO - Fast-tracked /app/data/tataelxsimcvaripplecode5379/718/b3129g6/Thunder-712/cmake/config/map/core/map_new.cmake (ext=.cmake, size=183)
2025-10-27 09:04:15,289 - Knowledge - INFO - Fast-tracked /app/data/tataelxsimcvaripplecode5379/718/b3129g6/Thunder-712/cmake/config/map/core/is_map.cmake (ext=.cmake, size=279)
2025-10-27 09:04:15,369 - Knowledge - INFO - Worker kw3 processing /app/data/tataelxsimcvaripplecode5379/718/b3129g6/Thunder-712/Tests/loader/CMakeLists.txt
2025-10-27 09:04:15,480 - Knowledge - INFO - Worker kw4 processing /app/data/tataelxsimcvaripplecode5379/718/b3129g6/Thunder-712/Source/plugins/VirtualInput.h
2025-10-27 09:04:15,578 - Knowledge - INFO - Worker kw5 processing /app/data/tataelxsimcvaripplecode5379/718/b3129g6/Thunder-712/Tests/httpsclient/CMakeLists.txt
2025-10-27 09:04:15,673 - Knowledge - INFO - Fast-tracked /app/data/tataelxsimcvaripplecode5379/718/b3129g6/Thunder-712/cmake/config/quickmap/end.cmake (ext=.cmake, size=509)
2025-10-27 09:04:15,791 - Knowledge - INFO - Fast-tracked /app/data/tataelxsimcvaripplecode5379/718/b3129g6/Thunder-712/docs/utils/threading/worker-pool.md (ext=.md, size=15319)
2025-10-27 09:04:15,906 - Knowledge - INFO - Worker kw8 processing /app/data/tataelxsimcvaripplecode5379/718/b3129g6/Thunder-712/Source/websocket/websocket.h
2025-10-27 09:04:16,007 - Knowledge - INFO - Worker kw9 processing /app/data/tataelxsimcvaripplecode5379/718/b3129g6/Thunder-712/Source/com/ProxyStubs.h
2025-10-27 09:04:16,103 - Knowledge - INFO - Worker kw10 processing /app/data/tataelxsimcvaripplecode5379/718/b3129g6/Thunder-712/Source/WPEFramework/Probe.h
2025-10-27 09:04:16,241 - Knowledge - INFO - Worker kw1 processing /app/data/tataelxsimcvaripplecode5379/718/b3129g6/Thunder-712/cmake/config/map/helpers/map_set_default.cmake
2025-10-27 09:04:16,354 - Knowledge - INFO - Worker kw2 processing /app/data/tataelxsimcvaripplecode5379/718/b3129g6/Thunder-712/cmake/config/map/core/map_remove_item.cmake
2025-10-27 09:04:16,450 - Knowledge - INFO - Fast-tracked /app/data/tataelxsimcvaripplecode5379/718/b3129g6/Thunder-712/Tests/loader/CMakeLists.txt (ext=.txt, size=1110)
2025-10-27 09:04:16,560 - Knowledge - INFO - Worker kw4 processing /app/data/tataelxsimcvaripplecode5379/718/b3129g6/Thunder-712/cmake/config/map/helpers/map_flatten.cmake
2025-10-27 09:04:16,674 - Knowledge - INFO - Fast-tracked /app/data/tataelxsimcvaripplecode5379/718/b3129g6/Thunder-712/Tests/httpsclient/CMakeLists.txt (ext=.txt, size=458)
2025-10-27 09:04:16,772 - Knowledge - INFO - Worker kw6 processing /app/data/tataelxsimcvaripplecode5379/718/b3129g6/Thunder-712/Source/extensions/warningreporting/Module.cpp
2025-10-27 09:04:16,842 - Knowledge - INFO - Worker kw7 processing /app/data/tataelxsimcvaripplecode5379/718/b3129g6/Thunder-712/cmake/config/core/return/ans.cmake
2025-10-27 09:04:16,954 - Knowledge - INFO - Fast-tracked /app/data/tataelxsimcvaripplecode5379/718/b3129g6/Thunder-712/Source/websocket/websocket.h (ext=.h, size=1155)
2025-10-27 09:04:17,037 - Knowledge - INFO - Fast-tracked /app/data/tataelxsimcvaripplecode5379/718/b3129g6/Thunder-712/Source/com/ProxyStubs.h (ext=.h, size=1097)
2025-10-27 09:04:17,137 - Knowledge - INFO - Worker kw10 processing /app/data/tataelxsimcvaripplecode5379/718/b3129g6/Thunder-712/cmake/config/events/event_handler.cmake
2025-10-27 09:04:17,217 - Knowledge - INFO - Fast-tracked /app/data/tataelxsimcvaripplecode5379/718/b3129g6/Thunder-712/cmake/config/map/helpers/map_set_default.cmake (ext=.cmake, size=344)
2025-10-27 09:04:17,331 - Knowledge - INFO - Fast-tracked /app/data/tataelxsimcvaripplecode5379/718/b3129g6/Thunder-712/cmake/config/map/core/map_remove_item.cmake (ext=.cmake, size=330)
2025-10-27 09:04:17,407 - Knowledge - INFO - Worker kw3 processing /app/data/tataelxsimcvaripplecode5379/718/b3129g6/Thunder-712/Source/core/ISO639.cpp
2025-10-27 09:04:17,513 - Knowledge - INFO - Fast-tracked /app/data/tataelxsimcvaripplecode5379/718/b3129g6/Thunder-712/cmake/config/map/helpers/map_flatten.cmake (ext=.cmake, size=171)
2025-10-27 09:04:17,602 - Knowledge - INFO - Worker kw5 processing /app/data/tataelxsimcvaripplecode5379/718/b3129g6/Thunder-712/Source/core/IIterator.h
2025-10-27 09:04:17,727 - Knowledge - INFO - Fast-tracked /app/data/tataelxsimcvaripplecode5379/718/b3129g6/Thunder-712/Source/extensions/warningreporting/Module.cpp (ext=.cpp, size=779)
2025-10-27 09:04:17,808 - Knowledge - INFO - Fast-tracked /app/data/tataelxsimcvaripplecode5379/718/b3129g6/Thunder-712/cmake/config/core/return/ans.cmake (ext=.cmake, size=382)
2025-10-27 09:04:17,917 - Knowledge - INFO - Worker kw8 processing /app/data/tataelxsimcvaripplecode5379/718/b3129g6/Thunder-712/cmake/config/map/helpers/map_keys_sort.cmake
2025-10-27 09:04:18,037 - Knowledge - INFO - Worker kw9 processing /app/data/tataelxsimcvaripplecode5379/718/b3129g6/Thunder-712/cmake/config/map/helpers/map_pick.cmake
2025-10-27 09:04:18,140 - Knowledge - INFO - Fast-tracked /app/data/tataelxsimcvaripplecode5379/718/b3129g6/Thunder-712/cmake/config/events/event_handler.cmake (ext=.cmake, size=276)
2025-10-27 09:04:18,230 - Knowledge - INFO - Worker kw1 processing /app/data/tataelxsimcvaripplecode5379/718/b3129g6/Thunder-712/Source/plugins/Service.h
2025-10-27 09:04:18,329 - Knowledge - INFO - Worker kw2 processing /app/data/tataelxsimcvaripplecode5379/718/b3129g6/Thunder-712/Source/messaging/MessageClient.cpp
2025-10-27 09:04:18,409 - Knowledge - INFO - Worker kw3 processing /app/data/tataelxsimcvaripplecode5379/718/b3129g6/Thunder-712/cmake/config/map/helpers/map_property_length.cmake
2025-10-27 09:04:18,490 - Knowledge - INFO - Worker kw4 processing /app/data/tataelxsimcvaripplecode5379/718/b3129g6/Thunder-712/Source/cryptalgo/AES.cpp
2025-10-27 09:04:18,592 - Knowledge - INFO - Worker kw5 processing /app/data/tataelxsimcvaripplecode5379/718/b3129g6/Thunder-712/Tests/unit/IPTestAdministrator.h
2025-10-27 09:04:18,675 - Knowledge - INFO - Worker kw6 processing /app/data/tataelxsimcvaripplecode5379/718/b3129g6/Thunder-712/cmake/config.cmake
2025-10-27 09:04:18,767 - Knowledge - INFO - Worker kw7 processing /app/data/tataelxsimcvaripplecode5379/718/b3129g6/Thunder-712/Source/extensions/processcontainers/common/BaseAdministrator.h
2025-10-27 09:04:18,860 - Knowledge - INFO - Fast-tracked /app/data/tataelxsimcvaripplecode5379/718/b3129g6/Thunder-712/cmake/config/map/helpers/map_keys_sort.cmake (ext=.cmake, size=199)
2025-10-27 09:04:18,936 - Knowledge - INFO - Fast-tracked /app/data/tataelxsimcvaripplecode5379/718/b3129g6/Thunder-712/cmake/config/map/helpers/map_pick.cmake (ext=.cmake, size=277)
2025-10-27 09:04:19,034 - Knowledge - INFO - Worker kw10 processing /app/data/tataelxsimcvaripplecode5379/718/b3129g6/Thunder-712/Source/extensions/processcontainers/implementations/CRunImplementation/CRunImplementation.cpp
2025-10-27 09:04:19,120 - Knowledge - INFO - Worker kw1 processing /app/data/tataelxsimcvaripplecode5379/718/b3129g6/Thunder-712/cmake/config/events/event_emit.cmake
2025-10-27 09:04:19,226 - Knowledge - INFO - Worker kw2 processing /app/data/tataelxsimcvaripplecode5379/718/b3129g6/Thunder-712/Source/core/DataElement.h
2025-10-27 09:04:19,301 - Knowledge - INFO - Fast-tracked /app/data/tataelxsimcvaripplecode5379/718/b3129g6/Thunder-712/cmake/config/map/helpers/map_property_length.cmake (ext=.cmake, size=582)
2025-10-27 09:04:19,415 - Knowledge - INFO - Worker kw4 processing /app/data/tataelxsimcvaripplecode5379/718/b3129g6/Thunder-712/Source/extensions/hibernate/CMakeLists.txt
2025-10-27 09:04:19,532 - Knowledge - INFO - Fast-tracked /app/data/tataelxsimcvaripplecode5379/718/b3129g6/Thunder-712/Tests/unit/IPTestAdministrator.h (ext=.h, size=2537)
2025-10-27 09:04:19,615 - Knowledge - INFO - Fast-tracked /app/data/tataelxsimcvaripplecode5379/718/b3129g6/Thunder-712/cmake/config.cmake (ext=.cmake, size=1466)
2025-10-27 09:04:19,740 - Knowledge - INFO - Worker kw7 processing /app/data/tataelxsimcvaripplecode5379/718/b3129g6/Thunder-712/docs/introduction/usage.md
2025-10-27 09:04:19,818 - Knowledge - INFO - Worker kw8 processing /app/data/tataelxsimcvaripplecode5379/718/b3129g6/Thunder-712/Source/WPEFramework/ConfigBuildroot.json
2025-10-27 09:04:19,916 - Knowledge - INFO - Worker kw9 processing /app/data/tataelxsimcvaripplecode5379/718/b3129g6/Thunder-712/cmake/config/quickmap/key.cmake
2025-10-27 09:04:20,011 - Knowledge - INFO - Worker kw10 processing /app/data/tataelxsimcvaripplecode5379/718/b3129g6/Thunder-712/cmake/config/map/helpers/map_fill.cmake
2025-10-27 09:04:20,116 - Knowledge - INFO - Fast-tracked /app/data/tataelxsimcvaripplecode5379/718/b3129g6/Thunder-712/cmake/config/events/event_emit.cmake (ext=.cmake, size=1383)
2025-10-27 09:04:20,240 - Knowledge - INFO - Worker kw2 processing /app/data/tataelxsimcvaripplecode5379/718/b3129g6/Thunder-712/Source/core/MessageException.h
2025-10-27 09:04:20,308 - Knowledge - INFO - Worker kw3 processing /app/data/tataelxsimcvaripplecode5379/718/b3129g6/Thunder-712/Source/WPEFramework/ExampleConfigWindows.json
2025-10-27 09:04:20,400 - Knowledge - INFO - Fast-tracked /app/data/tataelxsimcvaripplecode5379/718/b3129g6/Thunder-712/Source/extensions/hibernate/CMakeLists.txt (ext=.txt, size=2447)
2025-10-27 09:04:20,527 - Knowledge - INFO - Worker kw5 processing /app/data/tataelxsimcvaripplecode5379/718/b3129g6/Thunder-712/docs/plugin/intro.md
2025-10-27 09:04:20,616 - Knowledge - INFO - Worker kw6 processing /app/data/tataelxsimcvaripplecode5379/718/b3129g6/Thunder-712/Source/websocket/JSONWebToken.h
2025-10-27 09:04:20,714 - Knowledge - INFO - Fast-tracked /app/data/tataelxsimcvaripplecode5379/718/b3129g6/Thunder-712/docs/introduction/usage.md (ext=.md, size=5644)
2025-10-27 09:04:20,826 - Knowledge - INFO - Fast-tracked /app/data/tataelxsimcvaripplecode5379/718/b3129g6/Thunder-712/Source/WPEFramework/ConfigBuildroot.json (ext=.json, size=638)
2025-10-27 09:04:20,915 - Knowledge - INFO - Fast-tracked /app/data/tataelxsimcvaripplecode5379/718/b3129g6/Thunder-712/cmake/config/quickmap/key.cmake (ext=.cmake, size=890)
2025-10-27 09:04:20,987 - Knowledge - INFO - Fast-tracked /app/data/tataelxsimcvaripplecode5379/718/b3129g6/Thunder-712/cmake/config/map/helpers/map_fill.cmake (ext=.cmake, size=413)
2025-10-27 09:04:21,096 - Knowledge - INFO - Worker kw1 processing /app/data/tataelxsimcvaripplecode5379/718/b3129g6/Thunder-712/Source/websocket/WebLink.h
2025-10-27 09:04:21,178 - Knowledge - INFO - Fast-tracked /app/data/tataelxsimcvaripplecode5379/718/b3129g6/Thunder-712/Source/core/MessageException.h (ext=.h, size=1311)
2025-10-27 09:04:21,304 - Knowledge - INFO - Fast-tracked /app/data/tataelxsimcvaripplecode5379/718/b3129g6/Thunder-712/Source/WPEFramework/ExampleConfigWindows.json (ext=.json, size=15493)
2025-10-27 09:04:21,380 - Knowledge - INFO - Worker kw4 processing /app/data/tataelxsimcvaripplecode5379/718/b3129g6/Thunder-712/docs/plugin/execution-modes.md
2025-10-27 09:04:21,504 - Knowledge - INFO - Fast-tracked /app/data/tataelxsimcvaripplecode5379/718/b3129g6/Thunder-712/docs/plugin/intro.md (ext=.md, size=1457)
2025-10-27 09:04:21,583 - Knowledge - INFO - Fast-tracked /app/data/tataelxsimcvaripplecode5379/718/b3129g6/Thunder-712/Source/websocket/JSONWebToken.h (ext=.h, size=1615)
2025-10-27 09:04:21,704 - Knowledge - INFO - Worker kw7 processing /app/data/tataelxsimcvaripplecode5379/718/b3129g6/Thunder-712/Source/extensions/processcontainers/implementations/AWCImplementation/AWCImplementation.cpp
2025-10-27 09:04:21,780 - Knowledge - INFO - Worker kw8 processing /app/data/tataelxsimcvaripplecode5379/718/b3129g6/Thunder-712/Source/core/FileSystem.h
2025-10-27 09:04:21,855 - Knowledge - INFO - Worker kw9 processing /app/data/tataelxsimcvaripplecode5379/718/b3129g6/Thunder-712/Source/extensions/processcontainers/Messaging.h
2025-10-27 09:04:21,936 - Knowledge - INFO - Worker kw10 processing /app/data/tataelxsimcvaripplecode5379/718/b3129g6/Thunder-712/Source/plugins/System.cpp
2025-10-27 09:04:22,024 - Knowledge - INFO - Worker kw1 processing /app/data/tataelxsimcvaripplecode5379/718/b3129g6/Thunder-712/cmake/config/map/helpers/map_path_set.cmake
2025-10-27 09:04:22,137 - Knowledge - INFO - Worker kw2 processing /app/data/tataelxsimcvaripplecode5379/718/b3129g6/Thunder-712/cmake/config/filesystem/path/path_vary.cmake
2025-10-27 09:04:22,226 - Knowledge - INFO - Worker kw3 processing /app/data/tataelxsimcvaripplecode5379/718/b3129g6/Thunder-712/Source/core/TextReader.h
2025-10-27 09:04:22,325 - Knowledge - INFO - Fast-tracked /app/data/tataelxsimcvaripplecode5379/718/b3129g6/Thunder-712/docs/plugin/execution-modes.md (ext=.md, size=7410)
2025-10-27 09:04:22,409 - Knowledge - INFO - Worker kw5 processing /app/data/tataelxsimcvaripplecode5379/718/b3129g6/Thunder-712/cmake/config/core/require.cmake
2025-10-27 09:04:22,485 - Knowledge - INFO - Worker kw6 processing /app/data/tataelxsimcvaripplecode5379/718/b3129g6/Thunder-712/Source/core/IAction.h
2025-10-27 09:04:22,581 - Knowledge - INFO - Worker kw7 processing /app/data/tataelxsimcvaripplecode5379/718/b3129g6/Thunder-712/Source/extensions/CMakeLists.txt
2025-10-27 09:04:22,708 - Knowledge - INFO - Worker kw8 processing /app/data/tataelxsimcvaripplecode5379/718/b3129g6/Thunder-712/Utils/PluginActivator/source/Log.h
2025-10-27 09:04:22,799 - Knowledge - INFO - Worker kw9 processing /app/data/tataelxsimcvaripplecode5379/718/b3129g6/Thunder-712/Source/extensions/processcontainers/implementations/AWCImplementation/AWC.cpp
2025-10-27 09:04:22,868 - Knowledge - INFO - Fast-tracked /app/data/tataelxsimcvaripplecode5379/718/b3129g6/Thunder-712/Source/plugins/System.cpp (ext=.cpp, size=1429)
2025-10-27 09:04:22,968 - Knowledge - INFO - Fast-tracked /app/data/tataelxsimcvaripplecode5379/718/b3129g6/Thunder-712/cmake/config/map/helpers/map_path_set.cmake (ext=.cmake, size=284)
2025-10-27 09:04:23,086 - Knowledge - INFO - Fast-tracked /app/data/tataelxsimcvaripplecode5379/718/b3129g6/Thunder-712/cmake/config/filesystem/path/path_vary.cmake (ext=.cmake, size=636)
2025-10-27 09:04:23,165 - Knowledge - INFO - Worker kw3 processing /app/data/tataelxsimcvaripplecode5379/718/b3129g6/Thunder-712/cmake/config/ref/address_type_get.cmake
2025-10-27 09:04:23,237 - Knowledge - INFO - Worker kw4 processing /app/data/tataelxsimcvaripplecode5379/718/b3129g6/Thunder-712/Source/core/SerialPort.cpp
2025-10-27 09:04:23,352 - Knowledge - INFO - Fast-tracked /app/data/tataelxsimcvaripplecode5379/718/b3129g6/Thunder-712/cmake/config/core/require.cmake (ext=.cmake, size=230)
2025-10-27 09:04:23,430 - Knowledge - INFO - Fast-tracked /app/data/tataelxsimcvaripplecode5379/718/b3129g6/Thunder-712/Source/core/IAction.h (ext=.h, size=1438)
2025-10-27 09:04:23,527 - Knowledge - INFO - Fast-tracked /app/data/tataelxsimcvaripplecode5379/718/b3129g6/Thunder-712/Source/extensions/CMakeLists.txt (ext=.txt, size=1445)
2025-10-27 09:04:23,600 - Knowledge - INFO - Worker kw8 processing /app/data/tataelxsimcvaripplecode5379/718/b3129g6/Thunder-712/cmake/config/map/helpers/map_omit_regex.cmake
2025-10-27 09:04:23,700 - Knowledge - INFO - Fast-tracked /app/data/tataelxsimcvaripplecode5379/718/b3129g6/Thunder-712/Source/extensions/processcontainers/implementations/AWCImplementation/AWC.cpp (ext=.cpp, size=1784)
2025-10-27 09:04:23,784 - Knowledge - INFO - Worker kw10 processing /app/data/tataelxsimcvaripplecode5379/718/b3129g6/Thunder-712/Tests/unit/core/CMakeLists.txt
2025-10-27 09:04:23,899 - Knowledge - INFO - Worker kw1 processing /app/data/tataelxsimcvaripplecode5379/718/b3129g6/Thunder-712/Source/com/IUnknown.cpp
2025-10-27 09:04:23,977 - Knowledge - INFO - Worker kw2 processing /app/data/tataelxsimcvaripplecode5379/718/b3129g6/Thunder-712/cmake/config/map/core/map_set.cmake
2025-10-27 09:04:24,059 - Knowledge - INFO - Fast-tracked /app/data/tataelxsimcvaripplecode5379/718/b3129g6/Thunder-712/cmake/config/ref/address_type_get.cmake (ext=.cmake, size=176)
2025-10-27 09:04:24,162 - Knowledge - INFO - Worker kw4 processing /app/data/tataelxsimcvaripplecode5379/718/b3129g6/Thunder-712/Source/core/Library.cpp
2025-10-27 09:04:24,234 - Knowledge - INFO - Worker kw5 processing /app/data/tataelxsimcvaripplecode5379/718/b3129g6/Thunder-712/Tests/unit/core/test_lockablecontainer.cpp
2025-10-27 09:04:24,314 - Knowledge - INFO - Worker kw6 processing /app/data/tataelxsimcvaripplecode5379/718/b3129g6/Thunder-712/cmake/config/ref/address_get.cmake
2025-10-27 09:04:24,423 - Knowledge - INFO - Worker kw7 processing /app/data/tataelxsimcvaripplecode5379/718/b3129g6/Thunder-712/Source/core/JSONRPC.h
2025-10-27 09:04:24,518 - Knowledge - INFO - Fast-tracked /app/data/tataelxsimcvaripplecode5379/718/b3129g6/Thunder-712/cmake/config/map/helpers/map_omit_regex.cmake (ext=.cmake, size=415)
2025-10-27 09:04:24,635 - Knowledge - INFO - Worker kw9 processing /app/data/tataelxsimcvaripplecode5379/718/b3129g6/Thunder-712/Source/plugins/IDispatcher.h
2025-10-27 09:04:24,737 - Knowledge - INFO - Fast-tracked /app/data/tataelxsimcvaripplecode5379/718/b3129g6/Thunder-712/Tests/unit/core/CMakeLists.txt (ext=.txt, size=3159)
2025-10-27 09:04:24,813 - Knowledge - INFO - Worker kw1 processing /app/data/tataelxsimcvaripplecode5379/718/b3129g6/Thunder-712/Utils/PluginActivator/README.md
2025-10-27 09:04:24,951 - Knowledge - INFO - Fast-tracked /app/data/tataelxsimcvaripplecode5379/718/b3129g6/Thunder-712/cmake/config/map/core/map_set.cmake (ext=.cmake, size=346)
2025-10-27 09:04:25,031 - Knowledge - INFO - Worker kw3 processing /app/data/tataelxsimcvaripplecode5379/718/b3129g6/Thunder-712/cmake/config/formats/json/json4.cmake
2025-10-27 09:04:25,366 - Knowledge - INFO - Worker kw4 processing /app/data/tataelxsimcvaripplecode5379/718/b3129g6/Thunder-712/Source/CMakeLists.txt
2025-10-27 09:04:25,547 - Knowledge - INFO - Fast-tracked /app/data/tataelxsimcvaripplecode5379/718/b3129g6/Thunder-712/Tests/unit/core/test_lockablecontainer.cpp (ext=.cpp, size=1506)
2025-10-27 09:04:25,604 - Knowledge - INFO - Fast-tracked /app/data/tataelxsimcvaripplecode5379/718/b3129g6/Thunder-712/cmake/config/ref/address_get.cmake (ext=.cmake, size=216)
2025-10-27 09:04:25,694 - Knowledge - INFO - Worker kw7 processing /app/data/tataelxsimcvaripplecode5379/718/b3129g6/Thunder-712/cmake/modules/FindSlauncher.cmake
2025-10-27 09:04:25,818 - Knowledge - INFO - Worker kw8 processing /app/data/tataelxsimcvaripplecode5379/718/b3129g6/Thunder-712/Tests/unit/core/test_iterator.cpp
2025-10-27 09:04:25,905 - Knowledge - INFO - Worker kw9 processing /app/data/tataelxsimcvaripplecode5379/718/b3129g6/Thunder-712/Source/core/Serialization.cpp
2025-10-27 09:04:26,030 - Knowledge - INFO - Worker kw10 processing /app/data/tataelxsimcvaripplecode5379/718/b3129g6/Thunder-712/Tests/unit/tests/test_iptestmanager.cpp
2025-10-27 09:04:26,239 - Knowledge - INFO - Fast-tracked /app/data/tataelxsimcvaripplecode5379/718/b3129g6/Thunder-712/Utils/PluginActivator/README.md (ext=.md, size=713)
2025-10-27 09:04:26,348 - Knowledge - INFO - Worker kw2 processing /app/data/tataelxsimcvaripplecode5379/718/b3129g6/Thunder-712/cmake/modules/FindBreakpad.cmake
2025-10-27 09:04:26,587 - Knowledge - INFO - Worker kw3 processing /app/data/tataelxsimcvaripplecode5379/718/b3129g6/Thunder-712/Source/websocket/WebTransform.h
2025-10-27 09:04:26,923 - Knowledge - INFO - Fast-tracked /app/data/tataelxsimcvaripplecode5379/718/b3129g6/Thunder-712/Source/CMakeLists.txt (ext=.txt, size=3544)
2025-10-27 09:04:26,949 - Knowledge - INFO - Worker kw5 processing /app/data/tataelxsimcvaripplecode5379/718/b3129g6/Thunder-712/Source/core/ResourceMonitor.cpp
2025-10-27 09:04:28,617 - Knowledge - INFO - Worker kw1 processing /app/data/tataelxsimcvaripplecode5379/718/b3129g6/Thunder-712/Source/messaging/MessageUnit.h
2025-10-27 09:04:27,423 - Knowledge - INFO - Fast-tracked /app/data/tataelxsimcvaripplecode5379/718/b3129g6/Thunder-712/cmake/modules/FindSlauncher.cmake (ext=.cmake, size=1747)
2025-10-27 09:04:27,538 - Knowledge - INFO - Fast-tracked /app/data/tataelxsimcvaripplecode5379/718/b3129g6/Thunder-712/Tests/unit/core/test_iterator.cpp (ext=.cpp, size=4349)
2025-10-27 09:04:28,064 - Knowledge - INFO - Worker kw9 processing /app/data/tataelxsimcvaripplecode5379/718/b3129g6/Thunder-712/Source/core/TypeTraits.h
2025-10-27 09:04:28,108 - Knowledge - INFO - Fast-tracked /app/data/tataelxsimcvaripplecode5379/718/b3129g6/Thunder-712/Tests/unit/tests/test_iptestmanager.cpp (ext=.cpp, size=1158)
2025-10-27 09:04:27,142 - Knowledge - INFO - Worker kw6 processing /app/data/tataelxsimcvaripplecode5379/718/b3129g6/Thunder-712/Source/extensions/processcontainers/implementations/LXCImplementation/LXCImplementation.cpp
2025-10-27 09:04:28,792 - Knowledge - INFO - Worker kw2 processing /app/data/tataelxsimcvaripplecode5379/718/b3129g6/Thunder-712/Source/core/DataElementFile.h
2025-10-27 09:04:29,162 - Knowledge - INFO - Fast-tracked /app/data/tataelxsimcvaripplecode5379/718/b3129g6/Thunder-712/Source/websocket/WebTransform.h (ext=.h, size=1127)
2025-10-27 09:04:29,494 - Knowledge - INFO - Worker kw4 processing /app/data/tataelxsimcvaripplecode5379/718/b3129g6/Thunder-712/Source/WPEFramework/scripts/CMakeLists.txt
2025-10-27 09:04:29,543 - Knowledge - INFO - [LLM_CALL] Completed: IPCMessage.h:chunk1, Duration: 15045ms, PromptTokens: 45182, CompletionTokens: 3338, Cost: $0.00000
2025-10-27 09:04:29,637 - Knowledge - INFO - Fast-tracked /app/data/tataelxsimcvaripplecode5379/718/b3129g6/Thunder-712/Source/core/ResourceMonitor.cpp (ext=.cpp, size=1464)
2025-10-27 09:04:29,849 - Knowledge - INFO - Worker kw1 processing /app/data/tataelxsimcvaripplecode5379/718/b3129g6/Thunder-712/Source/extensions/hibernate/hibernate.h
2025-10-27 09:04:29,926 - Knowledge - INFO - Worker kw7 processing /app/data/tataelxsimcvaripplecode5379/718/b3129g6/Thunder-712/Source/core/DataElement.cpp
2025-10-27 09:04:30,058 - Knowledge - INFO - Worker kw8 processing /app/data/tataelxsimcvaripplecode5379/718/b3129g6/Thunder-712/Source/WPEFramework/Controller.h
2025-10-27 09:04:30,429 - Knowledge - INFO - Worker kw6 processing /app/data/tataelxsimcvaripplecode5379/718/b3129g6/Thunder-712/Tests/unit/core/test_synchronize.cpp
2025-10-27 09:04:30,713 - Knowledge - INFO - Worker kw2 processing /app/data/tataelxsimcvaripplecode5379/718/b3129g6/Thunder-712/cmake/config/map/operations/map_clone.cmake
2025-10-27 09:04:30,714 - Knowledge - INFO - Worker kw3 processing /app/data/tataelxsimcvaripplecode5379/718/b3129g6/Thunder-712/Source/core/FileObserver.h
2025-10-27 09:04:30,955 - Knowledge - INFO - Fast-tracked /app/data/tataelxsimcvaripplecode5379/718/b3129g6/Thunder-712/Source/WPEFramework/scripts/CMakeLists.txt (ext=.txt, size=2036)
2025-10-27 09:04:31,026 - Knowledge - INFO - done ingest for /app/data/tataelxsimcvaripplecode5379/718/b3129g6/Thunder-712/Source/core/IPCMessage.h
2025-10-27 09:04:31,530 - Knowledge - INFO - Worker kw5 processing /app/data/tataelxsimcvaripplecode5379/718/b3129g6/Thunder-712/cmake/config/events/event_get.cmake
2025-10-27 09:04:31,911 - Knowledge - INFO - Fast-tracked /app/data/tataelxsimcvaripplecode5379/718/b3129g6/Thunder-712/Source/extensions/hibernate/hibernate.h (ext=.h, size=1224)
2025-10-27 09:04:32,035 - Knowledge - INFO - Worker kw7 processing /app/data/tataelxsimcvaripplecode5379/718/b3129g6/Thunder-712/cmake/config/map/helpers/map_capture_new.cmake
2025-10-27 09:04:32,296 - Knowledge - INFO - Worker kw8 processing /app/data/tataelxsimcvaripplecode5379/718/b3129g6/Thunder-712/cmake/config/events/event_new.cmake
2025-10-27 09:04:32,465 - Knowledge - INFO - Fast-tracked /app/data/tataelxsimcvaripplecode5379/718/b3129g6/Thunder-712/Tests/unit/core/test_synchronize.cpp (ext=.cpp, size=1825)
2025-10-27 09:04:32,574 - Knowledge - INFO - Fast-tracked /app/data/tataelxsimcvaripplecode5379/718/b3129g6/Thunder-712/cmake/config/map/operations/map_clone.cmake (ext=.cmake, size=300)
2025-10-27 09:04:33,064 - Knowledge - INFO - Worker kw3 processing /app/data/tataelxsimcvaripplecode5379/718/b3129g6/Thunder-712/cmake/config/map/helpers/map_promote.cmake
2025-10-27 09:04:33,064 - Knowledge - INFO - Worker kw4 processing /app/data/tataelxsimcvaripplecode5379/718/b3129g6/Thunder-712/Source/core/TokenizedStringList.h
2025-10-27 09:04:33,369 - Knowledge - INFO - Fast-tracked /app/data/tataelxsimcvaripplecode5379/718/b3129g6/Thunder-712/cmake/config/events/event_get.cmake (ext=.cmake, size=342)
2025-10-27 09:04:33,614 - Knowledge - INFO - Worker kw1 processing /app/data/tataelxsimcvaripplecode5379/718/b3129g6/Thunder-712/cmake/config/map/operations/map_issubsetof.cmake
2025-10-27 09:04:33,838 - Knowledge - INFO - Fast-tracked /app/data/tataelxsimcvaripplecode5379/718/b3129g6/Thunder-712/cmake/config/map/helpers/map_capture_new.cmake (ext=.cmake, size=371)
2025-10-27 09:04:34,070 - Knowledge - INFO - Worker kw8 processing /app/data/tataelxsimcvaripplecode5379/718/b3129g6/Thunder-712/docs/plugin/messaging.md
2025-10-27 09:04:34,516 - Knowledge - INFO - Worker kw6 processing /app/data/tataelxsimcvaripplecode5379/718/b3129g6/Thunder-712/cmake/config/map/core/map_tryget.cmake
2025-10-27 09:04:34,629 - Knowledge - INFO - Worker kw2 processing /app/data/tataelxsimcvaripplecode5379/718/b3129g6/Thunder-712/cmake/config/formats/json/json_escape.cmake
2025-10-27 09:04:34,808 - Knowledge - INFO - Fast-tracked /app/data/tataelxsimcvaripplecode5379/718/b3129g6/Thunder-712/cmake/config/map/helpers/map_promote.cmake (ext=.cmake, size=382)
2025-10-27 09:04:35,003 - Knowledge - INFO - Worker kw4 processing /app/data/tataelxsimcvaripplecode5379/718/b3129g6/Thunder-712/Source/core/AccessControl.h
2025-10-27 09:04:35,051 - Knowledge - INFO - Worker kw5 processing /app/data/tataelxsimcvaripplecode5379/718/b3129g6/Thunder-712/cmake/config/map/operations/map_foreach.cmake
2025-10-27 09:04:35,211 - Knowledge - INFO - Fast-tracked /app/data/tataelxsimcvaripplecode5379/718/b3129g6/Thunder-712/cmake/config/map/operations/map_issubsetof.cmake (ext=.cmake, size=829)
2025-10-27 09:04:35,335 - Knowledge - INFO - Worker kw7 processing /app/data/tataelxsimcvaripplecode5379/718/b3129g6/Thunder-712/cmake/config/map/helpers/map_partial.cmake
2025-10-27 09:04:35,455 - Knowledge - INFO - Fast-tracked /app/data/tataelxsimcvaripplecode5379/718/b3129g6/Thunder-712/docs/plugin/messaging.md (ext=.md, size=49911)
2025-10-27 09:04:35,602 - Knowledge - INFO - Fast-tracked /app/data/tataelxsimcvaripplecode5379/718/b3129g6/Thunder-712/cmake/config/map/core/map_tryget.cmake (ext=.cmake, size=439)
2025-10-27 09:04:35,848 - Knowledge - INFO - Fast-tracked /app/data/tataelxsimcvaripplecode5379/718/b3129g6/Thunder-712/cmake/config/formats/json/json_escape.cmake (ext=.cmake, size=470)
2025-10-27 09:04:35,861 - Knowledge - INFO - Worker kw3 processing /app/data/tataelxsimcvaripplecode5379/718/b3129g6/Thunder-712/cmake/config/map/core/map_get_special.cmake
2025-10-27 09:04:36,169 - Knowledge - INFO - Worker kw4 processing /app/data/tataelxsimcvaripplecode5379/718/b3129g6/Thunder-712/Source/core/NodeId.h
2025-10-27 09:04:36,225 - Knowledge - INFO - Fast-tracked /app/data/tataelxsimcvaripplecode5379/718/b3129g6/Thunder-712/cmake/config/map/operations/map_foreach.cmake (ext=.cmake, size=373)
2025-10-27 09:04:36,381 - Knowledge - INFO - Worker kw1 processing /app/data/tataelxsimcvaripplecode5379/718/b3129g6/Thunder-712/Tests/unit/core/test_time.cpp
2025-10-27 09:04:36,391 - Knowledge - INFO - [LLM_CALL] Completed: StreamText.h:chunk1, Duration: 21325ms, PromptTokens: 56216, CompletionTokens: 3839, Cost: $0.00000
2025-10-27 09:04:36,711 - Knowledge - INFO - Fast-tracked /app/data/tataelxsimcvaripplecode5379/718/b3129g6/Thunder-712/cmake/config/map/helpers/map_partial.cmake (ext=.cmake, size=379)
2025-10-27 09:04:36,745 - Knowledge - INFO - Worker kw8 processing /app/data/tataelxsimcvaripplecode5379/718/b3129g6/Thunder-712/Source/extensions/localtracer/example/CMakeLists.txt
2025-10-27 09:04:36,864 - Knowledge - INFO - Worker kw6 processing /app/data/tataelxsimcvaripplecode5379/718/b3129g6/Thunder-712/Source/com/Module.cpp
2025-10-27 09:04:37,046 - Knowledge - INFO - Worker kw2 processing /app/data/tataelxsimcvaripplecode5379/718/b3129g6/Thunder-712/cmake/config/map/helpers/map_unpack.cmake
2025-10-27 09:04:37,659 - Knowledge - INFO - Fast-tracked /app/data/tataelxsimcvaripplecode5379/718/b3129g6/Thunder-712/cmake/config/map/core/map_get_special.cmake (ext=.cmake, size=368)
2025-10-27 09:04:37,677 - Knowledge - INFO - Worker kw4 processing /app/data/tataelxsimcvaripplecode5379/718/b3129g6/Thunder-712/docs/introduction/repos.md
2025-10-27 09:04:37,782 - Knowledge - INFO - Worker kw5 processing /app/data/tataelxsimcvaripplecode5379/718/b3129g6/Thunder-712/Tests/unit/core/test_tristate.cpp
2025-10-27 09:04:37,927 - Knowledge - INFO - Fast-tracked /app/data/tataelxsimcvaripplecode5379/718/b3129g6/Thunder-712/Tests/unit/core/test_time.cpp (ext=.cpp, size=82939)
2025-10-27 09:04:38,030 - Knowledge - INFO - done ingest for /app/data/tataelxsimcvaripplecode5379/718/b3129g6/Thunder-712/Source/core/StreamText.h
2025-10-27 09:04:38,151 - Knowledge - INFO - Worker kw7 processing /app/data/tataelxsimcvaripplecode5379/718/b3129g6/Thunder-712/Source/core/MessageException.cpp
2025-10-27 09:04:38,332 - Knowledge - INFO - Fast-tracked /app/data/tataelxsimcvaripplecode5379/718/b3129g6/Thunder-712/Source/extensions/localtracer/example/CMakeLists.txt (ext=.txt, size=322)
2025-10-27 09:04:38,432 - Knowledge - INFO - [LLM_CALL] Completed: SharedBuffer.h:chunk1, Duration: 21324ms, PromptTokens: 60188, CompletionTokens: 4497, Cost: $0.00000
2025-10-27 09:04:38,442 - Knowledge - INFO - Fast-tracked /app/data/tataelxsimcvaripplecode5379/718/b3129g6/Thunder-712/Source/com/Module.cpp (ext=.cpp, size=777)
2025-10-27 09:04:38,523 - Knowledge - INFO - Fast-tracked /app/data/tataelxsimcvaripplecode5379/718/b3129g6/Thunder-712/cmake/config/map/helpers/map_unpack.cmake (ext=.cmake, size=473)
2025-10-27 09:04:38,602 - Knowledge - INFO - Worker kw3 processing /app/data/tataelxsimcvaripplecode5379/718/b3129g6/Thunder-712/Source/core/RequestResponse.h
2025-10-27 09:04:38,679 - Knowledge - INFO - Fast-tracked /app/data/tataelxsimcvaripplecode5379/718/b3129g6/Thunder-712/docs/introduction/repos.md (ext=.md, size=3072)
2025-10-27 09:04:38,770 - Knowledge - INFO - Fast-tracked /app/data/tataelxsimcvaripplecode5379/718/b3129g6/Thunder-712/Tests/unit/core/test_tristate.cpp (ext=.cpp, size=1424)
2025-10-27 09:04:38,864 - Knowledge - INFO - Worker kw1 processing /app/data/tataelxsimcvaripplecode5379/718/b3129g6/Thunder-712/cmake/config/ref/address_delete.cmake
2025-10-27 09:04:39,452 - Knowledge - INFO - Fast-tracked /app/data/tataelxsimcvaripplecode5379/718/b3129g6/Thunder-712/Source/core/MessageException.cpp (ext=.cpp, size=1364)
2025-10-27 09:04:39,464 - Knowledge - INFO - Worker kw8 processing /app/data/tataelxsimcvaripplecode5379/718/b3129g6/Thunder-712/Source/plugins/MetaData.cpp
2025-10-27 09:04:40,390 - Knowledge - INFO - done ingest for /app/data/tataelxsimcvaripplecode5379/718/b3129g6/Thunder-712/Source/core/SharedBuffer.h
2025-10-27 09:04:40,522 - Knowledge - INFO - Worker kw6 processing /app/data/tataelxsimcvaripplecode5379/718/b3129g6/Thunder-712/Source/plugins/IControllerDeprecated.h
2025-10-27 09:04:40,549 - Knowledge - INFO - [LLM_CALL] Completed: Configuration.h:chunk1, Duration: 19187ms, PromptTokens: 66972, CompletionTokens: 5119, Cost: $0.00000
2025-10-27 09:04:40,617 - Knowledge - INFO - Worker kw2 processing /app/data/tataelxsimcvaripplecode5379/718/b3129g6/Thunder-712/cmake/config/formats/json/json.cmake
2025-10-27 09:04:40,743 - Knowledge - INFO - Worker kw3 processing /app/data/tataelxsimcvaripplecode5379/718/b3129g6/Thunder-712/Source/core/Parser.cpp
2025-10-27 09:04:40,818 - Knowledge - INFO - Worker kw4 processing /app/data/tataelxsimcvaripplecode5379/718/b3129g6/Thunder-712/Source/core/Thread.cpp
2025-10-27 09:04:40,919 - Knowledge - INFO - Worker kw5 processing /app/data/tataelxsimcvaripplecode5379/718/b3129g6/Thunder-712/cmake/config/map/helpers/map_match_properties.cmake
2025-10-27 09:04:41,010 - Knowledge - INFO - Fast-tracked /app/data/tataelxsimcvaripplecode5379/718/b3129g6/Thunder-712/cmake/config/ref/address_delete.cmake (ext=.cmake, size=83)
2025-10-27 09:04:41,132 - Knowledge - INFO - Worker kw7 processing /app/data/tataelxsimcvaripplecode5379/718/b3129g6/Thunder-712/Tests/unit/core/test_databuffer.cpp
2025-10-27 09:04:41,251 - Knowledge - INFO - Worker kw8 processing /app/data/tataelxsimcvaripplecode5379/718/b3129g6/Thunder-712/Source/messaging/TraceControl.h
2025-10-27 09:04:42,011 - Knowledge - INFO - done ingest for /app/data/tataelxsimcvaripplecode5379/718/b3129g6/Thunder-712/Source/plugins/Configuration.h
2025-10-27 09:04:42,075 - Knowledge - INFO - Fast-tracked /app/data/tataelxsimcvaripplecode5379/718/b3129g6/Thunder-712/Source/plugins/IControllerDeprecated.h (ext=.h, size=1499)
2025-10-27 09:04:42,221 - Knowledge - INFO - Worker kw2 processing /app/data/tataelxsimcvaripplecode5379/718/b3129g6/Thunder-712/Source/extensions/processcontainers/implementations/AWCImplementation/AWCImplementation.h
2025-10-27 09:04:42,337 - Knowledge - INFO - Worker kw3 processing /app/data/tataelxsimcvaripplecode5379/718/b3129g6/Thunder-712/CMakeLists.txt
2025-10-27 09:04:42,663 - Knowledge - INFO - Worker kw4 processing /app/data/tataelxsimcvaripplecode5379/718/b3129g6/Thunder-712/Tests/unit/core/test_tracing.cpp
2025-10-27 09:04:42,770 - Knowledge - INFO - Fast-tracked /app/data/tataelxsimcvaripplecode5379/718/b3129g6/Thunder-712/cmake/config/map/helpers/map_match_properties.cmake (ext=.cmake, size=451)
2025-10-27 09:04:42,854 - Knowledge - INFO - Worker kw1 processing /app/data/tataelxsimcvaripplecode5379/718/b3129g6/Thunder-712/Source/messaging/TraceCategories.h
2025-10-27 09:04:42,860 - Knowledge - INFO - [LLM_CALL] Completed: IPlugin.h:chunk1, Duration: 27421ms, PromptTokens: 72320, CompletionTokens: 6172, Cost: $0.00000
2025-10-27 09:04:42,962 - Knowledge - INFO - Fast-tracked /app/data/tataelxsimcvaripplecode5379/718/b3129g6/Thunder-712/Tests/unit/core/test_databuffer.cpp (ext=.cpp, size=2073)
2025-10-27 09:04:43,072 - Knowledge - INFO - Worker kw8 processing /app/data/tataelxsimcvaripplecode5379/718/b3129g6/Thunder-712/Source/extensions/privilegedrequest/example/main.cpp
2025-10-27 09:04:43,363 - Knowledge - INFO - Worker kw6 processing /app/data/tataelxsimcvaripplecode5379/718/b3129g6/Thunder-712/cmake/config/map/helpers/map_peek_back.cmake
2025-10-27 09:04:44,216 - Knowledge - INFO - Fast-tracked /app/data/tataelxsimcvaripplecode5379/718/b3129g6/Thunder-712/Source/extensions/processcontainers/implementations/AWCImplementation/AWCImplementation.h (ext=.h, size=1964)
2025-10-27 09:04:44,419 - Knowledge - INFO - Fast-tracked /app/data/tataelxsimcvaripplecode5379/718/b3129g6/Thunder-712/CMakeLists.txt (ext=.txt, size=5336)
2025-10-27 09:04:44,507 - Knowledge - INFO - Fast-tracked /app/data/tataelxsimcvaripplecode5379/718/b3129g6/Thunder-712/Tests/unit/core/test_tracing.cpp (ext=.cpp, size=12001)
2025-10-27 09:04:44,601 - Knowledge - INFO - Worker kw5 processing /app/data/tataelxsimcvaripplecode5379/718/b3129g6/Thunder-712/Source/cryptalgo/AESImplementation.h
2025-10-27 09:04:44,684 - Knowledge - INFO - Worker kw1 processing /app/data/tataelxsimcvaripplecode5379/718/b3129g6/Thunder-712/Source/core/JSON.h
2025-10-27 09:04:44,786 - Knowledge - INFO - done ingest for /app/data/tataelxsimcvaripplecode5379/718/b3129g6/Thunder-712/Source/plugins/IPlugin.h
2025-10-27 09:04:44,788 - Knowledge - INFO - [LLM_CALL] Completed: URL.h:chunk1, Duration: 21717ms, PromptTokens: 78410, CompletionTokens: 6807, Cost: $0.00000
2025-10-27 09:04:44,874 - Knowledge - INFO - Worker kw7 processing /app/data/tataelxsimcvaripplecode5379/718/b3129g6/Thunder-712/Source/core/DataElementFile.cpp
2025-10-27 09:04:44,947 - Knowledge - INFO - Worker kw8 processing /app/data/tataelxsimcvaripplecode5379/718/b3129g6/Thunder-712/Tests/unit/core/test_socketstreamtext.cpp
2025-10-27 09:04:45,050 - Knowledge - INFO - Fast-tracked /app/data/tataelxsimcvaripplecode5379/718/b3129g6/Thunder-712/cmake/config/map/helpers/map_peek_back.cmake (ext=.cmake, size=128)
2025-10-27 09:04:45,167 - Knowledge - INFO - Worker kw2 processing /app/data/tataelxsimcvaripplecode5379/718/b3129g6/Thunder-712/Source/WPEFramework/Probe.cpp
2025-10-27 09:04:45,252 - Knowledge - INFO - Worker kw3 processing /app/data/tataelxsimcvaripplecode5379/718/b3129g6/Thunder-712/Tests/unit/core/test_queue.cpp
2025-10-27 09:04:45,370 - Knowledge - INFO - Worker kw4 processing /app/data/tataelxsimcvaripplecode5379/718/b3129g6/Thunder-712/cmake/common/CmakeHelperFunctions.cmake
2025-10-27 09:04:45,482 - Knowledge - INFO - Worker kw5 processing /app/data/tataelxsimcvaripplecode5379/718/b3129g6/Thunder-712/cmake/config/map/helpers/map_omit.cmake
2025-10-27 09:04:45,584 - Knowledge - INFO - Fast-tracked /app/data/tataelxsimcvaripplecode5379/718/b3129g6/Thunder-712/Source/core/JSON.h (ext=.h, size=183246)
2025-10-27 09:04:46,368 - Knowledge - INFO - done ingest for /app/data/tataelxsimcvaripplecode5379/718/b3129g6/Thunder-712/Source/websocket/URL.h
2025-10-27 09:04:46,674 - Knowledge - INFO - Worker kw7 processing /app/data/tataelxsimcvaripplecode5379/718/b3129g6/Thunder-712/cmake/config/map/map_matches_obj.cmake
2025-10-27 09:04:46,936 - Knowledge - INFO - Fast-tracked /app/data/tataelxsimcvaripplecode5379/718/b3129g6/Thunder-712/Tests/unit/core/test_socketstreamtext.cpp (ext=.cpp, size=4715)
2025-10-27 09:04:46,959 - Knowledge - INFO - Worker kw6 processing /app/data/tataelxsimcvaripplecode5379/718/b3129g6/Thunder-712/cmake/config/ref/address_push_back.cmake
2025-10-27 09:04:47,139 - Knowledge - INFO - Worker kw2 processing /app/data/tataelxsimcvaripplecode5379/718/b3129g6/Thunder-712/cmake/config/map/helpers/map_keys_clear.cmake
2025-10-27 09:04:47,144 - Knowledge - INFO - [LLM_CALL] Completed: ISubSystem.h:chunk1, Duration: 33383ms, PromptTokens: 82654, CompletionTokens: 8144, Cost: $0.00000
2025-10-27 09:04:47,252 - Knowledge - INFO - Fast-tracked /app/data/tataelxsimcvaripplecode5379/718/b3129g6/Thunder-712/Tests/unit/core/test_queue.cpp (ext=.cpp, size=1233)
2025-10-27 09:04:47,337 - Knowledge - INFO - Worker kw4 processing /app/data/tataelxsimcvaripplecode5379/718/b3129g6/Thunder-712/mkdocs.yml
2025-10-27 09:04:47,459 - Knowledge - INFO - Fast-tracked /app/data/tataelxsimcvaripplecode5379/718/b3129g6/Thunder-712/cmake/config/map/helpers/map_omit.cmake (ext=.cmake, size=227)
2025-10-27 09:04:47,536 - Knowledge - INFO - Worker kw1 processing /app/data/tataelxsimcvaripplecode5379/718/b3129g6/Thunder-712/Source/core/JSONRPC.cpp
2025-10-27 09:04:48,127 - Knowledge - INFO - Fast-tracked /app/data/tataelxsimcvaripplecode5379/718/b3129g6/Thunder-712/cmake/config/map/map_matches_obj.cmake (ext=.cmake, size=286)
2025-10-27 09:04:48,234 - Knowledge - INFO - Worker kw8 processing /app/data/tataelxsimcvaripplecode5379/718/b3129g6/Thunder-712/Source/websocket/WebRequest.h
2025-10-27 09:04:48,326 - Knowledge - INFO - Fast-tracked /app/data/tataelxsimcvaripplecode5379/718/b3129g6/Thunder-712/cmake/config/ref/address_push_back.cmake (ext=.cmake, size=191)
2025-10-27 09:04:48,431 - Knowledge - INFO - Fast-tracked /app/data/tataelxsimcvaripplecode5379/718/b3129g6/Thunder-712/cmake/config/map/helpers/map_keys_clear.cmake (ext=.cmake, size=93)
2025-10-27 09:04:48,547 - Knowledge - INFO - done ingest for /app/data/tataelxsimcvaripplecode5379/718/b3129g6/Thunder-712/Source/plugins/ISubSystem.h
2025-10-27 09:04:48,549 - Knowledge - INFO - [LLM_CALL] Completed: CyclicBuffer.h:chunk1, Duration: 28759ms, PromptTokens: 88364, CompletionTokens: 8812, Cost: $0.00000
2025-10-27 09:04:48,649 - Knowledge - INFO - Worker kw3 processing /app/data/tataelxsimcvaripplecode5379/718/b3129g6/Thunder-712/cmake/config/string/string_codes.cmake
2025-10-27 09:04:48,749 - Knowledge - INFO - Fast-tracked /app/data/tataelxsimcvaripplecode5379/718/b3129g6/Thunder-712/mkdocs.yml (ext=.yml, size=3547)
2025-10-27 09:04:48,831 - Knowledge - INFO - Worker kw5 processing /app/data/tataelxsimcvaripplecode5379/718/b3129g6/Thunder-712/Source/extensions/processcontainers/common/BaseContainerIterator.h
2025-10-27 09:04:48,934 - Knowledge - INFO - Fast-tracked /app/data/tataelxsimcvaripplecode5379/718/b3129g6/Thunder-712/Source/core/JSONRPC.cpp (ext=.cpp, size=922)
2025-10-27 09:04:49,013 - Knowledge - INFO - Worker kw7 processing /app/data/tataelxsimcvaripplecode5379/718/b3129g6/Thunder-712/Source/messaging/TextMessage.h
2025-10-27 09:04:49,136 - Knowledge - INFO - Worker kw8 processing /app/data/tataelxsimcvaripplecode5379/718/b3129g6/Thunder-712/cmake/config/filesystem/path/path_qualify.cmake
2025-10-27 09:04:49,255 - Knowledge - INFO - Worker kw6 processing /app/data/tataelxsimcvaripplecode5379/718/b3129g6/Thunder-712/Source/WPEFramework/Module.h
2025-10-27 09:04:49,337 - Knowledge - INFO - Worker kw2 processing /app/data/tataelxsimcvaripplecode5379/718/b3129g6/Thunder-712/Source/core/IPFrame.h
2025-10-27 09:04:49,706 - Knowledge - INFO - done ingest for /app/data/tataelxsimcvaripplecode5379/718/b3129g6/Thunder-712/Source/core/CyclicBuffer.h
2025-10-27 09:04:49,823 - Knowledge - INFO - [LLM_CALL] Completed: WarningReportingUnit.cpp:chunk1, Duration: 30994ms, PromptTokens: 91338, CompletionTokens: 9617, Cost: $0.00000
2025-10-27 09:04:49,826 - Knowledge - INFO - Fast-tracked /app/data/tataelxsimcvaripplecode5379/718/b3129g6/Thunder-712/cmake/config/string/string_codes.cmake (ext=.cmake, size=1125)
2025-10-27 09:04:49,903 - Knowledge - INFO - Worker kw4 processing /app/data/tataelxsimcvaripplecode5379/718/b3129g6/Thunder-712/Source/core/ASN1.h
2025-10-27 09:04:49,996 - Knowledge - INFO - Worker kw5 processing /app/data/tataelxsimcvaripplecode5379/718/b3129g6/Thunder-712/cmake/modules/FindExecInfo.cmake
2025-10-27 09:04:50,078 - Knowledge - INFO - Worker kw1 processing /app/data/tataelxsimcvaripplecode5379/718/b3129g6/Thunder-712/Source/core/Trace.cpp
2025-10-27 09:04:50,179 - Knowledge - INFO - Worker kw7 processing /app/data/tataelxsimcvaripplecode5379/718/b3129g6/Thunder-712/cmake/config/map/core/map_set_hidden.cmake
2025-10-27 09:04:50,310 - Knowledge - INFO - Fast-tracked /app/data/tataelxsimcvaripplecode5379/718/b3129g6/Thunder-712/cmake/config/filesystem/path/path_qualify.cmake (ext=.cmake, size=161)
2025-10-27 09:04:50,425 - Knowledge - INFO - Fast-tracked /app/data/tataelxsimcvaripplecode5379/718/b3129g6/Thunder-712/Source/WPEFramework/Module.h (ext=.h, size=1328)
2025-10-27 09:04:50,508 - Knowledge - INFO - Worker kw2 processing /app/data/tataelxsimcvaripplecode5379/718/b3129g6/Thunder-712/Source/core/SynchronousChannel.h
2025-10-27 09:04:50,945 - Knowledge - INFO - done ingest for /app/data/tataelxsimcvaripplecode5379/718/b3129g6/Thunder-712/Source/extensions/warningreporting/WarningReportingUnit.cpp
2025-10-27 09:04:51,045 - Knowledge - INFO - [LLM_CALL] Completed: Timer.h:chunk1, Duration: 26676ms, PromptTokens: 97880, CompletionTokens: 10322, Cost: $0.00000
2025-10-27 09:04:51,060 - Knowledge - INFO - Worker kw3 processing /app/data/tataelxsimcvaripplecode5379/718/b3129g6/Thunder-712/cmake/common/CodeCoverage.cmake
2025-10-27 09:04:51,130 - Knowledge - INFO - Worker kw4 processing /app/data/tataelxsimcvaripplecode5379/718/b3129g6/Thunder-712/Tests/unit/core/test_textreader.cpp
2025-10-27 09:04:51,209 - Knowledge - INFO - Fast-tracked /app/data/tataelxsimcvaripplecode5379/718/b3129g6/Thunder-712/cmake/modules/FindExecInfo.cmake (ext=.cmake, size=913)
2025-10-27 09:04:51,302 - Knowledge - INFO - Worker kw1 processing /app/data/tataelxsimcvaripplecode5379/718/b3129g6/Thunder-712/cmake/config/map/helpers/map_rename.cmake
2025-10-27 09:04:51,395 - Knowledge - INFO - Fast-tracked /app/data/tataelxsimcvaripplecode5379/718/b3129g6/Thunder-712/cmake/config/map/core/map_set_hidden.cmake (ext=.cmake, size=112)
2025-10-27 09:04:51,502 - Knowledge - INFO - Worker kw8 processing /app/data/tataelxsimcvaripplecode5379/718/b3129g6/Thunder-712/cmake/config/map/helpers/map_isempty.cmake
2025-10-27 09:04:51,596 - Knowledge - INFO - Worker kw6 processing /app/data/tataelxsimcvaripplecode5379/718/b3129g6/Thunder-712/cmake/config/collections/list_push_front.cmake
2025-10-27 09:04:51,686 - Knowledge - INFO - Worker kw2 processing /app/data/tataelxsimcvaripplecode5379/718/b3129g6/Thunder-712/cmake/config/filesystem/navigation/pwd.cmake
2025-10-27 09:04:52,107 - Knowledge - INFO - done ingest for /app/data/tataelxsimcvaripplecode5379/718/b3129g6/Thunder-712/Source/core/Timer.h
2025-10-27 09:04:52,502 - Knowledge - INFO - Worker kw3 processing /app/data/tataelxsimcvaripplecode5379/718/b3129g6/Thunder-712/Source/cryptalgo/Hash.h
2025-10-27 09:04:52,632 - Knowledge - INFO - [LLM_CALL] Completed: MessageDispatcher.h:chunk1, Duration: 30481ms, PromptTokens: 103500, CompletionTokens: 11222, Cost: $0.00000
2025-10-27 09:04:52,633 - Knowledge - INFO - Fast-tracked /app/data/tataelxsimcvaripplecode5379/718/b3129g6/Thunder-712/Tests/unit/core/test_textreader.cpp (ext=.cpp, size=1251)
2025-10-27 09:04:52,693 - Knowledge - INFO - Worker kw5 processing /app/data/tataelxsimcvaripplecode5379/718/b3129g6/Thunder-712/Source/com/IIteratorType.h
2025-10-27 09:04:52,779 - Knowledge - INFO - Fast-tracked /app/data/tataelxsimcvaripplecode5379/718/b3129g6/Thunder-712/cmake/config/map/helpers/map_rename.cmake (ext=.cmake, size=219)
2025-10-27 09:04:52,854 - Knowledge - INFO - Worker kw7 processing /app/data/tataelxsimcvaripplecode5379/718/b3129g6/Thunder-712/Source/extensions/processcontainers/implementations/AWCImplementation/dbus/Client.h
2025-10-27 09:04:52,954 - Knowledge - INFO - Fast-tracked /app/data/tataelxsimcvaripplecode5379/718/b3129g6/Thunder-712/cmake/config/map/helpers/map_isempty.cmake (ext=.cmake, size=180)
2025-10-27 09:04:53,032 - Knowledge - INFO - Fast-tracked /app/data/tataelxsimcvaripplecode5379/718/b3129g6/Thunder-712/cmake/config/collections/list_push_front.cmake (ext=.cmake, size=211)
2025-10-27 09:04:53,142 - Knowledge - INFO - Fast-tracked /app/data/tataelxsimcvaripplecode5379/718/b3129g6/Thunder-712/cmake/config/filesystem/navigation/pwd.cmake (ext=.cmake, size=136)
2025-10-27 09:04:53,649 - Knowledge - INFO - Worker kw3 processing /app/data/tataelxsimcvaripplecode5379/718/b3129g6/Thunder-712/Tests/unit/core/test_statetrigger.cpp
2025-10-27 09:04:54,484 - Knowledge - INFO - done ingest for /app/data/tataelxsimcvaripplecode5379/718/b3129g6/Thunder-712/Source/messaging/MessageDispatcher.h
2025-10-27 09:04:54,679 - Knowledge - INFO - Worker kw4 processing /app/data/tataelxsimcvaripplecode5379/718/b3129g6/Thunder-712/Source/plugins/SubSystem.cpp
2025-10-27 09:04:54,832 - Knowledge - INFO - [LLM_CALL] Completed: WebSerializer.cpp:chunk1, Duration: 36702ms, PromptTokens: 143504, CompletionTokens: 12649, Cost: $0.00000
2025-10-27 09:04:54,833 - Knowledge - INFO - Fast-tracked /app/data/tataelxsimcvaripplecode5379/718/b3129g6/Thunder-712/Source/com/IIteratorType.h (ext=.h, size=1367)
2025-10-27 09:04:54,901 - Knowledge - INFO - Worker kw1 processing /app/data/tataelxsimcvaripplecode5379/718/b3129g6/Thunder-712/Tests/unit/core/test_socketstreamjson.cpp
2025-10-27 09:04:55,030 - Knowledge - INFO - Worker kw7 processing /app/data/tataelxsimcvaripplecode5379/718/b3129g6/Thunder-712/Source/plugins/Module.h
2025-10-27 09:04:55,107 - Knowledge - INFO - Worker kw8 processing /app/data/tataelxsimcvaripplecode5379/718/b3129g6/Thunder-712/cmake/config/map/helpers/map_to_valuelist.cmake
2025-10-27 09:04:55,231 - Knowledge - INFO - Worker kw6 processing /app/data/tataelxsimcvaripplecode5379/718/b3129g6/Thunder-712/cmake/common/GetExternalCode.cmake
2025-10-27 09:04:55,327 - Knowledge - INFO - Worker kw2 processing /app/data/tataelxsimcvaripplecode5379/718/b3129g6/Thunder-712/cmake/modules/FindLibGioUnix.cmake
2025-10-27 09:04:55,411 - Knowledge - INFO - Fast-tracked /app/data/tataelxsimcvaripplecode5379/718/b3129g6/Thunder-712/Tests/unit/core/test_statetrigger.cpp (ext=.cpp, size=2026)
2025-10-27 09:04:56,204 - Knowledge - INFO - done ingest for /app/data/tataelxsimcvaripplecode5379/718/b3129g6/Thunder-712/Source/websocket/WebSerializer.cpp
2025-10-27 09:04:56,239 - Knowledge - INFO - Worker kw4 processing /app/data/tataelxsimcvaripplecode5379/718/b3129g6/Thunder-712/Source/messaging/messaging.h
2025-10-27 09:04:56,563 - Knowledge - INFO - Worker kw5 processing /app/data/tataelxsimcvaripplecode5379/718/b3129g6/Thunder-712/Source/websocket/windows/include/zconf.h
2025-10-27 09:04:57,123 - Knowledge - INFO - Fast-tracked /app/data/tataelxsimcvaripplecode5379/718/b3129g6/Thunder-712/Tests/unit/core/test_socketstreamjson.cpp (ext=.cpp, size=8376)
2025-10-27 09:04:57,214 - Knowledge - INFO - Fast-tracked /app/data/tataelxsimcvaripplecode5379/718/b3129g6/Thunder-712/Source/plugins/Module.h (ext=.h, size=1133)
2025-10-27 09:04:57,321 - Knowledge - INFO - Fast-tracked /app/data/tataelxsimcvaripplecode5379/718/b3129g6/Thunder-712/cmake/config/map/helpers/map_to_valuelist.cmake (ext=.cmake, size=352)
2025-10-27 09:04:57,431 - Knowledge - INFO - Worker kw6 processing /app/data/tataelxsimcvaripplecode5379/718/b3129g6/Thunder-712/Source/core/IPCConnector.h
2025-10-27 09:04:57,465 - Knowledge - INFO - [LLM_CALL] Completed: WebTransfer.h:chunk1, Duration: 37043ms, PromptTokens: 154124, CompletionTokens: 13889, Cost: $0.00000
2025-10-27 09:04:57,553 - Knowledge - INFO - Worker kw2 processing /app/data/tataelxsimcvaripplecode5379/718/b3129g6/Thunder-712/Source/core/Services.h
2025-10-27 09:04:57,663 - Knowledge - INFO - Worker kw3 processing /app/data/tataelxsimcvaripplecode5379/718/b3129g6/Thunder-712/Tests/unit/core/test_rectangle.cpp
2025-10-27 09:04:58,025 - Knowledge - INFO - Fast-tracked /app/data/tataelxsimcvaripplecode5379/718/b3129g6/Thunder-712/Source/messaging/messaging.h (ext=.h, size=1144)
2025-10-27 09:04:58,131 - Knowledge - INFO - Worker kw5 processing /app/data/tataelxsimcvaripplecode5379/718/b3129g6/Thunder-712/Source/websocket/JSONRPCLink.h
2025-10-27 09:04:58,653 - Knowledge - INFO - Worker kw1 processing /app/data/tataelxsimcvaripplecode5379/718/b3129g6/Thunder-712/cmake/config/filesystem/file/fwrite.cmake
2025-10-27 09:04:59,174 - Knowledge - INFO - Worker kw7 processing /app/data/tataelxsimcvaripplecode5379/718/b3129g6/Thunder-712/Tests/unit/core/test_messageException.cpp
2025-10-27 09:04:59,277 - Knowledge - INFO - Worker kw8 processing /app/data/tataelxsimcvaripplecode5379/718/b3129g6/Thunder-712/Source/core/StreamTypeLengthValue.h
2025-10-27 09:04:59,410 - Knowledge - INFO - Worker kw6 processing /app/data/tataelxsimcvaripplecode5379/718/b3129g6/Thunder-712/cmake/config/map/helpers/map_at.cmake
2025-10-27 09:04:59,488 - Knowledge - INFO - done ingest for /app/data/tataelxsimcvaripplecode5379/718/b3129g6/Thunder-712/Source/websocket/WebTransfer.h
2025-10-27 09:04:59,490 - Knowledge - INFO - [LLM_CALL] Completed: SystemInfo.h:chunk1, Duration: 42812ms, PromptTokens: 158224, CompletionTokens: 15034, Cost: $0.00000
2025-10-27 09:04:59,566 - Knowledge - INFO - Worker kw2 processing /app/data/tataelxsimcvaripplecode5379/718/b3129g6/Thunder-712/Source/plugins/IStateControl.h
2025-10-27 09:04:59,645 - Knowledge - INFO - Fast-tracked /app/data/tataelxsimcvaripplecode5379/718/b3129g6/Thunder-712/Tests/unit/core/test_rectangle.cpp (ext=.cpp, size=1432)
2025-10-27 09:04:59,724 - Knowledge - INFO - Worker kw4 processing /app/data/tataelxsimcvaripplecode5379/718/b3129g6/Thunder-712/docs/utils/files/observer.md
2025-10-27 09:04:59,814 - Knowledge - INFO - Worker kw5 processing /app/data/tataelxsimcvaripplecode5379/718/b3129g6/Thunder-712/Tests/httpsclient/main.cpp
2025-10-27 09:04:59,909 - Knowledge - INFO - Fast-tracked /app/data/tataelxsimcvaripplecode5379/718/b3129g6/Thunder-712/cmake/config/filesystem/file/fwrite.cmake (ext=.cmake, size=246)
2025-10-27 09:05:00,030 - Knowledge - INFO - Fast-tracked /app/data/tataelxsimcvaripplecode5379/718/b3129g6/Thunder-712/Tests/unit/core/test_messageException.cpp (ext=.cpp, size=1651)
2025-10-27 09:05:00,150 - Knowledge - INFO - Worker kw8 processing /app/data/tataelxsimcvaripplecode5379/718/b3129g6/Thunder-712/Source/core/Range.h
2025-10-27 09:05:00,243 - Knowledge - INFO - Fast-tracked /app/data/tataelxsimcvaripplecode5379/718/b3129g6/Thunder-712/cmake/config/map/helpers/map_at.cmake (ext=.cmake, size=167)
2025-10-27 09:05:00,429 - Knowledge - INFO - done ingest for /app/data/tataelxsimcvaripplecode5379/718/b3129g6/Thunder-712/Source/core/SystemInfo.h
2025-10-27 09:05:00,530 - Knowledge - INFO - [LLM_CALL] Completed: core.h:chunk1, Duration: 47611ms, PromptTokens: 160324, CompletionTokens: 15631, Cost: $0.00000
2025-10-27 09:05:00,537 - Knowledge - INFO - Worker kw2 processing /app/data/tataelxsimcvaripplecode5379/718/b3129g6/Thunder-712/Source/extensions/localtracer/include/localtracer/localtracer.h
2025-10-27 09:05:00,615 - Knowledge - INFO - Worker kw3 processing /app/data/tataelxsimcvaripplecode5379/718/b3129g6/Thunder-712/cmake/config/formats/json/json_print.cmake
2025-10-27 09:05:00,712 - Knowledge - INFO - Fast-tracked /app/data/tataelxsimcvaripplecode5379/718/b3129g6/Thunder-712/docs/utils/files/observer.md (ext=.md, size=3147)
2025-10-27 09:05:00,828 - Knowledge - INFO - Fast-tracked /app/data/tataelxsimcvaripplecode5379/718/b3129g6/Thunder-712/Tests/httpsclient/main.cpp (ext=.cpp, size=6072)
2025-10-27 09:05:00,945 - Knowledge - INFO - Worker kw1 processing /app/data/tataelxsimcvaripplecode5379/718/b3129g6/Thunder-712/Source/extensions/localtracer/CMakeLists.txt
2025-10-27 09:05:01,049 - Knowledge - INFO - Worker kw7 processing /app/data/tataelxsimcvaripplecode5379/718/b3129g6/Thunder-712/cmake/config/ref/address_append.cmake
2025-10-27 09:05:01,172 - Knowledge - INFO - Worker kw8 processing /app/data/tataelxsimcvaripplecode5379/718/b3129g6/Thunder-712/cmake/config/map/operations/map_clone_shallow.cmake
2025-10-27 09:05:01,243 - Knowledge - INFO - Worker kw6 processing /app/data/tataelxsimcvaripplecode5379/718/b3129g6/Thunder-712/Utils/PluginActivator/source/COMRPCStarter.cpp
2025-10-27 09:05:01,422 - Knowledge - INFO - done ingest for /app/data/tataelxsimcvaripplecode5379/718/b3129g6/Thunder-712/Source/core/core.h
2025-10-27 09:05:01,507 - Knowledge - INFO - Worker kw2 processing /app/data/tataelxsimcvaripplecode5379/718/b3129g6/Thunder-712/Tests/unit/core/test_timer.cpp
2025-10-27 09:05:01,557 - Knowledge - INFO - Processing batch of 20 files
2025-10-27 09:05:01,619 - Knowledge - INFO - Fast-tracked /app/data/tataelxsimcvaripplecode5379/718/b3129g6/Thunder-712/cmake/config/formats/json/json_print.cmake (ext=.cmake, size=91)
2025-10-27 09:05:01,720 - Knowledge - INFO - Worker kw4 processing /app/data/tataelxsimcvaripplecode5379/718/b3129g6/Thunder-712/Tests/unit/core/test_measurementtype.cpp
2025-10-27 09:05:01,806 - Knowledge - INFO - Worker kw5 processing /app/data/tataelxsimcvaripplecode5379/718/b3129g6/Thunder-712/Source/plugins/plugins.h
2025-10-27 09:05:01,923 - Knowledge - INFO - Fast-tracked /app/data/tataelxsimcvaripplecode5379/718/b3129g6/Thunder-712/Source/extensions/localtracer/CMakeLists.txt (ext=.txt, size=1168)
2025-10-27 09:05:02,003 - Knowledge - INFO - Fast-tracked /app/data/tataelxsimcvaripplecode5379/718/b3129g6/Thunder-712/cmake/config/ref/address_append.cmake (ext=.cmake, size=100)
2025-10-27 09:05:02,136 - Knowledge - INFO - Fast-tracked /app/data/tataelxsimcvaripplecode5379/718/b3129g6/Thunder-712/cmake/config/map/operations/map_clone_shallow.cmake (ext=.cmake, size=685)
2025-10-27 09:05:02,265 - Knowledge - INFO - Worker kw6 processing /app/data/tataelxsimcvaripplecode5379/718/b3129g6/Thunder-712/cmake/config/map/iterator/map_iterator_break.cmake
2025-10-27 09:05:02,495 - Knowledge - INFO - Processing batch of 20 files
2025-10-27 09:05:02,499 - Knowledge - INFO - Fast-tracked /app/data/tataelxsimcvaripplecode5379/718/b3129g6/Thunder-712/Tests/unit/core/test_timer.cpp (ext=.cpp, size=4643)
2025-10-27 09:05:02,588 - Knowledge - INFO - process ingested knowledge for /app/data/tataelxsimcvaripplecode5379/718/b3129g6/Thunder-712/Source/core/StreamText.h
2025-10-27 09:05:02,698 - Knowledge - INFO - Worker kw3 processing /app/data/tataelxsimcvaripplecode5379/718/b3129g6/Thunder-712/cmake/modules/FindLibGio.cmake
2025-10-27 09:05:02,784 - Knowledge - INFO - Fast-tracked /app/data/tataelxsimcvaripplecode5379/718/b3129g6/Thunder-712/Tests/unit/core/test_measurementtype.cpp (ext=.cpp, size=1450)
2025-10-27 09:05:02,903 - Knowledge - INFO - Fast-tracked /app/data/tataelxsimcvaripplecode5379/718/b3129g6/Thunder-712/Source/plugins/plugins.h (ext=.h, size=1564)
2025-10-27 09:05:02,989 - Knowledge - INFO - Worker kw1 processing /app/data/tataelxsimcvaripplecode5379/718/b3129g6/Thunder-712/cmake/common/CompileSettingsDebug.cmake
2025-10-27 09:05:03,077 - Knowledge - INFO - Worker kw7 processing /app/data/tataelxsimcvaripplecode5379/718/b3129g6/Thunder-712/cmake/modules/FindLibGlib.cmake
2025-10-27 09:05:03,176 - Knowledge - INFO - Worker kw8 processing /app/data/tataelxsimcvaripplecode5379/718/b3129g6/Thunder-712/Source/messaging/CMakeLists.txt
2025-10-27 09:05:03,290 - Knowledge - INFO - Fast-tracked /app/data/tataelxsimcvaripplecode5379/718/b3129g6/Thunder-712/cmake/config/map/iterator/map_iterator_break.cmake (ext=.cmake, size=363)
2025-10-27 09:05:03,401 - Knowledge - INFO - process ingested knowledge for /app/data/tataelxsimcvaripplecode5379/718/b3129g6/Thunder-712/cmake/config/map/helpers/map_keys_set.cmake
2025-10-27 09:05:03,535 - Knowledge - INFO - Worker kw2 processing /app/data/tataelxsimcvaripplecode5379/718/b3129g6/Thunder-712/Source/com/Module.h
2025-10-27 09:05:03,619 - Knowledge - INFO - process ingested knowledge for /app/data/tataelxsimcvaripplecode5379/718/b3129g6/Thunder-712/cmake/config/map/iterator/map_iterator_next.cmake
2025-10-27 09:05:03,703 - Knowledge - INFO - Worker kw3 processing /app/data/tataelxsimcvaripplecode5379/718/b3129g6/Thunder-712/cmake/config/filesystem/fwrite_temp.cmake
2025-10-27 09:05:03,866 - Knowledge - INFO - Worker kw5 processing /app/data/tataelxsimcvaripplecode5379/718/b3129g6/Thunder-712/Source/cryptalgo/Hash.cpp
2025-10-27 09:05:03,959 - Knowledge - INFO - Fast-tracked /app/data/tataelxsimcvaripplecode5379/718/b3129g6/Thunder-712/cmake/common/CompileSettingsDebug.cmake (ext=.cmake, size=1722)
2025-10-27 09:05:04,075 - Knowledge - INFO - Worker kw7 processing /app/data/tataelxsimcvaripplecode5379/718/b3129g6/Thunder-712/Tests/unit/core/test_dataelementfile.cpp
2025-10-27 09:05:04,171 - Knowledge - INFO - Fast-tracked /app/data/tataelxsimcvaripplecode5379/718/b3129g6/Thunder-712/Source/messaging/CMakeLists.txt (ext=.txt, size=3244)
2025-10-27 09:05:04,265 - Knowledge - INFO - Worker kw6 processing /app/data/tataelxsimcvaripplecode5379/718/b3129g6/Thunder-712/cmake/config/events/is_event.cmake
2025-10-27 09:05:04,340 - Knowledge - INFO - process ingested knowledge for /app/data/tataelxsimcvaripplecode5379/718/b3129g6/Thunder-712/Source/core/core.h
2025-10-27 09:05:04,430 - Knowledge - INFO - Fast-tracked /app/data/tataelxsimcvaripplecode5379/718/b3129g6/Thunder-712/Source/com/Module.h (ext=.h, size=1033)
2025-10-27 09:05:04,524 - Knowledge - INFO - process ingested knowledge for /app/data/tataelxsimcvaripplecode5379/718/b3129g6/Thunder-712/Tests/unit/core/test_weblinkjson.cpp
2025-10-27 09:05:04,603 - Knowledge - INFO - Fast-tracked /app/data/tataelxsimcvaripplecode5379/718/b3129g6/Thunder-712/cmake/config/filesystem/fwrite_temp.cmake (ext=.cmake, size=410)
2025-10-27 09:05:04,697 - Knowledge - INFO - Worker kw5 processing /app/data/tataelxsimcvaripplecode5379/718/b3129g6/Thunder-712/Source/WPEFramework/IRemoteInstantiation.h
2025-10-27 09:05:04,812 - Knowledge - INFO - Worker kw1 processing /app/data/tataelxsimcvaripplecode5379/718/b3129g6/Thunder-712/cmake/config/map/helpers/map_defaults.cmake
2025-10-27 09:05:04,920 - Knowledge - INFO - Fast-tracked /app/data/tataelxsimcvaripplecode5379/718/b3129g6/Thunder-712/Tests/unit/core/test_dataelementfile.cpp (ext=.cpp, size=2214)
2025-10-27 09:05:05,027 - Knowledge - INFO - Worker kw8 processing /app/data/tataelxsimcvaripplecode5379/718/b3129g6/Thunder-712/Source/core/MessageStore.cpp
2025-10-27 09:05:05,139 - Knowledge - INFO - Fast-tracked /app/data/tataelxsimcvaripplecode5379/718/b3129g6/Thunder-712/cmake/config/events/is_event.cmake (ext=.cmake, size=466)
2025-10-27 09:05:05,223 - Knowledge - INFO - process ingested knowledge for /app/data/tataelxsimcvaripplecode5379/718/b3129g6/Thunder-712/Source/plugins/ISubSystem.h
2025-10-27 09:05:05,325 - Knowledge - INFO - Worker kw2 processing /app/data/tataelxsimcvaripplecode5379/718/b3129g6/Thunder-712/cmake/config/formats/json/json_string_to_cmake.cmake
2025-10-27 09:05:05,420 - Knowledge - INFO - process ingested knowledge for /app/data/tataelxsimcvaripplecode5379/718/b3129g6/Thunder-712/Source/core/SystemInfo.h
2025-10-27 09:05:05,511 - Knowledge - INFO - Worker kw3 processing /app/data/tataelxsimcvaripplecode5379/718/b3129g6/Thunder-712/Tests/unit/core/test_rpc.cpp
2025-10-27 09:05:05,617 - Knowledge - INFO - Worker kw5 processing /app/data/tataelxsimcvaripplecode5379/718/b3129g6/Thunder-712/cmake/common/CreateLink.cmake
2025-10-27 09:05:05,697 - Knowledge - INFO - Fast-tracked /app/data/tataelxsimcvaripplecode5379/718/b3129g6/Thunder-712/cmake/config/map/helpers/map_defaults.cmake (ext=.cmake, size=597)
2025-10-27 09:05:05,777 - Knowledge - INFO - Worker kw7 processing /app/data/tataelxsimcvaripplecode5379/718/b3129g6/Thunder-712/Source/core/Trace.h
2025-10-27 09:05:05,997 - Knowledge - INFO - Worker kw6 processing /app/data/tataelxsimcvaripplecode5379/718/b3129g6/Thunder-712/Source/com/Administrator.h
2025-10-27 09:05:06,083 - Knowledge - INFO - process ingested knowledge for /app/data/tataelxsimcvaripplecode5379/718/b3129g6/Thunder-712/Source/core/IPCMessage.h
2025-10-27 09:05:06,164 - Knowledge - INFO - Fast-tracked /app/data/tataelxsimcvaripplecode5379/718/b3129g6/Thunder-712/cmake/config/formats/json/json_string_to_cmake.cmake (ext=.cmake, size=943)
2025-10-27 09:05:06,256 - Knowledge - INFO - process ingested knowledge for /app/data/tataelxsimcvaripplecode5379/718/b3129g6/Thunder-712/Source/websocket/WebSerializer.cpp
2025-10-27 09:05:06,364 - Knowledge - INFO - Fast-tracked /app/data/tataelxsimcvaripplecode5379/718/b3129g6/Thunder-712/Tests/unit/core/test_rpc.cpp (ext=.cpp, size=9687)
2025-10-27 09:05:06,468 - Knowledge - INFO - Fast-tracked /app/data/tataelxsimcvaripplecode5379/718/b3129g6/Thunder-712/cmake/common/CreateLink.cmake (ext=.cmake, size=1007)
2025-10-27 09:05:06,558 - Knowledge - INFO - Worker kw1 processing /app/data/tataelxsimcvaripplecode5379/718/b3129g6/Thunder-712/Tests/unit/core/test_rangetype.cpp
2025-10-27 09:05:06,675 - Knowledge - INFO - Worker kw7 processing /app/data/tataelxsimcvaripplecode5379/718/b3129g6/Thunder-712/Source/core/Process.h
2025-10-27 09:05:06,773 - Knowledge - INFO - Worker kw6 processing /app/data/tataelxsimcvaripplecode5379/718/b3129g6/Thunder-712/cmake/config/events/event_removehandler.cmake
2025-10-27 09:05:06,865 - Knowledge - INFO - process ingested knowledge for /app/data/tataelxsimcvaripplecode5379/718/b3129g6/Thunder-712/Tests/unit/core/test_keyvalue.cpp
2025-10-27 09:05:06,941 - Knowledge - INFO - Worker kw2 processing /app/data/tataelxsimcvaripplecode5379/718/b3129g6/Thunder-712/Source/extensions/processcontainers/implementations/LXCImplementation/LXCImplementation.h
2025-10-27 09:05:07,063 - Knowledge - INFO - process ingested knowledge for /app/data/tataelxsimcvaripplecode5379/718/b3129g6/Thunder-712/Source/cryptalgo/cryptalgo.h
2025-10-27 09:05:07,243 - Knowledge - INFO - Worker kw5 processing /app/data/tataelxsimcvaripplecode5379/718/b3129g6/Thunder-712/Tests/workerpool-test/Module.cpp
2025-10-27 09:05:07,327 - Knowledge - INFO - Fast-tracked /app/data/tataelxsimcvaripplecode5379/718/b3129g6/Thunder-712/Tests/unit/core/test_rangetype.cpp (ext=.cpp, size=2068)
2025-10-27 09:05:07,413 - Knowledge - INFO - Worker kw7 processing /app/data/tataelxsimcvaripplecode5379/718/b3129g6/Thunder-712/Tests/unit/core/test_hash.cpp
2025-10-27 09:05:07,514 - Knowledge - ERROR - Timeout processing /app/data/tataelxsimcvaripplecode5379/718/b3129g6/Thunder-712/Source/extensions/processcontainers/ProcessContainer.h after 90s
2025-10-27 09:05:07,514 - Knowledge - INFO - Fast-tracked /app/data/tataelxsimcvaripplecode5379/718/b3129g6/Thunder-712/cmake/config/events/event_removehandler.cmake (ext=.cmake, size=437)
2025-10-27 09:05:07,626 - Knowledge - INFO - process ingested knowledge for /app/data/tataelxsimcvaripplecode5379/718/b3129g6/Thunder-712/cmake/config/ref/address_new.cmake
2025-10-27 09:05:07,746 - Knowledge - INFO - Worker kw2 processing /app/data/tataelxsimcvaripplecode5379/718/b3129g6/Thunder-712/Source/WPEProcess/Process.cpp
2025-10-27 09:05:07,822 - Knowledge - INFO - process ingested knowledge for /app/data/tataelxsimcvaripplecode5379/718/b3129g6/Thunder-712/Source/core/CyclicBuffer.h
2025-10-27 09:05:07,938 - Knowledge - INFO - Fast-tracked /app/data/tataelxsimcvaripplecode5379/718/b3129g6/Thunder-712/Tests/workerpool-test/Module.cpp (ext=.cpp, size=778)
2025-10-27 09:05:08,043 - Knowledge - INFO - Worker kw1 processing /app/data/tataelxsimcvaripplecode5379/718/b3129g6/Thunder-712/cmake/config/map/helpers/map_push_front.cmake
2025-10-27 09:05:08,154 - Knowledge - INFO - Fast-tracked /app/data/tataelxsimcvaripplecode5379/718/b3129g6/Thunder-712/Tests/unit/core/test_hash.cpp (ext=.cpp, size=36608)
2025-10-27 09:05:08,341 - Knowledge - INFO - Worker kw6 processing /app/data/tataelxsimcvaripplecode5379/718/b3129g6/Thunder-712/Source/messaging/Logging.cpp
2025-10-27 09:05:08,441 - Knowledge - INFO - process ingested knowledge for /app/data/tataelxsimcvaripplecode5379/718/b3129g6/Thunder-712/Source/plugins/CMakeLists.txt
2025-10-27 09:05:08,523 - Knowledge - INFO - Worker kw2 processing /app/data/tataelxsimcvaripplecode5379/718/b3129g6/Thunder-712/Source/plugins/Shell.cpp
2025-10-27 09:05:08,602 - Knowledge - INFO - process ingested knowledge for /app/data/tataelxsimcvaripplecode5379/718/b3129g6/Thunder-712/cmake/config/map/operations/map_clone_deep.cmake
2025-10-27 09:05:08,797 - Knowledge - INFO - Fast-tracked /app/data/tataelxsimcvaripplecode5379/718/b3129g6/Thunder-712/cmake/config/map/helpers/map_push_front.cmake (ext=.cmake, size=190)
2025-10-27 09:05:08,868 - Knowledge - INFO - Worker kw7 processing /app/data/tataelxsimcvaripplecode5379/718/b3129g6/Thunder-712/cmake/config/stack/stack_pop.cmake
2025-10-27 09:05:08,984 - Knowledge - INFO - Worker kw6 processing /app/data/tataelxsimcvaripplecode5379/718/b3129g6/Thunder-712/cmake/config/formats/json/json3.cmake
2025-10-27 09:05:09,070 - Knowledge - INFO - process ingested knowledge for /app/data/tataelxsimcvaripplecode5379/718/b3129g6/Thunder-712/Source/plugins/Shell.h
2025-10-27 09:05:09,145 - Knowledge - INFO - Worker kw2 processing /app/data/tataelxsimcvaripplecode5379/718/b3129g6/Thunder-712/cmake/config/events/event_handlers.cmake
2025-10-27 09:05:09,232 - Knowledge - INFO - process ingested knowledge for /app/data/tataelxsimcvaripplecode5379/718/b3129g6/Thunder-712/cmake/config/map/helpers/map_pop_back.cmake
2025-10-27 09:05:09,312 - Knowledge - INFO - Worker kw1 processing /app/data/tataelxsimcvaripplecode5379/718/b3129g6/Thunder-712/Source/plugins/Module.cpp
2025-10-27 09:05:09,393 - Knowledge - INFO - Fast-tracked /app/data/tataelxsimcvaripplecode5379/718/b3129g6/Thunder-712/cmake/config/stack/stack_pop.cmake (ext=.cmake, size=315)
2025-10-27 09:05:09,597 - Knowledge - INFO - process ingested knowledge for /app/data/tataelxsimcvaripplecode5379/718/b3129g6/Thunder-712/docs/index.md
2025-10-27 09:05:09,702 - Knowledge - INFO - Fast-tracked /app/data/tataelxsimcvaripplecode5379/718/b3129g6/Thunder-712/cmake/config/events/event_handlers.cmake (ext=.cmake, size=257)
2025-10-27 09:05:09,820 - Knowledge - INFO - process ingested knowledge for /app/data/tataelxsimcvaripplecode5379/718/b3129g6/Thunder-712/cmake/config/map/README.md
2025-10-27 09:05:09,897 - Knowledge - INFO - Fast-tracked /app/data/tataelxsimcvaripplecode5379/718/b3129g6/Thunder-712/Source/plugins/Module.cpp (ext=.cpp, size=803)
2025-10-27 09:05:09,979 - Knowledge - INFO - Worker kw7 processing /app/data/tataelxsimcvaripplecode5379/718/b3129g6/Thunder-712/cmake/config/map/helpers/map_peek_front.cmake
2025-10-27 09:05:10,070 - Knowledge - INFO - process ingested knowledge for /app/data/tataelxsimcvaripplecode5379/718/b3129g6/Thunder-712/Source/plugins/IPlugin.h
2025-10-27 09:05:10,209 - Knowledge - INFO - Worker kw2 processing /app/data/tataelxsimcvaripplecode5379/718/b3129g6/Thunder-712/Tests/unit/core/test_weblinktext.cpp
2025-10-27 09:05:10,302 - Knowledge - INFO - process ingested knowledge for /app/data/tataelxsimcvaripplecode5379/718/b3129g6/Thunder-712/Source/extensions/processcontainers/Module.h
2025-10-27 09:05:10,406 - Knowledge - INFO - Worker kw1 processing /app/data/tataelxsimcvaripplecode5379/718/b3129g6/Thunder-712/cmake/config/core/return/set_ans.cmake
2025-10-27 09:05:10,509 - Knowledge - INFO - Fast-tracked /app/data/tataelxsimcvaripplecode5379/718/b3129g6/Thunder-712/cmake/config/map/helpers/map_peek_front.cmake (ext=.cmake, size=130)
2025-10-27 09:05:10,588 - Knowledge - INFO - process ingested knowledge for /app/data/tataelxsimcvaripplecode5379/718/b3129g6/Thunder-712/docs/stylesheets/extra.css
2025-10-27 09:05:10,701 - Knowledge - INFO - Fast-tracked /app/data/tataelxsimcvaripplecode5379/718/b3129g6/Thunder-712/Tests/unit/core/test_weblinktext.cpp (ext=.cpp, size=7017)
2025-10-27 09:05:10,836 - Knowledge - INFO - process ingested knowledge for /app/data/tataelxsimcvaripplecode5379/718/b3129g6/Thunder-712/Source/messaging/DirectOutput.h
2025-10-27 09:05:10,923 - Knowledge - INFO - Fast-tracked /app/data/tataelxsimcvaripplecode5379/718/b3129g6/Thunder-712/cmake/config/core/return/set_ans.cmake (ext=.cmake, size=89)
2025-10-27 09:05:11,001 - Knowledge - INFO - Worker kw7 processing /app/data/tataelxsimcvaripplecode5379/718/b3129g6/Thunder-712/Source/plugins/Config.h
2025-10-27 09:05:11,106 - Knowledge - INFO - process ingested knowledge for /app/data/tataelxsimcvaripplecode5379/718/b3129g6/Thunder-712/Source/core/SharedBuffer.h
2025-10-27 09:05:11,188 - Knowledge - INFO - Worker kw2 processing /app/data/tataelxsimcvaripplecode5379/718/b3129g6/Thunder-712/Source/core/SharedBuffer.cpp
2025-10-27 09:05:11,267 - Knowledge - INFO - process ingested knowledge for /app/data/tataelxsimcvaripplecode5379/718/b3129g6/Thunder-712/Source/plugins/Configuration.h
2025-10-27 09:05:11,357 - Knowledge - INFO - Worker kw1 processing /app/data/tataelxsimcvaripplecode5379/718/b3129g6/Thunder-712/Source/plugins/MetaData.h
2025-10-27 09:05:11,470 - Knowledge - INFO - Fast-tracked /app/data/tataelxsimcvaripplecode5379/718/b3129g6/Thunder-712/Source/plugins/Config.h (ext=.h, size=1333)
2025-10-27 09:05:11,582 - Knowledge - INFO - process ingested knowledge for /app/data/tataelxsimcvaripplecode5379/718/b3129g6/Thunder-712/cmake/config/string/string_take_regex.cmake
2025-10-27 09:05:11,702 - Knowledge - INFO - Worker kw2 processing /app/data/tataelxsimcvaripplecode5379/718/b3129g6/Thunder-712/Source/extensions/warningreporting/Module.h
2025-10-27 09:05:11,790 - Knowledge - INFO - process ingested knowledge for /app/data/tataelxsimcvaripplecode5379/718/b3129g6/Thunder-712/Source/websocket/URL.h
2025-10-27 09:05:11,887 - Knowledge - INFO - Worker kw1 processing /app/data/tataelxsimcvaripplecode5379/718/b3129g6/Thunder-712/Source/extensions/processcontainers/implementations/AWCImplementation/dbus/Client.cpp
2025-10-27 09:05:12,178 - Knowledge - INFO - Worker kw7 processing /app/data/tataelxsimcvaripplecode5379/718/b3129g6/Thunder-712/cmake/config/ref/address_push_front.cmake
2025-10-27 09:05:12,283 - Knowledge - INFO - process ingested knowledge for /app/data/tataelxsimcvaripplecode5379/718/b3129g6/Thunder-712/Source/core/WarningReportingCategories.cpp
2025-10-27 09:05:12,370 - Knowledge - INFO - Fast-tracked /app/data/tataelxsimcvaripplecode5379/718/b3129g6/Thunder-712/Source/extensions/warningreporting/Module.h (ext=.h, size=971)
2025-10-27 09:05:12,458 - Knowledge - INFO - process ingested knowledge for /app/data/tataelxsimcvaripplecode5379/718/b3129g6/Thunder-712/Source/core/Timer.h
2025-10-27 09:05:12,541 - Knowledge - INFO - Worker kw1 processing /app/data/tataelxsimcvaripplecode5379/718/b3129g6/Thunder-712/Source/core/Time.cpp
2025-10-27 09:05:12,618 - Knowledge - INFO - Fast-tracked /app/data/tataelxsimcvaripplecode5379/718/b3129g6/Thunder-712/cmake/config/ref/address_push_front.cmake (ext=.cmake, size=159)
2025-10-27 09:05:12,721 - Knowledge - INFO - process ingested knowledge for /app/data/tataelxsimcvaripplecode5379/718/b3129g6/Thunder-712/Tests/unit/core/test_networkinfo.cpp
2025-10-27 09:05:12,830 - Knowledge - INFO - Worker kw2 processing /app/data/tataelxsimcvaripplecode5379/718/b3129g6/Thunder-712/Source/extensions/processcontainers/implementations/AWCImplementation/AWCContainerBase.h
2025-10-27 09:05:12,944 - Knowledge - INFO - process ingested knowledge for /app/data/tataelxsimcvaripplecode5379/718/b3129g6/Thunder-712/cmake/config/events/event_cancel.cmake
2025-10-27 09:05:13,021 - Knowledge - INFO - Worker kw1 processing /app/data/tataelxsimcvaripplecode5379/718/b3129g6/Thunder-712/Source/plugins/IShell.h
2025-10-27 09:05:13,175 - Knowledge - INFO - process ingested knowledge for /app/data/tataelxsimcvaripplecode5379/718/b3129g6/Thunder-712/Source/extensions/warningreporting/WarningReportingUnit.cpp
2025-10-27 09:05:13,249 - Knowledge - INFO - Fast-tracked /app/data/tataelxsimcvaripplecode5379/718/b3129g6/Thunder-712/Source/extensions/processcontainers/implementations/AWCImplementation/AWCContainerBase.h (ext=.h, size=572)
2025-10-27 09:05:13,343 - Knowledge - INFO - process ingested knowledge for /app/data/tataelxsimcvaripplecode5379/718/b3129g6/Thunder-712/Source/core/IObserver.h
2025-10-27 09:05:13,485 - Knowledge - INFO - Worker kw1 processing /app/data/tataelxsimcvaripplecode5379/718/b3129g6/Thunder-712/cmake/config/map/helpers/map_all_paths.cmake
2025-10-27 09:05:13,771 - Knowledge - INFO - [LLM_CALL] Completed: GenericConfig.cmake:chunk1, Duration: 19182ms, PromptTokens: 166172, CompletionTokens: 15690, Cost: $0.00000
2025-10-27 09:05:13,782 - Knowledge - INFO - Worker kw2 processing /app/data/tataelxsimcvaripplecode5379/718/b3129g6/Thunder-712/cmake/config/events/event.cmake
2025-10-27 09:05:13,807 - Knowledge - ERROR - Timeout processing /app/data/tataelxsimcvaripplecode5379/718/b3129g6/Thunder-712/Source/core/Number.h after 90s
2025-10-27 09:05:13,808 - Knowledge - INFO - process ingested knowledge for /app/data/tataelxsimcvaripplecode5379/718/b3129g6/Thunder-712/cmake/config/map/helpers/map_pairs.cmake
2025-10-27 09:05:13,885 - Knowledge - INFO - process ingested knowledge for /app/data/tataelxsimcvaripplecode5379/718/b3129g6/Thunder-712/Tests/unit/core/test_optional.cpp
2025-10-27 09:05:13,971 - Knowledge - INFO - Fast-tracked /app/data/tataelxsimcvaripplecode5379/718/b3129g6/Thunder-712/cmake/config/map/helpers/map_all_paths.cmake (ext=.cmake, size=565)
2025-10-27 09:05:14,065 - Knowledge - INFO - done ingest for /app/data/tataelxsimcvaripplecode5379/718/b3129g6/Thunder-712/Source/WPEFramework/GenericConfig.cmake
2025-10-27 09:05:14,148 - Knowledge - INFO - Fast-tracked /app/data/tataelxsimcvaripplecode5379/718/b3129g6/Thunder-712/cmake/config/events/event.cmake (ext=.cmake, size=408)
2025-10-27 09:05:14,270 - Knowledge - ERROR - Timeout processing /app/data/tataelxsimcvaripplecode5379/718/b3129g6/Thunder-712/Source/WPEFramework/PluginHost.cpp after 90s
2025-10-27 09:05:14,382 - Knowledge - INFO - process ingested knowledge for /app/data/tataelxsimcvaripplecode5379/718/b3129g6/Thunder-712/Source/websocket/WebTransfer.h
2025-10-27 09:05:14,481 - Knowledge - INFO - process ingested knowledge for /app/data/tataelxsimcvaripplecode5379/718/b3129g6/Thunder-712/Tests/unit/CMakeLists.txt
2025-10-27 09:05:14,559 - Knowledge - INFO - Worker kw1 processing /app/data/tataelxsimcvaripplecode5379/718/b3129g6/Thunder-712/Source/WPEProcess/CMakeLists.txt
2025-10-27 09:05:14,755 - Knowledge - INFO - Worker kw2 processing /app/data/tataelxsimcvaripplecode5379/718/b3129g6/Thunder-712/Source/core/SystemInfo.cpp
2025-10-27 09:05:15,021 - Knowledge - INFO - [LLM_CALL] Completed: Messaging.h:chunk1, Duration: 15531ms, PromptTokens: 167820, CompletionTokens: 16071, Cost: $0.00000
2025-10-27 09:05:15,123 - Knowledge - INFO - process ingested knowledge for /app/data/tataelxsimcvaripplecode5379/718/b3129g6/Thunder-712/Source/messaging/MessageDispatcher.h
2025-10-27 09:05:15,202 - Knowledge - INFO - process ingested knowledge for /app/data/tataelxsimcvaripplecode5379/718/b3129g6/Thunder-712/cmake/modules/FindLXC.cmake
2025-10-27 09:05:15,288 - Knowledge - INFO - Fast-tracked /app/data/tataelxsimcvaripplecode5379/718/b3129g6/Thunder-712/Source/WPEProcess/CMakeLists.txt (ext=.txt, size=2700)
2025-10-27 09:05:15,366 - Knowledge - INFO - Worker kw2 processing /app/data/tataelxsimcvaripplecode5379/718/b3129g6/Thunder-712/Source/core/Stream.h
2025-10-27 09:05:15,465 - Knowledge - INFO - done ingest for /app/data/tataelxsimcvaripplecode5379/718/b3129g6/Thunder-712/Source/extensions/processcontainers/Messaging.h
2025-10-27 09:05:15,592 - Knowledge - INFO - process ingested knowledge for /app/data/tataelxsimcvaripplecode5379/718/b3129g6/Thunder-712/cmake/config/quickmap/kv.cmake
2025-10-27 09:05:15,736 - Knowledge - INFO - Worker kw1 processing /app/data/tataelxsimcvaripplecode5379/718/b3129g6/Thunder-712/cmake/config/map/iterator/README.md
2025-10-27 09:05:15,847 - Knowledge - INFO - Worker kw2 processing /app/data/tataelxsimcvaripplecode5379/718/b3129g6/Thunder-712/cmake/config/map/dfs_callback.cmake
2025-10-27 09:05:16,561 - Knowledge - INFO - Fast-tracked /app/data/tataelxsimcvaripplecode5379/718/b3129g6/Thunder-712/cmake/config/map/iterator/README.md (ext=.md, size=1925)
2025-10-27 09:05:16,710 - Knowledge - INFO - Worker kw2 processing /app/data/tataelxsimcvaripplecode5379/718/b3129g6/Thunder-712/cmake/config/string/string_take_address.cmake
2025-10-27 09:05:17,078 - Knowledge - INFO - Worker kw1 processing /app/data/tataelxsimcvaripplecode5379/718/b3129g6/Thunder-712/cmake/config/map/helpers/map_invert.cmake
2025-10-27 09:05:17,217 - Knowledge - INFO - Fast-tracked /app/data/tataelxsimcvaripplecode5379/718/b3129g6/Thunder-712/cmake/config/string/string_take_address.cmake (ext=.cmake, size=450)
2025-10-27 09:05:17,388 - Knowledge - INFO - Fast-tracked /app/data/tataelxsimcvaripplecode5379/718/b3129g6/Thunder-712/cmake/config/map/helpers/map_invert.cmake (ext=.cmake, size=357)
2025-10-27 09:05:17,501 - Knowledge - INFO - Worker kw2 processing /app/data/tataelxsimcvaripplecode5379/718/b3129g6/Thunder-712/Source/websocket/windows/include/zlib.h
2025-10-27 09:05:17,580 - Knowledge - INFO - Worker kw1 processing /app/data/tataelxsimcvaripplecode5379/718/b3129g6/Thunder-712/Source/core/IWarningReportingControl.h
2025-10-27 09:05:17,671 - Knowledge - INFO - Worker kw2 processing /app/data/tataelxsimcvaripplecode5379/718/b3129g6/Thunder-712/Source/core/CyclicBuffer.cpp
2025-10-27 09:05:17,775 - Knowledge - INFO - Worker kw1 processing /app/data/tataelxsimcvaripplecode5379/718/b3129g6/Thunder-712/cmake/config/map/core/map_append_unique.cmake
2025-10-27 09:05:17,855 - Knowledge - INFO - Worker kw2 processing /app/data/tataelxsimcvaripplecode5379/718/b3129g6/Thunder-712/Tests/unit/core/test_sharedbuffer.cpp
2025-10-27 09:05:18,369 - Knowledge - INFO - Fast-tracked /app/data/tataelxsimcvaripplecode5379/718/b3129g6/Thunder-712/cmake/config/map/core/map_append_unique.cmake (ext=.cmake, size=306)
2025-10-27 09:05:18,502 - Knowledge - INFO - Fast-tracked /app/data/tataelxsimcvaripplecode5379/718/b3129g6/Thunder-712/Tests/unit/core/test_sharedbuffer.cpp (ext=.cpp, size=6119)
2025-10-27 09:05:18,611 - Knowledge - INFO - Worker kw1 processing /app/data/tataelxsimcvaripplecode5379/718/b3129g6/Thunder-712/Tests/unit/core/test_processinfo.cpp
2025-10-27 09:05:18,715 - Knowledge - INFO - Worker kw2 processing /app/data/tataelxsimcvaripplecode5379/718/b3129g6/Thunder-712/cmake/config/core/return/return_refs.cmake
2025-10-27 09:05:19,037 - Knowledge - INFO - Fast-tracked /app/data/tataelxsimcvaripplecode5379/718/b3129g6/Thunder-712/Tests/unit/core/test_processinfo.cpp (ext=.cpp, size=2767)
2025-10-27 09:05:19,193 - Knowledge - INFO - Fast-tracked /app/data/tataelxsimcvaripplecode5379/718/b3129g6/Thunder-712/cmake/config/core/return/return_refs.cmake (ext=.cmake, size=204)
2025-10-27 09:05:19,293 - Knowledge - INFO - Worker kw1 processing /app/data/tataelxsimcvaripplecode5379/718/b3129g6/Thunder-712/cmake/config/map/core/map_remove.cmake
2025-10-27 09:05:19,422 - Knowledge - INFO - Worker kw2 processing /app/data/tataelxsimcvaripplecode5379/718/b3129g6/Thunder-712/Source/core/Synchronize.h
2025-10-27 09:05:19,541 - Knowledge - INFO - Fast-tracked /app/data/tataelxsimcvaripplecode5379/718/b3129g6/Thunder-712/cmake/config/map/core/map_remove.cmake (ext=.cmake, size=441)
2025-10-27 09:05:19,645 - Knowledge - INFO - Worker kw2 processing /app/data/tataelxsimcvaripplecode5379/718/b3129g6/Thunder-712/Tests/unit/core/test_websocketjson.cpp
2025-10-27 09:05:19,927 - Knowledge - INFO - Worker kw1 processing /app/data/tataelxsimcvaripplecode5379/718/b3129g6/Thunder-712/Tests/unit/core/test_ipcclient.cpp
2025-10-27 09:05:20,015 - Knowledge - INFO - Fast-tracked /app/data/tataelxsimcvaripplecode5379/718/b3129g6/Thunder-712/Tests/unit/core/test_websocketjson.cpp (ext=.cpp, size=7592)
2025-10-27 09:05:20,204 - Knowledge - INFO - Fast-tracked /app/data/tataelxsimcvaripplecode5379/718/b3129g6/Thunder-712/Tests/unit/core/test_ipcclient.cpp (ext=.cpp, size=2852)
2025-10-27 09:05:20,352 - Knowledge - INFO - Worker kw2 processing /app/data/tataelxsimcvaripplecode5379/718/b3129g6/Thunder-712/Source/websocket/URL.cpp
2025-10-27 09:05:20,528 - Knowledge - INFO - Worker kw1 processing /app/data/tataelxsimcvaripplecode5379/718/b3129g6/Thunder-712/Source/cryptalgo/AESImplementation.cpp
2025-10-27 09:05:20,685 - Knowledge - INFO - Worker kw2 processing /app/data/tataelxsimcvaripplecode5379/718/b3129g6/Thunder-712/Source/messaging/DirectOutput.cpp
2025-10-27 09:05:21,049 - Knowledge - INFO - Worker kw1 processing /app/data/tataelxsimcvaripplecode5379/718/b3129g6/Thunder-712/cmake/config/core/return/return_math.cmake
2025-10-27 09:05:21,173 - Knowledge - INFO - Fast-tracked /app/data/tataelxsimcvaripplecode5379/718/b3129g6/Thunder-712/Source/messaging/DirectOutput.cpp (ext=.cpp, size=1637)
2025-10-27 09:05:21,177 - Knowledge - INFO - [LLM_CALL] Completed: TypeTraits.h:chunk1, Duration: 16259ms, PromptTokens: 173142, CompletionTokens: 16395, Cost: $0.00000
2025-10-27 09:05:21,231 - Knowledge - INFO - Fast-tracked /app/data/tataelxsimcvaripplecode5379/718/b3129g6/Thunder-712/cmake/config/core/return/return_math.cmake (ext=.cmake, size=116)
2025-10-27 09:05:21,379 - Knowledge - INFO - Worker kw2 processing /app/data/tataelxsimcvaripplecode5379/718/b3129g6/Thunder-712/Source/extensions/processcontainers/Module.cpp
2025-10-27 09:05:21,470 - Knowledge - INFO - done ingest for /app/data/tataelxsimcvaripplecode5379/718/b3129g6/Thunder-712/Source/core/TypeTraits.h
2025-10-27 09:05:21,587 - Knowledge - INFO - Worker kw1 processing /app/data/tataelxsimcvaripplecode5379/718/b3129g6/Thunder-712/Tests/unit/core/test_synchronous.cpp
2025-10-27 09:05:21,676 - Knowledge - INFO - Fast-tracked /app/data/tataelxsimcvaripplecode5379/718/b3129g6/Thunder-712/Source/extensions/processcontainers/Module.cpp (ext=.cpp, size=779)
2025-10-27 09:05:22,467 - Knowledge - INFO - Fast-tracked /app/data/tataelxsimcvaripplecode5379/718/b3129g6/Thunder-712/Tests/unit/core/test_synchronous.cpp (ext=.cpp, size=5165)
2025-10-27 09:05:22,642 - Knowledge - INFO - Worker kw2 processing /app/data/tataelxsimcvaripplecode5379/718/b3129g6/Thunder-712/cmake/config/map/operations/map_union.cmake
2025-10-27 09:05:22,793 - Knowledge - INFO - [LLM_CALL] Completed: ISO639.h:chunk1, Duration: 38006ms, PromptTokens: 175274, CompletionTokens: 16791, Cost: $0.00000
2025-10-27 09:05:22,796 - Knowledge - INFO - Worker kw1 processing /app/data/tataelxsimcvaripplecode5379/718/b3129g6/Thunder-712/cmake/config/core/eval.cmake
2025-10-27 09:05:22,908 - Knowledge - INFO - Fast-tracked /app/data/tataelxsimcvaripplecode5379/718/b3129g6/Thunder-712/cmake/config/map/operations/map_union.cmake (ext=.cmake, size=604)
2025-10-27 09:05:22,980 - Knowledge - INFO - done ingest for /app/data/tataelxsimcvaripplecode5379/718/b3129g6/Thunder-712/Source/core/ISO639.h
2025-10-27 09:05:23,065 - Knowledge - INFO - Fast-tracked /app/data/tataelxsimcvaripplecode5379/718/b3129g6/Thunder-712/cmake/config/core/eval.cmake (ext=.cmake, size=865)
2025-10-27 09:05:23,206 - Knowledge - INFO - Worker kw2 processing /app/data/tataelxsimcvaripplecode5379/718/b3129g6/Thunder-712/Source/messaging/Logging.h
2025-10-27 09:05:23,450 - Knowledge - INFO - Worker kw1 processing /app/data/tataelxsimcvaripplecode5379/718/b3129g6/Thunder-712/Source/plugins/IController.h
2025-10-27 09:05:23,995 - Knowledge - INFO - Worker kw2 processing /app/data/tataelxsimcvaripplecode5379/718/b3129g6/Thunder-712/cmake/config/ref/address_set_new.cmake
2025-10-27 09:05:24,430 - Knowledge - INFO - Worker kw1 processing /app/data/tataelxsimcvaripplecode5379/718/b3129g6/Thunder-712/cmake/config/map/core/map_append_string.cmake
2025-10-27 09:05:24,719 - Knowledge - INFO - Fast-tracked /app/data/tataelxsimcvaripplecode5379/718/b3129g6/Thunder-712/cmake/config/ref/address_set_new.cmake (ext=.cmake, size=113)
2025-10-27 09:05:25,149 - Knowledge - INFO - Fast-tracked /app/data/tataelxsimcvaripplecode5379/718/b3129g6/Thunder-712/cmake/config/map/core/map_append_string.cmake (ext=.cmake, size=608)
2025-10-27 09:05:25,272 - Knowledge - ERROR - Timeout processing /app/data/tataelxsimcvaripplecode5379/718/b3129g6/Thunder-712/Source/extensions/processcontainers/implementations/AWCImplementation/AWCContainerAdministrator.cpp after 90s
2025-10-27 09:05:25,374 - Knowledge - INFO - Worker kw1 processing /app/data/tataelxsimcvaripplecode5379/718/b3129g6/Thunder-712/Tests/unit/core/test_xgetopt.cpp
2025-10-27 09:05:25,848 - Knowledge - INFO - Fast-tracked /app/data/tataelxsimcvaripplecode5379/718/b3129g6/Thunder-712/Tests/unit/core/test_xgetopt.cpp (ext=.cpp, size=1876)
2025-10-27 09:05:26,364 - Knowledge - INFO - Worker kw1 processing /app/data/tataelxsimcvaripplecode5379/718/b3129g6/Thunder-712/cmake/config/map/helpers/map_to_keyvaluelist.cmake
2025-10-27 09:05:26,431 - Knowledge - INFO - [LLM_CALL] Completed: SystemInfo.cpp:chunk1, Duration: 37883ms, PromptTokens: 179618, CompletionTokens: 17765, Cost: $0.00000
2025-10-27 09:05:26,714 - Knowledge - INFO - Fast-tracked /app/data/tataelxsimcvaripplecode5379/718/b3129g6/Thunder-712/cmake/config/map/helpers/map_to_keyvaluelist.cmake (ext=.cmake, size=266)
2025-10-27 09:05:26,812 - Knowledge - INFO - done ingest for /app/data/tataelxsimcvaripplecode5379/718/b3129g6/Thunder-712/Source/WPEFramework/SystemInfo.cpp
2025-10-27 09:05:26,817 - Knowledge - INFO - [LLM_CALL] Completed: FindLibCRUN.cmake:chunk1, Duration: 38269ms, PromptTokens: 181618, CompletionTokens: 17824, Cost: $0.00000
2025-10-27 09:05:26,991 - Knowledge - INFO - Worker kw1 processing /app/data/tataelxsimcvaripplecode5379/718/b3129g6/Thunder-712/Source/WPEFramework/ExampleConfigAll.json
2025-10-27 09:05:27,447 - Knowledge - INFO - done ingest for /app/data/tataelxsimcvaripplecode5379/718/b3129g6/Thunder-712/cmake/modules/FindLibCRUN.cmake
2025-10-27 09:05:27,869 - Knowledge - INFO - Fast-tracked /app/data/tataelxsimcvaripplecode5379/718/b3129g6/Thunder-712/Source/WPEFramework/ExampleConfigAll.json (ext=.json, size=4048)
2025-10-27 09:05:28,413 - Knowledge - INFO - Worker kw1 processing /app/data/tataelxsimcvaripplecode5379/718/b3129g6/Thunder-712/Source/core/KeyValue.h
2025-10-27 09:05:28,926 - Knowledge - INFO - Worker kw1 processing /app/data/tataelxsimcvaripplecode5379/718/b3129g6/Thunder-712/cmake/config/map/helpers/map_capture.cmake
2025-10-27 09:05:29,349 - Knowledge - INFO - Fast-tracked /app/data/tataelxsimcvaripplecode5379/718/b3129g6/Thunder-712/cmake/config/map/helpers/map_capture.cmake (ext=.cmake, size=786)
2025-10-27 09:05:30,276 - Knowledge - INFO - [LLM_CALL] Completed: Sync.h:chunk1, Duration: 49886ms, PromptTokens: 185242, CompletionTokens: 18885, Cost: $0.00000
2025-10-27 09:05:30,361 - Knowledge - INFO - Worker kw1 processing /app/data/tataelxsimcvaripplecode5379/718/b3129g6/Thunder-712/Source/websocket/JSONRPCLink.cpp
2025-10-27 09:05:30,449 - Knowledge - INFO - done ingest for /app/data/tataelxsimcvaripplecode5379/718/b3129g6/Thunder-712/Source/core/Sync.h
2025-10-27 09:05:30,541 - Knowledge - INFO - Fast-tracked /app/data/tataelxsimcvaripplecode5379/718/b3129g6/Thunder-712/Source/websocket/JSONRPCLink.cpp (ext=.cpp, size=1022)
2025-10-27 09:05:31,281 - Knowledge - INFO - Worker kw1 processing /app/data/tataelxsimcvaripplecode5379/718/b3129g6/Thunder-712/cmake/config/ref/address_pop_back.cmake
2025-10-27 09:05:31,384 - Knowledge - INFO - [LLM_CALL] Completed: IDispatcher.h:chunk1, Duration: 29962ms, PromptTokens: 187230, CompletionTokens: 19722, Cost: $0.00000
2025-10-27 09:05:31,527 - Knowledge - INFO - Fast-tracked /app/data/tataelxsimcvaripplecode5379/718/b3129g6/Thunder-712/cmake/config/ref/address_pop_back.cmake (ext=.cmake, size=163)
2025-10-27 09:05:31,826 - Knowledge - INFO - done ingest for /app/data/tataelxsimcvaripplecode5379/718/b3129g6/Thunder-712/Source/plugins/IDispatcher.h
2025-10-27 09:05:31,931 - Knowledge - INFO - Worker kw1 processing /app/data/tataelxsimcvaripplecode5379/718/b3129g6/Thunder-712/cmake/platform.cmake
2025-10-27 09:05:33,324 - Knowledge - INFO - Fast-tracked /app/data/tataelxsimcvaripplecode5379/718/b3129g6/Thunder-712/cmake/platform.cmake (ext=.cmake, size=1096)
2025-10-27 09:05:33,676 - Knowledge - INFO - Worker kw1 processing /app/data/tataelxsimcvaripplecode5379/718/b3129g6/Thunder-712/cmake/config/map/helpers/map_get_default.cmake
2025-10-27 09:05:34,212 - Knowledge - INFO - Fast-tracked /app/data/tataelxsimcvaripplecode5379/718/b3129g6/Thunder-712/cmake/config/map/helpers/map_get_default.cmake (ext=.cmake, size=354)
2025-10-27 09:05:34,536 - Knowledge - INFO - Worker kw1 processing /app/data/tataelxsimcvaripplecode5379/718/b3129g6/Thunder-712/Source/core/NetworkInfo.h
2025-10-27 09:05:35,123 - Knowledge - INFO - Worker kw1 processing /app/data/tataelxsimcvaripplecode5379/718/b3129g6/Thunder-712/Source/extensions/warningreporting/warningreporting.h
2025-10-27 09:05:35,323 - Knowledge - INFO - [LLM_CALL] Completed: Serialization.cpp:chunk1, Duration: 32313ms, PromptTokens: 194688, CompletionTokens: 20234, Cost: $0.00000
2025-10-27 09:05:35,723 - Knowledge - INFO - Fast-tracked /app/data/tataelxsimcvaripplecode5379/718/b3129g6/Thunder-712/Source/extensions/warningreporting/warningreporting.h (ext=.h, size=989)
2025-10-27 09:05:35,949 - Knowledge - INFO - done ingest for /app/data/tataelxsimcvaripplecode5379/718/b3129g6/Thunder-712/Source/core/Serialization.cpp
2025-10-27 09:05:36,079 - Knowledge - INFO - Worker kw1 processing /app/data/tataelxsimcvaripplecode5379/718/b3129g6/Thunder-712/docs/introduction/intro.md
2025-10-27 09:05:36,302 - Knowledge - INFO - [LLM_CALL] Completed: IVirtualInput.h:chunk1, Duration: 41720ms, PromptTokens: 196524, CompletionTokens: 20718, Cost: $0.00000
2025-10-27 09:05:36,730 - Knowledge - INFO - Fast-tracked /app/data/tataelxsimcvaripplecode5379/718/b3129g6/Thunder-712/docs/introduction/intro.md (ext=.md, size=3609)
2025-10-27 09:05:36,845 - Knowledge - INFO - done ingest for /app/data/tataelxsimcvaripplecode5379/718/b3129g6/Thunder-712/Source/plugins/IVirtualInput.h
2025-10-27 09:05:36,950 - Knowledge - INFO - Worker kw1 processing /app/data/tataelxsimcvaripplecode5379/718/b3129g6/Thunder-712/Tests/unit/core/test_numbertype.cpp
2025-10-27 09:05:37,360 - Knowledge - INFO - Fast-tracked /app/data/tataelxsimcvaripplecode5379/718/b3129g6/Thunder-712/Tests/unit/core/test_numbertype.cpp (ext=.cpp, size=10434)
2025-10-27 09:05:37,904 - Knowledge - INFO - Worker kw1 processing /app/data/tataelxsimcvaripplecode5379/718/b3129g6/Thunder-712/cmake/config/core/return/ans_append.cmake
2025-10-27 09:05:37,972 - Knowledge - ERROR - Timeout processing /app/data/tataelxsimcvaripplecode5379/718/b3129g6/Thunder-712/Source/core/Parser.h after 90s
2025-10-27 09:05:38,294 - Knowledge - INFO - Fast-tracked /app/data/tataelxsimcvaripplecode5379/718/b3129g6/Thunder-712/cmake/config/core/return/ans_append.cmake (ext=.cmake, size=124)
2025-10-27 09:05:38,545 - Knowledge - INFO - Worker kw1 processing /app/data/tataelxsimcvaripplecode5379/718/b3129g6/Thunder-712/cmake/config/core/return/set_ans_ref.cmake
2025-10-27 09:05:38,575 - Knowledge - INFO - [LLM_CALL] Completed: Probe.h:chunk1, Duration: 33452ms, PromptTokens: 201976, CompletionTokens: 21530, Cost: $0.00000
2025-10-27 09:05:38,739 - Knowledge - INFO - Fast-tracked /app/data/tataelxsimcvaripplecode5379/718/b3129g6/Thunder-712/cmake/config/core/return/set_ans_ref.cmake (ext=.cmake, size=91)
2025-10-27 09:05:38,904 - Knowledge - INFO - done ingest for /app/data/tataelxsimcvaripplecode5379/718/b3129g6/Thunder-712/Source/WPEFramework/Probe.h
2025-10-27 09:05:39,015 - Knowledge - INFO - Worker kw1 processing /app/data/tataelxsimcvaripplecode5379/718/b3129g6/Thunder-712/Source/core/StreamJSON.h
2025-10-27 09:05:39,564 - Knowledge - INFO - Worker kw1 processing /app/data/tataelxsimcvaripplecode5379/718/b3129g6/Thunder-712/cmake/config/collections/list_pop_front.cmake
2025-10-27 09:05:39,992 - Knowledge - INFO - Fast-tracked /app/data/tataelxsimcvaripplecode5379/718/b3129g6/Thunder-712/cmake/config/collections/list_pop_front.cmake (ext=.cmake, size=1052)
2025-10-27 09:05:41,130 - Knowledge - INFO - Worker kw1 processing /app/data/tataelxsimcvaripplecode5379/718/b3129g6/Thunder-712/Source/websocket/WebSerializer.h
2025-10-27 09:05:41,432 - Knowledge - ERROR - Timeout processing /app/data/tataelxsimcvaripplecode5379/718/b3129g6/Thunder-712/cmake/common/CreatePackage.cmake after 90s
2025-10-27 09:05:41,455 - Knowledge - WARNING - File /app/data/tataelxsimcvaripplecode5379/718/b3129g6/Thunder-712/Source/extensions/processcontainers/ProcessContainer.h not successfully processed
2025-10-27 09:05:41,554 - Knowledge - INFO - Worker kw1 processing /app/data/tataelxsimcvaripplecode5379/718/b3129g6/Thunder-712/Source/plugins/StateControl.cpp
2025-10-27 09:05:41,624 - Knowledge - ERROR - Timeout processing /app/data/tataelxsimcvaripplecode5379/718/b3129g6/Thunder-712/Source/messaging/MessageClient.h after 90s
2025-10-27 09:05:41,794 - Knowledge - INFO - Fast-tracked /app/data/tataelxsimcvaripplecode5379/718/b3129g6/Thunder-712/Source/plugins/StateControl.cpp (ext=.cpp, size=1727)
2025-10-27 09:05:41,877 - Knowledge - ERROR - Timeout processing /app/data/tataelxsimcvaripplecode5379/718/b3129g6/Thunder-712/Source/extensions/processcontainers/implementations/DobbyImplementation/DobbyImplementation.cpp after 90s
2025-10-27 09:05:42,005 - Knowledge - INFO - Worker kw1 processing /app/data/tataelxsimcvaripplecode5379/718/b3129g6/Thunder-712/cmake/config/map/helpers/map_has_all.cmake
2025-10-27 09:05:42,628 - Knowledge - INFO - Fast-tracked /app/data/tataelxsimcvaripplecode5379/718/b3129g6/Thunder-712/cmake/config/map/helpers/map_has_all.cmake (ext=.cmake, size=253)
2025-10-27 09:05:42,759 - Knowledge - INFO - [LLM_CALL] Completed: CRunImplementation.cpp:chunk1, Duration: 34498ms, PromptTokens: 207682, CompletionTokens: 22346, Cost: $0.00000
2025-10-27 09:05:42,846 - Knowledge - INFO - Worker kw1 processing /app/data/tataelxsimcvaripplecode5379/718/b3129g6/Thunder-712/Tests/unit/core/test_message_dispatcher.cpp
2025-10-27 09:05:42,995 - Knowledge - INFO - done ingest for /app/data/tataelxsimcvaripplecode5379/718/b3129g6/Thunder-712/Source/extensions/processcontainers/implementations/CRunImplementation/CRunImplementation.cpp
2025-10-27 09:05:43,062 - Knowledge - WARNING - File /app/data/tataelxsimcvaripplecode5379/718/b3129g6/Thunder-712/Source/extensions/processcontainers/implementations/AWCImplementation/AWCContainerAdministrator.cpp not successfully processed
2025-10-27 09:05:43,081 - Knowledge - INFO - Fast-tracked /app/data/tataelxsimcvaripplecode5379/718/b3129g6/Thunder-712/Tests/unit/core/test_message_dispatcher.cpp (ext=.cpp, size=14454)
2025-10-27 09:05:43,696 - Knowledge - INFO - Worker kw1 processing /app/data/tataelxsimcvaripplecode5379/718/b3129g6/Thunder-712/Source/com/Ids.h
2025-10-27 09:05:44,167 - Knowledge - INFO - Worker kw1 processing /app/data/tataelxsimcvaripplecode5379/718/b3129g6/Thunder-712/Source/core/Module.h
2025-10-27 09:05:44,650 - Knowledge - INFO - [LLM_CALL] Completed: RunCImplementation.cpp:chunk1, Duration: 41527ms, PromptTokens: 215766, CompletionTokens: 23440, Cost: $0.00000
2025-10-27 09:05:44,653 - Knowledge - INFO - Fast-tracked /app/data/tataelxsimcvaripplecode5379/718/b3129g6/Thunder-712/Source/core/Module.h (ext=.h, size=919)
2025-10-27 09:05:44,861 - Knowledge - INFO - done ingest for /app/data/tataelxsimcvaripplecode5379/718/b3129g6/Thunder-712/Source/extensions/processcontainers/implementations/RunCImplementation/RunCImplementation.cpp
2025-10-27 09:05:44,941 - Knowledge - INFO - Worker kw1 processing /app/data/tataelxsimcvaripplecode5379/718/b3129g6/Thunder-712/Source/core/XGetopt.cpp
2025-10-27 09:05:45,580 - Knowledge - INFO - Worker kw1 processing /app/data/tataelxsimcvaripplecode5379/718/b3129g6/Thunder-712/Source/messaging/Module.cpp
2025-10-27 09:05:45,687 - Knowledge - INFO - [LLM_CALL] Completed: TextFragment.h:chunk1, Duration: 44265ms, PromptTokens: 225728, CompletionTokens: 24194, Cost: $0.00000
2025-10-27 09:05:45,760 - Knowledge - INFO - Fast-tracked /app/data/tataelxsimcvaripplecode5379/718/b3129g6/Thunder-712/Source/messaging/Module.cpp (ext=.cpp, size=779)
2025-10-27 09:05:45,841 - Knowledge - INFO - done ingest for /app/data/tataelxsimcvaripplecode5379/718/b3129g6/Thunder-712/Source/core/TextFragment.h
2025-10-27 09:05:45,988 - Knowledge - INFO - Worker kw1 processing /app/data/tataelxsimcvaripplecode5379/718/b3129g6/Thunder-712/cmake/config/map/helpers/map_copy_shallow.cmake
2025-10-27 09:05:45,992 - Knowledge - WARNING - File /app/data/tataelxsimcvaripplecode5379/718/b3129g6/Thunder-712/Source/core/Parser.h not successfully processed
2025-10-27 09:05:46,854 - Knowledge - INFO - Fast-tracked /app/data/tataelxsimcvaripplecode5379/718/b3129g6/Thunder-712/cmake/config/map/helpers/map_copy_shallow.cmake (ext=.cmake, size=324)
2025-10-27 09:05:47,328 - Knowledge - INFO - Worker kw1 processing /app/data/tataelxsimcvaripplecode5379/718/b3129g6/Thunder-712/Source/core/Enumerate.h
2025-10-27 09:05:47,550 - Knowledge - ERROR - Timeout processing /app/data/tataelxsimcvaripplecode5379/718/b3129g6/Thunder-712/Source/core/SocketPort.cpp after 90s
2025-10-27 09:05:47,627 - Knowledge - INFO - Processing batch of 27 files
2025-10-27 09:05:47,699 - Knowledge - INFO - Worker kw1 processing /app/data/tataelxsimcvaripplecode5379/718/b3129g6/Thunder-712/cmake/config/formats/json/json2.cmake
2025-10-27 09:05:47,777 - Knowledge - WARNING - File /app/data/tataelxsimcvaripplecode5379/718/b3129g6/Thunder-712/Source/core/Number.h not successfully processed
2025-10-27 09:05:47,897 - Knowledge - INFO - process ingested knowledge for /app/data/tataelxsimcvaripplecode5379/718/b3129g6/Thunder-712/cmake/config/map/helpers/map_extract.cmake
2025-10-27 09:05:47,999 - Knowledge - INFO - Fast-tracked /app/data/tataelxsimcvaripplecode5379/718/b3129g6/Thunder-712/cmake/config/formats/json/json2.cmake (ext=.cmake, size=652)
2025-10-27 09:05:48,115 - Knowledge - WARNING - File /app/data/tataelxsimcvaripplecode5379/718/b3129g6/Thunder-712/Source/WPEFramework/PluginHost.cpp not successfully processed
2025-10-27 09:05:48,174 - Knowledge - INFO - process ingested knowledge for /app/data/tataelxsimcvaripplecode5379/718/b3129g6/Thunder-712/Source/cryptalgo/Random.h
2025-10-27 09:05:48,290 - Knowledge - INFO - Worker kw1 processing /app/data/tataelxsimcvaripplecode5379/718/b3129g6/Thunder-712/Source/extensions/warningreporting/WarningReportingUnit.h
2025-10-27 09:05:48,412 - Knowledge - WARNING - File /app/data/tataelxsimcvaripplecode5379/718/b3129g6/Thunder-712/cmake/common/CreatePackage.cmake not successfully processed
2025-10-27 09:05:48,533 - Knowledge - INFO - process ingested knowledge for /app/data/tataelxsimcvaripplecode5379/718/b3129g6/Thunder-712/Tests/unit/core/test_event.cpp
2025-10-27 09:05:48,647 - Knowledge - INFO - Worker kw1 processing /app/data/tataelxsimcvaripplecode5379/718/b3129g6/Thunder-712/Source/core/WarningReportingCategories.h
2025-10-27 09:05:48,729 - Knowledge - WARNING - File /app/data/tataelxsimcvaripplecode5379/718/b3129g6/Thunder-712/Source/messaging/MessageClient.h not successfully processed
2025-10-27 09:05:48,818 - Knowledge - INFO - process ingested knowledge for /app/data/tataelxsimcvaripplecode5379/718/b3129g6/Thunder-712/cmake/config/core/return/return.cmake
2025-10-27 09:05:48,906 - Knowledge - INFO - Worker kw1 processing /app/data/tataelxsimcvaripplecode5379/718/b3129g6/Thunder-712/Source/core/ProcessInfo.cpp
2025-10-27 09:05:48,980 - Knowledge - WARNING - File /app/data/tataelxsimcvaripplecode5379/718/b3129g6/Thunder-712/Source/extensions/processcontainers/implementations/DobbyImplementation/DobbyImplementation.cpp not successfully processed
2025-10-27 09:05:49,054 - Knowledge - INFO - process ingested knowledge for /app/data/tataelxsimcvaripplecode5379/718/b3129g6/Thunder-712/Source/cryptalgo/Module.cpp
2025-10-27 09:05:49,182 - Knowledge - INFO - Worker kw1 processing /app/data/tataelxsimcvaripplecode5379/718/b3129g6/Thunder-712/Source/core/Config.h
2025-10-27 09:05:49,344 - Knowledge - WARNING - File /app/data/tataelxsimcvaripplecode5379/718/b3129g6/Thunder-712/Source/core/SocketPort.cpp not successfully processed
2025-10-27 09:05:49,393 - Knowledge - INFO - process ingested knowledge for /app/data/tataelxsimcvaripplecode5379/718/b3129g6/Thunder-712/cmake/config/map/helpers/list_match.cmake
2025-10-27 09:05:49,487 - Knowledge - INFO - Fast-tracked /app/data/tataelxsimcvaripplecode5379/718/b3129g6/Thunder-712/Source/core/Config.h (ext=.h, size=1359)
2025-10-27 09:05:49,667 - Knowledge - INFO - Processing batch of 24 files
2025-10-27 09:05:49,715 - Knowledge - INFO - process ingested knowledge for /app/data/tataelxsimcvaripplecode5379/718/b3129g6/Thunder-712/Source/extensions/localtracer/example/main.cpp
2025-10-27 09:05:49,814 - Knowledge - INFO - Worker kw1 processing /app/data/tataelxsimcvaripplecode5379/718/b3129g6/Thunder-712/Source/messaging/Control.h
2025-10-27 09:05:49,901 - Knowledge - INFO - process ingested knowledge for /app/data/tataelxsimcvaripplecode5379/718/b3129g6/Thunder-712/cmake/config/core/return/return_ref.cmake
2025-10-27 09:05:49,984 - Knowledge - INFO - process ingested knowledge for /app/data/tataelxsimcvaripplecode5379/718/b3129g6/Thunder-712/Source/core/Sync.h
2025-10-27 09:05:50,063 - Knowledge - INFO - Worker kw1 processing /app/data/tataelxsimcvaripplecode5379/718/b3129g6/Thunder-712/Source/WPEFramework/PostMortem.cpp
2025-10-27 09:05:50,150 - Knowledge - INFO - process ingested knowledge for /app/data/tataelxsimcvaripplecode5379/718/b3129g6/Thunder-712/cmake/config/core/return/ans_extract.cmake
2025-10-27 09:05:50,249 - Knowledge - INFO - process ingested knowledge for /app/data/tataelxsimcvaripplecode5379/718/b3129g6/Thunder-712/cmake/config/ref/address_type_matches.cmake
2025-10-27 09:05:50,328 - Knowledge - INFO - Fast-tracked /app/data/tataelxsimcvaripplecode5379/718/b3129g6/Thunder-712/Source/WPEFramework/PostMortem.cpp (ext=.cpp, size=1795)
2025-10-27 09:05:50,437 - Knowledge - INFO - process ingested knowledge for /app/data/tataelxsimcvaripplecode5379/718/b3129g6/Thunder-712/Utils/PluginActivator/source/Module.h
2025-10-27 09:05:50,561 - Knowledge - INFO - process ingested knowledge for /app/data/tataelxsimcvaripplecode5379/718/b3129g6/Thunder-712/Source/core/ISO639.h
2025-10-27 09:05:50,636 - Knowledge - INFO - Worker kw1 processing /app/data/tataelxsimcvaripplecode5379/718/b3129g6/Thunder-712/Source/com/IValueIterator.h
2025-10-27 09:05:50,728 - Knowledge - INFO - process ingested knowledge for /app/data/tataelxsimcvaripplecode5379/718/b3129g6/Thunder-712/cmake/config/quickmap/var.cmake
2025-10-27 09:05:50,831 - Knowledge - INFO - process ingested knowledge for /app/data/tataelxsimcvaripplecode5379/718/b3129g6/Thunder-712/Source/core/StopWatch.h
2025-10-27 09:05:50,906 - Knowledge - INFO - Fast-tracked /app/data/tataelxsimcvaripplecode5379/718/b3129g6/Thunder-712/Source/com/IValueIterator.h (ext=.h, size=961)
2025-10-27 09:05:51,041 - Knowledge - INFO - process ingested knowledge for /app/data/tataelxsimcvaripplecode5379/718/b3129g6/Thunder-712/CONTRIBUTING.md
2025-10-27 09:05:51,147 - Knowledge - INFO - process ingested knowledge for /app/data/tataelxsimcvaripplecode5379/718/b3129g6/Thunder-712/cmake/config/quickmap/ref.cmake
2025-10-27 09:05:51,246 - Knowledge - INFO - Worker kw1 processing /app/data/tataelxsimcvaripplecode5379/718/b3129g6/Thunder-712/Source/core/Optional.h
2025-10-27 09:05:51,340 - Knowledge - INFO - process ingested knowledge for /app/data/tataelxsimcvaripplecode5379/718/b3129g6/Thunder-712/cmake/config/map/helpers/map_overwrite.cmake
2025-10-27 09:05:51,467 - Knowledge - INFO - process ingested knowledge for /app/data/tataelxsimcvaripplecode5379/718/b3129g6/Thunder-712/docs/plugin/config.md
2025-10-27 09:05:51,550 - Knowledge - INFO - Worker kw1 processing /app/data/tataelxsimcvaripplecode5379/718/b3129g6/Thunder-712/Source/websocket/CMakeLists.txt
2025-10-27 09:05:51,642 - Knowledge - INFO - process ingested knowledge for /app/data/tataelxsimcvaripplecode5379/718/b3129g6/Thunder-712/cmake/modules/FindLibCRUN.cmake
2025-10-27 09:05:51,723 - Knowledge - INFO - process ingested knowledge for /app/data/tataelxsimcvaripplecode5379/718/b3129g6/Thunder-712/Source/WPEFramework/SystemInfo.cpp
2025-10-27 09:05:51,842 - Knowledge - INFO - Fast-tracked /app/data/tataelxsimcvaripplecode5379/718/b3129g6/Thunder-712/Source/websocket/CMakeLists.txt (ext=.txt, size=3120)
2025-10-27 09:05:51,909 - Knowledge - INFO - process ingested knowledge for /app/data/tataelxsimcvaripplecode5379/718/b3129g6/Thunder-712/docs/introduction/build_linux.md
2025-10-27 09:05:51,991 - Knowledge - INFO - process ingested knowledge for /app/data/tataelxsimcvaripplecode5379/718/b3129g6/Thunder-712/Source/WPEFramework/ExampleConfigLinux.json
2025-10-27 09:05:52,073 - Knowledge - INFO - Worker kw1 processing /app/data/tataelxsimcvaripplecode5379/718/b3129g6/Thunder-712/Source/core/Measurement.h
2025-10-27 09:05:52,177 - Knowledge - INFO - process ingested knowledge for /app/data/tataelxsimcvaripplecode5379/718/b3129g6/Thunder-712/Source/plugins/IVirtualInput.h
2025-10-27 09:05:52,262 - Knowledge - INFO - process ingested knowledge for /app/data/tataelxsimcvaripplecode5379/718/b3129g6/Thunder-712/Tests/unit/core/test_threadpool.cpp
2025-10-27 09:05:52,394 - Knowledge - INFO - Worker kw1 processing /app/data/tataelxsimcvaripplecode5379/718/b3129g6/Thunder-712/cmake/config/collections/list_pop_back.cmake
2025-10-27 09:05:52,525 - Knowledge - INFO - process ingested knowledge for /app/data/tataelxsimcvaripplecode5379/718/b3129g6/Thunder-712/cmake/config/map/helpers/map_pop_front.cmake
2025-10-27 09:05:52,616 - Knowledge - INFO - process ingested knowledge for /app/data/tataelxsimcvaripplecode5379/718/b3129g6/Thunder-712/Source/extensions/privilegedrequest/example/CMakeLists.txt
2025-10-27 09:05:52,738 - Knowledge - INFO - Fast-tracked /app/data/tataelxsimcvaripplecode5379/718/b3129g6/Thunder-712/cmake/config/collections/list_pop_back.cmake (ext=.cmake, size=934)
2025-10-27 09:05:52,833 - Knowledge - INFO - process ingested knowledge for /app/data/tataelxsimcvaripplecode5379/718/b3129g6/Thunder-712/Tests/workerpool-test/WorkerPoolTest.cpp
2025-10-27 09:05:52,930 - Knowledge - INFO - process ingested knowledge for /app/data/tataelxsimcvaripplecode5379/718/b3129g6/Thunder-712/Source/WPEFramework/GenericConfig.cmake
2025-10-27 09:05:53,006 - Knowledge - INFO - Worker kw1 processing /app/data/tataelxsimcvaripplecode5379/718/b3129g6/Thunder-712/Tests/unit/core/test_nodeid.cpp
2025-10-27 09:05:53,089 - Knowledge - INFO - process ingested knowledge for /app/data/tataelxsimcvaripplecode5379/718/b3129g6/Thunder-712/Source/WPEFramework/CMakeLists.txt
2025-10-27 09:05:53,201 - Knowledge - INFO - process ingested knowledge for /app/data/tataelxsimcvaripplecode5379/718/b3129g6/Thunder-712/Source/plugins/Channel.cpp
2025-10-27 09:05:53,305 - Knowledge - INFO - Fast-tracked /app/data/tataelxsimcvaripplecode5379/718/b3129g6/Thunder-712/Tests/unit/core/test_nodeid.cpp (ext=.cpp, size=1772)
2025-10-27 09:05:53,382 - Knowledge - INFO - process ingested knowledge for /app/data/tataelxsimcvaripplecode5379/718/b3129g6/Thunder-712/cmake/config/map/helpers/map_clear.cmake
2025-10-27 09:05:53,505 - Knowledge - INFO - process ingested knowledge for /app/data/tataelxsimcvaripplecode5379/718/b3129g6/Thunder-712/Source/com/ProxyStubs.h
2025-10-27 09:05:53,578 - Knowledge - INFO - Worker kw1 processing /app/data/tataelxsimcvaripplecode5379/718/b3129g6/Thunder-712/Source/com/Messages.h
2025-10-27 09:05:53,662 - Knowledge - INFO - process ingested knowledge for /app/data/tataelxsimcvaripplecode5379/718/b3129g6/Thunder-712/Source/core/TextFragment.h
2025-10-27 09:05:53,751 - Knowledge - INFO - process ingested knowledge for /app/data/tataelxsimcvaripplecode5379/718/b3129g6/Thunder-712/cmake/config/map/helpers/map_pick.cmake
2025-10-27 09:05:53,862 - Knowledge - INFO - Worker kw1 processing /app/data/tataelxsimcvaripplecode5379/718/b3129g6/Thunder-712/Source/plugins/Types.h
2025-10-27 09:05:54,023 - Knowledge - INFO - process ingested knowledge for /app/data/tataelxsimcvaripplecode5379/718/b3129g6/Thunder-712/Source/extensions/processcontainers/implementations/RunCImplementation/RunCImplementation.cpp
2025-10-27 09:05:54,109 - Knowledge - INFO - process ingested knowledge for /app/data/tataelxsimcvaripplecode5379/718/b3129g6/Thunder-712/cmake/config/quickmap/key.cmake
2025-10-27 09:05:54,203 - Knowledge - INFO - Worker kw1 processing /app/data/tataelxsimcvaripplecode5379/718/b3129g6/Thunder-712/Source/core/Link.h
2025-10-27 09:05:54,289 - Knowledge - INFO - process ingested knowledge for /app/data/tataelxsimcvaripplecode5379/718/b3129g6/Thunder-712/Tests/unit/core/test_hex2strserialization.cpp
2025-10-27 09:05:54,417 - Knowledge - INFO - process ingested knowledge for /app/data/tataelxsimcvaripplecode5379/718/b3129g6/Thunder-712/Source/extensions/processcontainers/Messaging.h
2025-10-27 09:05:54,497 - Knowledge - INFO - Worker kw1 processing /app/data/tataelxsimcvaripplecode5379/718/b3129g6/Thunder-712/cmake/config/core/return/clr.cmake
2025-10-27 09:05:54,609 - Knowledge - INFO - process ingested knowledge for /app/data/tataelxsimcvaripplecode5379/718/b3129g6/Thunder-712/docs/plugin/subsystems.md
2025-10-27 09:05:54,680 - Knowledge - INFO - process ingested knowledge for /app/data/tataelxsimcvaripplecode5379/718/b3129g6/Thunder-712/Source/extensions/processcontainers/implementations/AWCImplementation/AWC.cpp
2025-10-27 09:05:54,798 - Knowledge - INFO - Fast-tracked /app/data/tataelxsimcvaripplecode5379/718/b3129g6/Thunder-712/cmake/config/core/return/clr.cmake (ext=.cmake, size=172)
2025-10-27 09:05:54,910 - Knowledge - INFO - process ingested knowledge for /app/data/tataelxsimcvaripplecode5379/718/b3129g6/Thunder-712/Source/WPEFramework/Probe.h
2025-10-27 09:05:55,016 - Knowledge - INFO - process ingested knowledge for /app/data/tataelxsimcvaripplecode5379/718/b3129g6/Thunder-712/Source/plugins/IDispatcher.h
2025-10-27 09:05:55,093 - Knowledge - INFO - Worker kw1 processing /app/data/tataelxsimcvaripplecode5379/718/b3129g6/Thunder-712/Source/messaging/BaseCategory.h
2025-10-27 09:05:55,204 - Knowledge - INFO - process ingested knowledge for /app/data/tataelxsimcvaripplecode5379/718/b3129g6/Thunder-712/cmake/config/events/event_handler.cmake
2025-10-27 09:05:55,322 - Knowledge - INFO - process ingested knowledge for /app/data/tataelxsimcvaripplecode5379/718/b3129g6/Thunder-712/Source/core/Serialization.cpp
2025-10-27 09:05:55,415 - Knowledge - INFO - Worker kw1 processing /app/data/tataelxsimcvaripplecode5379/718/b3129g6/Thunder-712/cmake/config/formats/json/json_indented.cmake
2025-10-27 09:05:55,550 - Knowledge - INFO - process ingested knowledge for /app/data/tataelxsimcvaripplecode5379/718/b3129g6/Thunder-712/Source/extensions/processcontainers/implementations/CRunImplementation/CRunImplementation.cpp
2025-10-27 09:05:55,632 - Knowledge - INFO - process ingested knowledge for /app/data/tataelxsimcvaripplecode5379/718/b3129g6/Thunder-712/Source/core/TypeTraits.h
2025-10-27 09:05:55,710 - Knowledge - INFO - Worker kw1 processing /app/data/tataelxsimcvaripplecode5379/718/b3129g6/Thunder-712/Tests/unit/core/test_portability.cpp
2025-10-27 09:05:55,788 - Knowledge - INFO - process ingested knowledge for /app/data/tataelxsimcvaripplecode5379/718/b3129g6/Thunder-712/cmake/config/map/helpers/map_fill.cmake
2025-10-27 09:05:56,032 - Knowledge - INFO - Fast-tracked /app/data/tataelxsimcvaripplecode5379/718/b3129g6/Thunder-712/Tests/unit/core/test_portability.cpp (ext=.cpp, size=2784)
2025-10-27 09:05:56,197 - Knowledge - INFO - process ingested knowledge for /app/data/tataelxsimcvaripplecode5379/718/b3129g6/Thunder-712/Source/plugins/System.cpp
2025-10-27 09:05:56,232 - Knowledge - INFO - Worker kw1 processing /app/data/tataelxsimcvaripplecode5379/718/b3129g6/Thunder-712/Tests/unit/IPTestAdministrator.cpp
2025-10-27 09:05:56,470 - Knowledge - INFO - process ingested knowledge for /app/data/tataelxsimcvaripplecode5379/718/b3129g6/Thunder-712/Tests/unit/core/CMakeLists.txt
2025-10-27 09:05:56,507 - Knowledge - INFO - Fast-tracked /app/data/tataelxsimcvaripplecode5379/718/b3129g6/Thunder-712/Tests/unit/IPTestAdministrator.cpp (ext=.cpp, size=7473)
2025-10-27 09:05:56,734 - Knowledge - INFO - Worker kw1 processing /app/data/tataelxsimcvaripplecode5379/718/b3129g6/Thunder-712/cmake/config/ref/address_pop_front.cmake
2025-10-27 09:05:56,738 - Knowledge - INFO - process ingested knowledge for /app/data/tataelxsimcvaripplecode5379/718/b3129g6/Thunder-712/Tests/unit/tests/test_iptestmanager.cpp
2025-10-27 09:05:56,936 - Knowledge - INFO - Fast-tracked /app/data/tataelxsimcvaripplecode5379/718/b3129g6/Thunder-712/cmake/config/ref/address_pop_front.cmake (ext=.cmake, size=165)
2025-10-27 09:05:57,215 - Knowledge - INFO - Worker kw1 processing /app/data/tataelxsimcvaripplecode5379/718/b3129g6/Thunder-712/Tests/unit/core/test_doorbell.cpp
2025-10-27 09:05:57,382 - Knowledge - INFO - Fast-tracked /app/data/tataelxsimcvaripplecode5379/718/b3129g6/Thunder-712/Tests/unit/core/test_doorbell.cpp (ext=.cpp, size=3466)
2025-10-27 09:05:57,587 - Knowledge - INFO - Worker kw1 processing /app/data/tataelxsimcvaripplecode5379/718/b3129g6/Thunder-712/Source/extensions/processcontainers/implementations/AWCImplementation/AWC.h
2025-10-27 09:05:57,802 - Knowledge - INFO - Fast-tracked /app/data/tataelxsimcvaripplecode5379/718/b3129g6/Thunder-712/Source/extensions/processcontainers/implementations/AWCImplementation/AWC.h (ext=.h, size=1136)
2025-10-27 09:05:57,965 - Knowledge - INFO - Worker kw1 processing /app/data/tataelxsimcvaripplecode5379/718/b3129g6/Thunder-712/cmake/config/formats/json/json_write.cmake
2025-10-27 09:05:58,208 - Knowledge - INFO - Fast-tracked /app/data/tataelxsimcvaripplecode5379/718/b3129g6/Thunder-712/cmake/config/formats/json/json_write.cmake (ext=.cmake, size=272)
2025-10-27 09:05:58,399 - Knowledge - INFO - Worker kw1 processing /app/data/tataelxsimcvaripplecode5379/718/b3129g6/Thunder-712/Source/core/Serialization.h
2025-10-27 09:05:58,593 - Knowledge - INFO - Worker kw1 processing /app/data/tataelxsimcvaripplecode5379/718/b3129g6/Thunder-712/cmake/modules/FindMemcr.cmake
2025-10-27 09:05:58,777 - Knowledge - INFO - Fast-tracked /app/data/tataelxsimcvaripplecode5379/718/b3129g6/Thunder-712/cmake/modules/FindMemcr.cmake (ext=.cmake, size=1628)
2025-10-27 09:05:58,987 - Knowledge - INFO - Worker kw1 processing /app/data/tataelxsimcvaripplecode5379/718/b3129g6/Thunder-712/cmake/config/string/cmake_string_to_json.cmake
2025-10-27 09:05:59,159 - Knowledge - INFO - Fast-tracked /app/data/tataelxsimcvaripplecode5379/718/b3129g6/Thunder-712/cmake/config/string/cmake_string_to_json.cmake (ext=.cmake, size=649)
2025-10-27 09:05:59,309 - Knowledge - INFO - Worker kw1 processing /app/data/tataelxsimcvaripplecode5379/718/b3129g6/Thunder-712/Source/com/ConnectorType.cpp
2025-10-27 09:05:59,474 - Knowledge - INFO - Fast-tracked /app/data/tataelxsimcvaripplecode5379/718/b3129g6/Thunder-712/Source/com/ConnectorType.cpp (ext=.cpp, size=1833)
2025-10-27 09:05:59,685 - Knowledge - INFO - Worker kw1 processing /app/data/tataelxsimcvaripplecode5379/718/b3129g6/Thunder-712/Tests/unit/core/test_memberavailability.cpp
2025-10-27 09:05:59,838 - Knowledge - INFO - Fast-tracked /app/data/tataelxsimcvaripplecode5379/718/b3129g6/Thunder-712/Tests/unit/core/test_memberavailability.cpp (ext=.cpp, size=32206)
2025-10-27 09:06:00,040 - Knowledge - INFO - Worker kw1 processing /app/data/tataelxsimcvaripplecode5379/718/b3129g6/Thunder-712/Source/core/Singleton.cpp
2025-10-27 09:06:00,235 - Knowledge - INFO - Fast-tracked /app/data/tataelxsimcvaripplecode5379/718/b3129g6/Thunder-712/Source/core/Singleton.cpp (ext=.cpp, size=1930)
2025-10-27 09:06:00,399 - Knowledge - INFO - Worker kw1 processing /app/data/tataelxsimcvaripplecode5379/718/b3129g6/Thunder-712/docs/utils/files/files.md
2025-10-27 09:06:00,601 - Knowledge - INFO - Fast-tracked /app/data/tataelxsimcvaripplecode5379/718/b3129g6/Thunder-712/docs/utils/files/files.md (ext=.md, size=4796)
2025-10-27 09:06:00,805 - Knowledge - INFO - Worker kw1 processing /app/data/tataelxsimcvaripplecode5379/718/b3129g6/Thunder-712/Tests/unit/core/test_singleton.cpp
2025-10-27 09:06:01,016 - Knowledge - INFO - Fast-tracked /app/data/tataelxsimcvaripplecode5379/718/b3129g6/Thunder-712/Tests/unit/core/test_singleton.cpp (ext=.cpp, size=2157)
2025-10-27 09:06:01,213 - Knowledge - INFO - Worker kw1 processing /app/data/tataelxsimcvaripplecode5379/718/b3129g6/Thunder-712/Source/extensions/processcontainers/implementations/AWCImplementation/AWCProxyContainer.cpp
2025-10-27 09:06:01,368 - Knowledge - INFO - Worker kw1 processing /app/data/tataelxsimcvaripplecode5379/718/b3129g6/Thunder-712/Tests/unit/core/test_valuerecorder.cpp
2025-10-27 09:06:01,561 - Knowledge - INFO - Fast-tracked /app/data/tataelxsimcvaripplecode5379/718/b3129g6/Thunder-712/Tests/unit/core/test_valuerecorder.cpp (ext=.cpp, size=2922)
2025-10-27 09:06:01,749 - Knowledge - INFO - Worker kw1 processing /app/data/tataelxsimcvaripplecode5379/718/b3129g6/Thunder-712/Source/plugins/System.h
2025-10-27 09:06:01,936 - Knowledge - INFO - Fast-tracked /app/data/tataelxsimcvaripplecode5379/718/b3129g6/Thunder-712/Source/plugins/System.h (ext=.h, size=1400)
2025-10-27 09:06:02,168 - Knowledge - INFO - Worker kw1 processing /app/data/tataelxsimcvaripplecode5379/718/b3129g6/Thunder-712/Source/core/Portability.cpp
2025-10-27 09:06:02,333 - Knowledge - INFO - Worker kw1 processing /app/data/tataelxsimcvaripplecode5379/718/b3129g6/Thunder-712/Source/websocket/WebSocketLink.cpp
2025-10-27 09:06:02,499 - Knowledge - INFO - Worker kw1 processing /app/data/tataelxsimcvaripplecode5379/718/b3129g6/Thunder-712/cmake/config/core/return/return_ans.cmake
2025-10-27 09:06:02,702 - Knowledge - INFO - Fast-tracked /app/data/tataelxsimcvaripplecode5379/718/b3129g6/Thunder-712/cmake/config/core/return/return_ans.cmake (ext=.cmake, size=159)
2025-10-27 09:06:02,914 - Knowledge - INFO - Worker kw1 processing /app/data/tataelxsimcvaripplecode5379/718/b3129g6/Thunder-712/Source/extensions/warningreporting/CMakeLists.txt
2025-10-27 09:06:03,100 - Knowledge - INFO - Fast-tracked /app/data/tataelxsimcvaripplecode5379/718/b3129g6/Thunder-712/Source/extensions/warningreporting/CMakeLists.txt (ext=.txt, size=2389)
2025-10-27 09:06:03,311 - Knowledge - INFO - Worker kw1 processing /app/data/tataelxsimcvaripplecode5379/718/b3129g6/Thunder-712/Source/com/ICOM.h
2025-10-27 09:06:03,496 - Knowledge - INFO - Worker kw1 processing /app/data/tataelxsimcvaripplecode5379/718/b3129g6/Thunder-712/Source/core/DoorBell.cpp
2025-10-27 09:06:03,653 - Knowledge - INFO - Worker kw1 processing /app/data/tataelxsimcvaripplecode5379/718/b3129g6/Thunder-712/Source/com/CMakeLists.txt
2025-10-27 09:06:03,876 - Knowledge - INFO - Fast-tracked /app/data/tataelxsimcvaripplecode5379/718/b3129g6/Thunder-712/Source/com/CMakeLists.txt (ext=.txt, size=3128)
2025-10-27 09:06:04,107 - Knowledge - INFO - Worker kw1 processing /app/data/tataelxsimcvaripplecode5379/718/b3129g6/Thunder-712/Source/extensions/processcontainers/implementations/CRunImplementation/CRunImplementation.h
2025-10-27 09:06:04,309 - Knowledge - INFO - Worker kw1 processing /app/data/tataelxsimcvaripplecode5379/718/b3129g6/Thunder-712/cmake/common/InstallLink.cmake
2025-10-27 09:06:04,497 - Knowledge - INFO - Fast-tracked /app/data/tataelxsimcvaripplecode5379/718/b3129g6/Thunder-712/cmake/common/InstallLink.cmake (ext=.cmake, size=642)
2025-10-27 09:06:04,660 - Knowledge - INFO - Worker kw1 processing /app/data/tataelxsimcvaripplecode5379/718/b3129g6/Thunder-712/Source/core/SocketPort.h
2025-10-27 09:06:04,859 - Knowledge - INFO - Worker kw1 processing /app/data/tataelxsimcvaripplecode5379/718/b3129g6/Thunder-712/cmake/config/map/helpers/map_path_get.cmake
2025-10-27 09:06:05,067 - Knowledge - INFO - Fast-tracked /app/data/tataelxsimcvaripplecode5379/718/b3129g6/Thunder-712/cmake/config/map/helpers/map_path_get.cmake (ext=.cmake, size=464)
2025-10-27 09:06:05,243 - Knowledge - INFO - Worker kw1 processing /app/data/tataelxsimcvaripplecode5379/718/b3129g6/Thunder-712/Source/extensions/processcontainers/implementations/RunCImplementation/RunCImplementation.h
2025-10-27 09:06:05,443 - Knowledge - INFO - Worker kw1 processing /app/data/tataelxsimcvaripplecode5379/718/b3129g6/Thunder-712/Source/core/NodeId.cpp
2025-10-27 09:06:09,781 - Knowledge - INFO - [WEBSOCKET] Sent: Type=progress_update, Size: 293, Duration: 0ms
2025-10-27 09:06:09,964 - Knowledge - INFO - [WEBSOCKET] Sent: Type=unknown, Size: ?, Duration: 183ms
2025-10-27 09:06:10,179 - Knowledge - INFO - Progress: 15.2% | Files: 96/630 | Rate: 0.14 files/sec | Queue: 0
2025-10-27 09:06:40,764 - Knowledge - ERROR - Timeout processing /app/data/tataelxsimcvaripplecode5379/718/b3129g6/Thunder-712/Source/com/IUnknown.h after 90s
2025-10-27 09:06:40,957 - Knowledge - ERROR - Timeout processing /app/data/tataelxsimcvaripplecode5379/718/b3129g6/Thunder-712/Source/core/Services.cpp after 90s
2025-10-27 09:06:41,148 - Knowledge - ERROR - Timeout processing /app/data/tataelxsimcvaripplecode5379/718/b3129g6/Thunder-712/Source/extensions/processcontainers/common/BaseAdministrator.h after 90s
2025-10-27 09:06:41,352 - Knowledge - ERROR - Timeout processing /app/data/tataelxsimcvaripplecode5379/718/b3129g6/Thunder-712/Source/extensions/processcontainers/implementations/AWCImplementation/AWCImplementation.cpp after 90s
2025-10-27 09:06:41,515 - Knowledge - ERROR - Timeout processing /app/data/tataelxsimcvaripplecode5379/718/b3129g6/Thunder-712/Source/core/JSONRPC.h after 90s
2025-10-27 09:06:41,697 - Knowledge - ERROR - Timeout processing /app/data/tataelxsimcvaripplecode5379/718/b3129g6/Thunder-712/Source/core/DataElement.cpp after 90s
2025-10-27 09:06:41,888 - Knowledge - ERROR - Timeout processing /app/data/tataelxsimcvaripplecode5379/718/b3129g6/Thunder-712/Source/core/DataElementFile.cpp after 90s
2025-10-27 09:06:42,102 - Knowledge - ERROR - Timeout processing /app/data/tataelxsimcvaripplecode5379/718/b3129g6/Thunder-712/Source/messaging/TextMessage.h after 90s
2025-10-27 09:06:42,272 - Knowledge - ERROR - Timeout processing /app/data/tataelxsimcvaripplecode5379/718/b3129g6/Thunder-712/Source/extensions/processcontainers/implementations/AWCImplementation/dbus/Client.h after 90s
2025-10-27 09:06:42,447 - Knowledge - ERROR - Timeout processing /app/data/tataelxsimcvaripplecode5379/718/b3129g6/Thunder-712/cmake/modules/FindLibGlib.cmake after 90s
2025-10-27 09:06:42,674 - Knowledge - ERROR - Timeout processing /app/data/tataelxsimcvaripplecode5379/718/b3129g6/Thunder-712/Source/core/Trace.h after 90s
2025-10-27 09:06:42,842 - Knowledge - ERROR - Timeout processing /app/data/tataelxsimcvaripplecode5379/718/b3129g6/Thunder-712/Source/core/Process.h after 90s
2025-10-27 09:06:43,092 - Knowledge - WARNING - File /app/data/tataelxsimcvaripplecode5379/718/b3129g6/Thunder-712/Source/com/IUnknown.h not successfully processed
2025-10-27 09:06:43,295 - Knowledge - WARNING - File /app/data/tataelxsimcvaripplecode5379/718/b3129g6/Thunder-712/Source/core/Services.cpp not successfully processed
2025-10-27 09:06:43,545 - Knowledge - WARNING - File /app/data/tataelxsimcvaripplecode5379/718/b3129g6/Thunder-712/Source/extensions/processcontainers/common/BaseAdministrator.h not successfully processed
2025-10-27 09:06:43,754 - Knowledge - WARNING - File /app/data/tataelxsimcvaripplecode5379/718/b3129g6/Thunder-712/Source/extensions/processcontainers/implementations/AWCImplementation/AWCImplementation.cpp not successfully processed
2025-10-27 09:06:43,948 - Knowledge - WARNING - File /app/data/tataelxsimcvaripplecode5379/718/b3129g6/Thunder-712/Source/core/JSONRPC.h not successfully processed
2025-10-27 09:06:44,099 - Knowledge - WARNING - File /app/data/tataelxsimcvaripplecode5379/718/b3129g6/Thunder-712/Source/core/DataElement.cpp not successfully processed
2025-10-27 09:06:44,300 - Knowledge - WARNING - File /app/data/tataelxsimcvaripplecode5379/718/b3129g6/Thunder-712/Source/core/DataElementFile.cpp not successfully processed
2025-10-27 09:06:44,515 - Knowledge - WARNING - File /app/data/tataelxsimcvaripplecode5379/718/b3129g6/Thunder-712/Source/messaging/TextMessage.h not successfully processed
2025-10-27 09:06:44,728 - Knowledge - WARNING - File /app/data/tataelxsimcvaripplecode5379/718/b3129g6/Thunder-712/Source/extensions/processcontainers/implementations/AWCImplementation/dbus/Client.h not successfully processed
2025-10-27 09:06:44,958 - Knowledge - WARNING - File /app/data/tataelxsimcvaripplecode5379/718/b3129g6/Thunder-712/cmake/modules/FindLibGlib.cmake not successfully processed
2025-10-27 09:06:45,178 - Knowledge - WARNING - File /app/data/tataelxsimcvaripplecode5379/718/b3129g6/Thunder-712/Source/core/Trace.h not successfully processed
2025-10-27 09:06:45,350 - Knowledge - WARNING - File /app/data/tataelxsimcvaripplecode5379/718/b3129g6/Thunder-712/Source/core/Process.h not successfully processed
2025-10-27 09:06:45,559 - Knowledge - INFO - Processing batch of 38 files
2025-10-27 09:06:45,789 - Knowledge - INFO - process ingested knowledge for /app/data/tataelxsimcvaripplecode5379/718/b3129g6/Thunder-712/Source/tracing/tracing.h
2025-10-27 09:06:45,992 - Knowledge - INFO - process ingested knowledge for /app/data/tataelxsimcvaripplecode5379/718/b3129g6/Thunder-712/cmake/config/map/helpers/map_matches.cmake
2025-10-27 09:06:46,152 - Knowledge - INFO - process ingested knowledge for /app/data/tataelxsimcvaripplecode5379/718/b3129g6/Thunder-712/Source/WPEFramework/PluginServer.h
2025-10-27 09:06:46,329 - Knowledge - INFO - process ingested knowledge for /app/data/tataelxsimcvaripplecode5379/718/b3129g6/Thunder-712/Tests/unit/core/test_websockettext.cpp
2025-10-27 09:06:46,532 - Knowledge - INFO - process ingested knowledge for /app/data/tataelxsimcvaripplecode5379/718/b3129g6/Thunder-712/cmake/config/map/helpers/map_from_keyvaluelist.cmake
2025-10-27 09:06:46,722 - Knowledge - INFO - process ingested knowledge for /app/data/tataelxsimcvaripplecode5379/718/b3129g6/Thunder-712/Tests/unit/core/test_semaphore.cpp
2025-10-27 09:06:46,883 - Knowledge - INFO - process ingested knowledge for /app/data/tataelxsimcvaripplecode5379/718/b3129g6/Thunder-712/README.md
2025-10-27 09:06:47,088 - Knowledge - INFO - process ingested knowledge for /app/data/tataelxsimcvaripplecode5379/718/b3129g6/Thunder-712/Tests/unit/core/test_workerpool.cpp
2025-10-27 09:06:47,262 - Knowledge - INFO - process ingested knowledge for /app/data/tataelxsimcvaripplecode5379/718/b3129g6/Thunder-712/Source/extensions/warningreporting/IWarningReportingMedia.h
2025-10-27 09:06:47,501 - Knowledge - INFO - process ingested knowledge for /app/data/tataelxsimcvaripplecode5379/718/b3129g6/Thunder-712/Tests/file-unlink/CMakeLists.txt
2025-10-27 09:06:47,662 - Knowledge - INFO - process ingested knowledge for /app/data/tataelxsimcvaripplecode5379/718/b3129g6/Thunder-712/cmake/config/formats/json/json_read.cmake
2025-10-27 09:06:47,854 - Knowledge - INFO - process ingested knowledge for /app/data/tataelxsimcvaripplecode5379/718/b3129g6/Thunder-712/cmake/config/collections/list_push_back.cmake
2025-10-27 09:06:48,092 - Knowledge - INFO - process ingested knowledge for /app/data/tataelxsimcvaripplecode5379/718/b3129g6/Thunder-712/Tests/unit/core/test_message_unit.cpp
2025-10-27 09:06:48,315 - Knowledge - INFO - process ingested knowledge for /app/data/tataelxsimcvaripplecode5379/718/b3129g6/Thunder-712/cmake/config/map/helpers/mm.cmake
2025-10-27 09:06:48,480 - Knowledge - INFO - process ingested knowledge for /app/data/tataelxsimcvaripplecode5379/718/b3129g6/Thunder-712/cmake/config/events/events.cmake
2025-10-27 09:06:48,683 - Knowledge - INFO - process ingested knowledge for /app/data/tataelxsimcvaripplecode5379/718/b3129g6/Thunder-712/cmake/config/formats/json/json_format_tokens.cmake
2025-10-27 09:06:48,875 - Knowledge - INFO - process ingested knowledge for /app/data/tataelxsimcvaripplecode5379/718/b3129g6/Thunder-712/cmake/config/map/helpers/map_get_map.cmake
2025-10-27 09:06:49,104 - Knowledge - INFO - process ingested knowledge for /app/data/tataelxsimcvaripplecode5379/718/b3129g6/Thunder-712/cmake/config/map/helpers/map_match.cmake
2025-10-27 09:06:49,260 - Knowledge - INFO - process ingested knowledge for /app/data/tataelxsimcvaripplecode5379/718/b3129g6/Thunder-712/docs/utils/threading/worker-pool.md
2025-10-27 09:06:49,460 - Knowledge - INFO - process ingested knowledge for /app/data/tataelxsimcvaripplecode5379/718/b3129g6/Thunder-712/cmake/config/core/return/ans.cmake
2025-10-27 09:06:49,687 - Knowledge - INFO - process ingested knowledge for /app/data/tataelxsimcvaripplecode5379/718/b3129g6/Thunder-712/docs/introduction/usage.md
2025-10-27 09:06:49,941 - Knowledge - INFO - process ingested knowledge for /app/data/tataelxsimcvaripplecode5379/718/b3129g6/Thunder-712/Source/extensions/CMakeLists.txt
2025-10-27 09:06:50,186 - Knowledge - INFO - process ingested knowledge for /app/data/tataelxsimcvaripplecode5379/718/b3129g6/Thunder-712/cmake/modules/FindSlauncher.cmake
2025-10-27 09:06:50,374 - Knowledge - INFO - process ingested knowledge for /app/data/tataelxsimcvaripplecode5379/718/b3129g6/Thunder-712/cmake/config/map/helpers/map_capture_new.cmake
2025-10-27 09:06:50,557 - Knowledge - INFO - process ingested knowledge for /app/data/tataelxsimcvaripplecode5379/718/b3129g6/Thunder-712/cmake/config/map/helpers/map_partial.cmake
2025-10-27 09:06:50,793 - Knowledge - INFO - process ingested knowledge for /app/data/tataelxsimcvaripplecode5379/718/b3129g6/Thunder-712/Source/core/MessageException.cpp
2025-10-27 09:06:50,981 - Knowledge - INFO - process ingested knowledge for /app/data/tataelxsimcvaripplecode5379/718/b3129g6/Thunder-712/Tests/unit/core/test_databuffer.cpp
2025-10-27 09:06:51,162 - Knowledge - INFO - process ingested knowledge for /app/data/tataelxsimcvaripplecode5379/718/b3129g6/Thunder-712/cmake/config/map/map_matches_obj.cmake
2025-10-27 09:06:51,326 - Knowledge - INFO - process ingested knowledge for /app/data/tataelxsimcvaripplecode5379/718/b3129g6/Thunder-712/cmake/config/map/core/map_set_hidden.cmake
2025-10-27 09:06:51,567 - Knowledge - INFO - process ingested knowledge for /app/data/tataelxsimcvaripplecode5379/718/b3129g6/Thunder-712/Source/plugins/Module.h
2025-10-27 09:06:51,730 - Knowledge - INFO - process ingested knowledge for /app/data/tataelxsimcvaripplecode5379/718/b3129g6/Thunder-712/Tests/unit/core/test_messageException.cpp
2025-10-27 09:06:51,927 - Knowledge - INFO - process ingested knowledge for /app/data/tataelxsimcvaripplecode5379/718/b3129g6/Thunder-712/cmake/config/ref/address_append.cmake
2025-10-27 09:06:52,145 - Knowledge - INFO - process ingested knowledge for /app/data/tataelxsimcvaripplecode5379/718/b3129g6/Thunder-712/Tests/unit/core/test_dataelementfile.cpp
2025-10-27 09:06:52,369 - Knowledge - INFO - process ingested knowledge for /app/data/tataelxsimcvaripplecode5379/718/b3129g6/Thunder-712/Tests/unit/core/test_hash.cpp
2025-10-27 09:06:52,601 - Knowledge - INFO - process ingested knowledge for /app/data/tataelxsimcvaripplecode5379/718/b3129g6/Thunder-712/cmake/config/stack/stack_pop.cmake
2025-10-27 09:06:52,786 - Knowledge - INFO - process ingested knowledge for /app/data/tataelxsimcvaripplecode5379/718/b3129g6/Thunder-712/cmake/config/map/helpers/map_peek_front.cmake
2025-10-27 09:06:52,964 - Knowledge - INFO - process ingested knowledge for /app/data/tataelxsimcvaripplecode5379/718/b3129g6/Thunder-712/Source/plugins/Config.h
2025-10-27 09:06:53,148 - Knowledge - INFO - process ingested knowledge for /app/data/tataelxsimcvaripplecode5379/718/b3129g6/Thunder-712/cmake/config/ref/address_push_front.cmake
2025-10-27 09:07:06,936 - Knowledge - ERROR - Timeout processing /app/data/tataelxsimcvaripplecode5379/718/b3129g6/Thunder-712/Source/cryptalgo/SecureSocketPort.cpp after 90s
2025-10-27 09:07:07,111 - Knowledge - ERROR - Timeout processing /app/data/tataelxsimcvaripplecode5379/718/b3129g6/Thunder-712/Source/core/WarningReportingControl.cpp after 90s
2025-10-27 09:07:07,323 - Knowledge - ERROR - Timeout processing /app/data/tataelxsimcvaripplecode5379/718/b3129g6/Thunder-712/Source/messaging/TraceFactory.h after 90s
2025-10-27 09:07:07,488 - Knowledge - ERROR - Timeout processing /app/data/tataelxsimcvaripplecode5379/718/b3129g6/Thunder-712/Source/cryptalgo/HashStream.h after 90s
2025-10-27 09:07:07,668 - Knowledge - ERROR - Timeout processing /app/data/tataelxsimcvaripplecode5379/718/b3129g6/Thunder-712/Source/plugins/JSONRPC.h after 90s
2025-10-27 09:07:07,840 - Knowledge - ERROR - Timeout processing /app/data/tataelxsimcvaripplecode5379/718/b3129g6/Thunder-712/Source/cryptalgo/Random.cpp after 90s
2025-10-27 09:07:08,036 - Knowledge - ERROR - Timeout processing /app/data/tataelxsimcvaripplecode5379/718/b3129g6/Thunder-712/Source/core/Thread.h after 90s
2025-10-27 09:07:08,221 - Knowledge - ERROR - Timeout processing /app/data/tataelxsimcvaripplecode5379/718/b3129g6/Thunder-712/Source/core/Factory.h after 90s
2025-10-27 09:07:08,402 - Knowledge - ERROR - Timeout processing /app/data/tataelxsimcvaripplecode5379/718/b3129g6/Thunder-712/Source/core/Sync.cpp after 90s
2025-10-27 09:07:08,598 - Knowledge - ERROR - Timeout processing /app/data/tataelxsimcvaripplecode5379/718/b3129g6/Thunder-712/Source/core/ISO639.cpp after 90s
2025-10-27 09:07:08,796 - Knowledge - ERROR - Timeout processing /app/data/tataelxsimcvaripplecode5379/718/b3129g6/Thunder-712/Source/core/TextReader.h after 90s
2025-10-27 09:07:08,995 - Knowledge - ERROR - Timeout processing /app/data/tataelxsimcvaripplecode5379/718/b3129g6/Thunder-712/cmake/config/formats/json/json4.cmake after 90s
2025-10-27 09:07:09,194 - Knowledge - ERROR - Timeout processing /app/data/tataelxsimcvaripplecode5379/718/b3129g6/Thunder-712/Source/core/FileObserver.h after 90s
2025-10-27 09:07:09,390 - Knowledge - ERROR - Timeout processing /app/data/tataelxsimcvaripplecode5379/718/b3129g6/Thunder-712/Source/core/RequestResponse.h after 90s
2025-10-27 09:07:09,574 - Knowledge - ERROR - Timeout processing /app/data/tataelxsimcvaripplecode5379/718/b3129g6/Thunder-712/Source/core/Parser.cpp after 90s
2025-10-27 09:07:09,759 - Knowledge - ERROR - Timeout processing /app/data/tataelxsimcvaripplecode5379/718/b3129g6/Thunder-712/cmake/common/CodeCoverage.cmake after 90s
2025-10-27 09:07:09,957 - Knowledge - ERROR - Timeout processing /app/data/tataelxsimcvaripplecode5379/718/b3129g6/Thunder-712/Source/cryptalgo/Hash.h after 90s
2025-10-27 09:07:10,146 - Knowledge - ERROR - Timeout processing /app/data/tataelxsimcvaripplecode5379/718/b3129g6/Thunder-712/cmake/modules/FindLibGio.cmake after 90s
2025-10-27 09:07:10,291 - Knowledge - ERROR - Timeout processing /app/data/tataelxsimcvaripplecode5379/718/b3129g6/Thunder-712/cmake/modules/FindSystemd.cmake after 90s
2025-10-27 09:07:10,363 - Knowledge - WARNING - File /app/data/tataelxsimcvaripplecode5379/718/b3129g6/Thunder-712/Source/cryptalgo/SecureSocketPort.cpp not successfully processed
2025-10-27 09:07:10,417 - Knowledge - ERROR - Timeout processing /app/data/tataelxsimcvaripplecode5379/718/b3129g6/Thunder-712/Source/core/XGetopt.h after 90s
2025-10-27 09:07:10,514 - Knowledge - ERROR - Timeout processing /app/data/tataelxsimcvaripplecode5379/718/b3129g6/Thunder-712/Source/core/DoorBell.h after 90s
2025-10-27 09:07:10,636 - Knowledge - WARNING - File /app/data/tataelxsimcvaripplecode5379/718/b3129g6/Thunder-712/Source/core/WarningReportingControl.cpp not successfully processed
2025-10-27 09:07:10,700 - Knowledge - ERROR - Timeout processing /app/data/tataelxsimcvaripplecode5379/718/b3129g6/Thunder-712/Source/plugins/VirtualInput.cpp after 90s
2025-10-27 09:07:10,809 - Knowledge - ERROR - Timeout processing /app/data/tataelxsimcvaripplecode5379/718/b3129g6/Thunder-712/Source/websocket/WebSocketLink.h after 90s
2025-10-27 09:07:10,924 - Knowledge - WARNING - File /app/data/tataelxsimcvaripplecode5379/718/b3129g6/Thunder-712/Source/messaging/TraceFactory.h not successfully processed
2025-10-27 09:07:10,974 - Knowledge - ERROR - Timeout processing /app/data/tataelxsimcvaripplecode5379/718/b3129g6/Thunder-712/Source/WPEFramework/PostMortem.h after 90s
2025-10-27 09:07:11,060 - Knowledge - ERROR - Timeout processing /app/data/tataelxsimcvaripplecode5379/718/b3129g6/Thunder-712/Source/plugins/JSONRPC.cpp after 90s
2025-10-27 09:07:11,147 - Knowledge - WARNING - File /app/data/tataelxsimcvaripplecode5379/718/b3129g6/Thunder-712/Source/cryptalgo/HashStream.h not successfully processed
2025-10-27 09:07:11,248 - Knowledge - ERROR - Timeout processing /app/data/tataelxsimcvaripplecode5379/718/b3129g6/Thunder-712/Source/websocket/WebResponse.h after 90s
2025-10-27 09:07:11,378 - Knowledge - ERROR - Timeout processing /app/data/tataelxsimcvaripplecode5379/718/b3129g6/Thunder-712/Source/core/Portability.h after 90s
2025-10-27 09:07:11,512 - Knowledge - WARNING - File /app/data/tataelxsimcvaripplecode5379/718/b3129g6/Thunder-712/Source/plugins/JSONRPC.h not successfully processed
2025-10-27 09:07:11,581 - Knowledge - ERROR - Timeout processing /app/data/tataelxsimcvaripplecode5379/718/b3129g6/Thunder-712/cmake/common/HeaderOnlyInstall.cmake after 90s
2025-10-27 09:07:11,685 - Knowledge - ERROR - Timeout processing /app/data/tataelxsimcvaripplecode5379/718/b3129g6/Thunder-712/Source/WPEFramework/IRemoteInstantiation.h after 90s
2025-10-27 09:07:11,771 - Knowledge - WARNING - File /app/data/tataelxsimcvaripplecode5379/718/b3129g6/Thunder-712/Source/cryptalgo/Random.cpp not successfully processed
2025-10-27 09:07:11,876 - Knowledge - ERROR - Timeout processing /app/data/tataelxsimcvaripplecode5379/718/b3129g6/Thunder-712/Source/core/Frame.h after 90s
2025-10-27 09:07:11,966 - Knowledge - ERROR - Timeout processing /app/data/tataelxsimcvaripplecode5379/718/b3129g6/Thunder-712/cmake/common/CompileSettings.cmake after 90s
2025-10-27 09:07:12,115 - Knowledge - WARNING - File /app/data/tataelxsimcvaripplecode5379/718/b3129g6/Thunder-712/Source/core/Thread.h not successfully processed
2025-10-27 09:07:12,158 - Knowledge - ERROR - Timeout processing /app/data/tataelxsimcvaripplecode5379/718/b3129g6/Thunder-712/Source/core/ProcessInfo.h after 90s
2025-10-27 09:07:12,239 - Knowledge - ERROR - Timeout processing /app/data/tataelxsimcvaripplecode5379/718/b3129g6/Thunder-712/Source/core/ValueRecorder.h after 90s
2025-10-27 09:07:12,423 - Knowledge - WARNING - File /app/data/tataelxsimcvaripplecode5379/718/b3129g6/Thunder-712/Source/core/Factory.h not successfully processed
2025-10-27 09:07:12,473 - Knowledge - ERROR - Timeout processing /app/data/tataelxsimcvaripplecode5379/718/b3129g6/Thunder-712/cmake/config/map/operations/map_equal.cmake after 90s
2025-10-27 09:07:12,584 - Knowledge - ERROR - Timeout processing /app/data/tataelxsimcvaripplecode5379/718/b3129g6/Thunder-712/Utils/PluginActivator/source/main.cpp after 90s
2025-10-27 09:07:12,778 - Knowledge - WARNING - File /app/data/tataelxsimcvaripplecode5379/718/b3129g6/Thunder-712/Source/core/Sync.cpp not successfully processed
2025-10-27 09:07:12,857 - Knowledge - ERROR - Timeout processing /app/data/tataelxsimcvaripplecode5379/718/b3129g6/Thunder-712/Source/WPEFramework/Config.h after 90s
2025-10-27 09:07:12,986 - Knowledge - ERROR - Timeout processing /app/data/tataelxsimcvaripplecode5379/718/b3129g6/Thunder-712/Source/com/ConnectorType.h after 90s
2025-10-27 09:07:13,129 - Knowledge - WARNING - File /app/data/tataelxsimcvaripplecode5379/718/b3129g6/Thunder-712/Source/core/ISO639.cpp not successfully processed
2025-10-27 09:07:13,172 - Knowledge - ERROR - Timeout processing /app/data/tataelxsimcvaripplecode5379/718/b3129g6/Thunder-712/Source/WPEFramework/WarningReportingCategories.h after 90s
2025-10-27 09:07:13,265 - Knowledge - ERROR - Timeout processing /app/data/tataelxsimcvaripplecode5379/718/b3129g6/Thunder-712/Source/core/Singleton.h after 90s
2025-10-27 09:07:13,369 - Knowledge - WARNING - File /app/data/tataelxsimcvaripplecode5379/718/b3129g6/Thunder-712/Source/core/TextReader.h not successfully processed
2025-10-27 09:07:13,444 - Knowledge - ERROR - Timeout processing /app/data/tataelxsimcvaripplecode5379/718/b3129g6/Thunder-712/Source/com/Communicator.h after 90s
2025-10-27 09:07:13,515 - Knowledge - ERROR - Timeout processing /app/data/tataelxsimcvaripplecode5379/718/b3129g6/Thunder-712/Source/core/TextReader.cpp after 90s
2025-10-27 09:07:13,633 - Knowledge - WARNING - File /app/data/tataelxsimcvaripplecode5379/718/b3129g6/Thunder-712/cmake/config/formats/json/json4.cmake not successfully processed
2025-10-27 09:07:13,750 - Knowledge - ERROR - Timeout processing /app/data/tataelxsimcvaripplecode5379/718/b3129g6/Thunder-712/Source/extensions/processcontainers/implementations/LXCImplementation/LXCImplementation.cpp after 90s
2025-10-27 09:07:13,863 - Knowledge - ERROR - Timeout processing /app/data/tataelxsimcvaripplecode5379/718/b3129g6/Thunder-712/Source/core/IIterator.h after 90s
2025-10-27 09:07:13,991 - Knowledge - WARNING - File /app/data/tataelxsimcvaripplecode5379/718/b3129g6/Thunder-712/Source/core/FileObserver.h not successfully processed
2025-10-27 09:07:14,053 - Knowledge - ERROR - Timeout processing /app/data/tataelxsimcvaripplecode5379/718/b3129g6/Thunder-712/cmake/common/GetExternalCode.cmake after 90s
2025-10-27 09:07:14,143 - Knowledge - ERROR - Timeout processing /app/data/tataelxsimcvaripplecode5379/718/b3129g6/Thunder-712/Source/cryptalgo/AESImplementation.h after 90s
2025-10-27 09:07:14,273 - Knowledge - WARNING - File /app/data/tataelxsimcvaripplecode5379/718/b3129g6/Thunder-712/Source/core/RequestResponse.h not successfully processed
2025-10-27 09:07:14,386 - Knowledge - ERROR - Timeout processing /app/data/tataelxsimcvaripplecode5379/718/b3129g6/Thunder-712/Source/core/IPCConnector.h after 90s
2025-10-27 09:07:14,458 - Knowledge - ERROR - Timeout processing /app/data/tataelxsimcvaripplecode5379/718/b3129g6/Thunder-712/Source/extensions/processcontainers/common/BaseContainerIterator.h after 90s
2025-10-27 09:07:14,538 - Knowledge - WARNING - File /app/data/tataelxsimcvaripplecode5379/718/b3129g6/Thunder-712/Source/core/Parser.cpp not successfully processed
2025-10-27 09:07:14,630 - Knowledge - ERROR - Timeout processing /app/data/tataelxsimcvaripplecode5379/718/b3129g6/Thunder-712/Utils/PluginActivator/source/COMRPCStarter.cpp after 90s
2025-10-27 09:07:14,725 - Knowledge - ERROR - Timeout processing /app/data/tataelxsimcvaripplecode5379/718/b3129g6/Thunder-712/Source/websocket/windows/include/zconf.h after 90s
2025-10-27 09:07:14,842 - Knowledge - WARNING - File /app/data/tataelxsimcvaripplecode5379/718/b3129g6/Thunder-712/cmake/common/CodeCoverage.cmake not successfully processed
2025-10-27 09:07:14,912 - Knowledge - ERROR - Timeout processing /app/data/tataelxsimcvaripplecode5379/718/b3129g6/Thunder-712/Source/com/Administrator.h after 90s
2025-10-27 09:07:15,013 - Knowledge - ERROR - Timeout processing /app/data/tataelxsimcvaripplecode5379/718/b3129g6/Thunder-712/Source/websocket/JSONRPCLink.h after 90s
2025-10-27 09:07:15,094 - Knowledge - WARNING - File /app/data/tataelxsimcvaripplecode5379/718/b3129g6/Thunder-712/Source/cryptalgo/Hash.h not successfully processed
2025-10-27 09:07:15,179 - Knowledge - ERROR - Timeout processing /app/data/tataelxsimcvaripplecode5379/718/b3129g6/Thunder-712/Source/messaging/Logging.cpp after 90s
2025-10-27 09:07:15,268 - Knowledge - ERROR - Timeout processing /app/data/tataelxsimcvaripplecode5379/718/b3129g6/Thunder-712/Source/cryptalgo/Hash.cpp after 90s
2025-10-27 09:07:15,390 - Knowledge - WARNING - File /app/data/tataelxsimcvaripplecode5379/718/b3129g6/Thunder-712/cmake/modules/FindLibGio.cmake not successfully processed
2025-10-27 09:07:15,430 - Knowledge - ERROR - Timeout processing /app/data/tataelxsimcvaripplecode5379/718/b3129g6/Thunder-712/cmake/config/formats/json/json3.cmake after 90s
2025-10-27 09:07:15,524 - Knowledge - WARNING - File /app/data/tataelxsimcvaripplecode5379/718/b3129g6/Thunder-712/cmake/modules/FindSystemd.cmake not successfully processed
2025-10-27 09:07:15,662 - Knowledge - INFO - Processing batch of 32 files
2025-10-27 09:07:15,786 - Knowledge - WARNING - File /app/data/tataelxsimcvaripplecode5379/718/b3129g6/Thunder-712/Source/core/XGetopt.h not successfully processed
2025-10-27 09:07:15,858 - Knowledge - WARNING - File /app/data/tataelxsimcvaripplecode5379/718/b3129g6/Thunder-712/Source/core/DoorBell.h not successfully processed
2025-10-27 09:07:15,935 - Knowledge - INFO - process ingested knowledge for /app/data/tataelxsimcvaripplecode5379/718/b3129g6/Thunder-712/cmake/config/formats/json/json_tokenize.cmake
2025-10-27 09:07:16,036 - Knowledge - WARNING - File /app/data/tataelxsimcvaripplecode5379/718/b3129g6/Thunder-712/Source/plugins/VirtualInput.cpp not successfully processed
2025-10-27 09:07:16,137 - Knowledge - WARNING - File /app/data/tataelxsimcvaripplecode5379/718/b3129g6/Thunder-712/Source/websocket/WebSocketLink.h not successfully processed
2025-10-27 09:07:16,241 - Knowledge - INFO - process ingested knowledge for /app/data/tataelxsimcvaripplecode5379/718/b3129g6/Thunder-712/Tests/unit/core/test_cyclicbuffer.cpp
2025-10-27 09:07:16,358 - Knowledge - WARNING - File /app/data/tataelxsimcvaripplecode5379/718/b3129g6/Thunder-712/Source/WPEFramework/PostMortem.h not successfully processed
2025-10-27 09:07:16,408 - Knowledge - WARNING - File /app/data/tataelxsimcvaripplecode5379/718/b3129g6/Thunder-712/Source/plugins/JSONRPC.cpp not successfully processed
2025-10-27 09:07:16,499 - Knowledge - INFO - process ingested knowledge for /app/data/tataelxsimcvaripplecode5379/718/b3129g6/Thunder-712/Tests/unit/core/test_systeminfo.cpp
2025-10-27 09:07:16,600 - Knowledge - WARNING - File /app/data/tataelxsimcvaripplecode5379/718/b3129g6/Thunder-712/Source/websocket/WebResponse.h not successfully processed
2025-10-27 09:07:16,686 - Knowledge - WARNING - File /app/data/tataelxsimcvaripplecode5379/718/b3129g6/Thunder-712/Source/core/Portability.h not successfully processed
2025-10-27 09:07:16,816 - Knowledge - INFO - process ingested knowledge for /app/data/tataelxsimcvaripplecode5379/718/b3129g6/Thunder-712/Source/core/dllmain.cpp
2025-10-27 09:07:16,912 - Knowledge - WARNING - File /app/data/tataelxsimcvaripplecode5379/718/b3129g6/Thunder-712/cmake/common/HeaderOnlyInstall.cmake not successfully processed
2025-10-27 09:07:17,020 - Knowledge - WARNING - File /app/data/tataelxsimcvaripplecode5379/718/b3129g6/Thunder-712/cmake/common/CompileSettings.cmake not successfully processed
2025-10-27 09:07:17,109 - Knowledge - INFO - process ingested knowledge for /app/data/tataelxsimcvaripplecode5379/718/b3129g6/Thunder-712/Tests/httpsclient/Module.cpp
2025-10-27 09:07:17,250 - Knowledge - WARNING - File /app/data/tataelxsimcvaripplecode5379/718/b3129g6/Thunder-712/Source/core/Frame.h not successfully processed
2025-10-27 09:07:17,317 - Knowledge - WARNING - File /app/data/tataelxsimcvaripplecode5379/718/b3129g6/Thunder-712/Source/core/ValueRecorder.h not successfully processed
2025-10-27 09:07:17,440 - Knowledge - INFO - process ingested knowledge for /app/data/tataelxsimcvaripplecode5379/718/b3129g6/Thunder-712/cmake/config/ref/address_peek_back.cmake
2025-10-27 09:07:17,556 - Knowledge - WARNING - File /app/data/tataelxsimcvaripplecode5379/718/b3129g6/Thunder-712/Source/core/ProcessInfo.h not successfully processed
2025-10-27 09:07:17,608 - Knowledge - WARNING - File /app/data/tataelxsimcvaripplecode5379/718/b3129g6/Thunder-712/Utils/PluginActivator/source/main.cpp not successfully processed
2025-10-27 09:07:17,720 - Knowledge - INFO - process ingested knowledge for /app/data/tataelxsimcvaripplecode5379/718/b3129g6/Thunder-712/Utils/PluginActivator/source/COMRPCStarter.h
2025-10-27 09:07:17,820 - Knowledge - WARNING - File /app/data/tataelxsimcvaripplecode5379/718/b3129g6/Thunder-712/cmake/config/map/operations/map_equal.cmake not successfully processed
2025-10-27 09:07:17,952 - Knowledge - WARNING - File /app/data/tataelxsimcvaripplecode5379/718/b3129g6/Thunder-712/Source/com/ConnectorType.h not successfully processed
2025-10-27 09:07:18,053 - Knowledge - INFO - process ingested knowledge for /app/data/tataelxsimcvaripplecode5379/718/b3129g6/Thunder-712/Tests/unit/core/test_frametype.cpp
2025-10-27 09:07:18,140 - Knowledge - WARNING - File /app/data/tataelxsimcvaripplecode5379/718/b3129g6/Thunder-712/Source/WPEFramework/Config.h not successfully processed
2025-10-27 09:07:18,256 - Knowledge - WARNING - File /app/data/tataelxsimcvaripplecode5379/718/b3129g6/Thunder-712/Source/core/Singleton.h not successfully processed
2025-10-27 09:07:18,309 - Knowledge - INFO - process ingested knowledge for /app/data/tataelxsimcvaripplecode5379/718/b3129g6/Thunder-712/Tests/unit/core/test_iso639.cpp
2025-10-27 09:07:18,425 - Knowledge - WARNING - File /app/data/tataelxsimcvaripplecode5379/718/b3129g6/Thunder-712/Source/WPEFramework/WarningReportingCategories.h not successfully processed
2025-10-27 09:07:18,521 - Knowledge - WARNING - File /app/data/tataelxsimcvaripplecode5379/718/b3129g6/Thunder-712/Source/core/TextReader.cpp not successfully processed
2025-10-27 09:07:18,640 - Knowledge - INFO - process ingested knowledge for /app/data/tataelxsimcvaripplecode5379/718/b3129g6/Thunder-712/cmake/config/map/core/map_get.cmake
2025-10-27 09:07:18,767 - Knowledge - WARNING - File /app/data/tataelxsimcvaripplecode5379/718/b3129g6/Thunder-712/Source/com/Communicator.h not successfully processed
2025-10-27 09:07:18,816 - Knowledge - WARNING - File /app/data/tataelxsimcvaripplecode5379/718/b3129g6/Thunder-712/Source/core/IIterator.h not successfully processed
2025-10-27 09:07:18,928 - Knowledge - INFO - process ingested knowledge for /app/data/tataelxsimcvaripplecode5379/718/b3129g6/Thunder-712/cmake/config/formats/json/README.md
2025-10-27 09:07:19,087 - Knowledge - WARNING - File /app/data/tataelxsimcvaripplecode5379/718/b3129g6/Thunder-712/Source/extensions/processcontainers/implementations/LXCImplementation/LXCImplementation.cpp not successfully processed
2025-10-27 09:07:19,197 - Knowledge - WARNING - File /app/data/tataelxsimcvaripplecode5379/718/b3129g6/Thunder-712/Source/cryptalgo/AESImplementation.h not successfully processed
2025-10-27 09:07:19,256 - Knowledge - INFO - process ingested knowledge for /app/data/tataelxsimcvaripplecode5379/718/b3129g6/Thunder-712/Tests/unit/core/test_stopwatch.cpp
2025-10-27 09:07:19,382 - Knowledge - WARNING - File /app/data/tataelxsimcvaripplecode5379/718/b3129g6/Thunder-712/cmake/common/GetExternalCode.cmake not successfully processed
2025-10-27 09:07:19,448 - Knowledge - WARNING - File /app/data/tataelxsimcvaripplecode5379/718/b3129g6/Thunder-712/Source/extensions/processcontainers/common/BaseContainerIterator.h not successfully processed
2025-10-27 09:07:19,537 - Knowledge - INFO - process ingested knowledge for /app/data/tataelxsimcvaripplecode5379/718/b3129g6/Thunder-712/Source/core/CMakeLists.txt
2025-10-27 09:07:19,610 - Knowledge - WARNING - File /app/data/tataelxsimcvaripplecode5379/718/b3129g6/Thunder-712/Source/core/IPCConnector.h not successfully processed
2025-10-27 09:07:19,732 - Knowledge - WARNING - File /app/data/tataelxsimcvaripplecode5379/718/b3129g6/Thunder-712/Source/websocket/windows/include/zconf.h not successfully processed
2025-10-27 09:07:19,791 - Knowledge - INFO - process ingested knowledge for /app/data/tataelxsimcvaripplecode5379/718/b3129g6/Thunder-712/Tests/unit/core/test_parser.cpp
2025-10-27 09:07:19,893 - Knowledge - WARNING - File /app/data/tataelxsimcvaripplecode5379/718/b3129g6/Thunder-712/Utils/PluginActivator/source/COMRPCStarter.cpp not successfully processed
2025-10-27 09:07:19,982 - Knowledge - WARNING - File /app/data/tataelxsimcvaripplecode5379/718/b3129g6/Thunder-712/Source/websocket/JSONRPCLink.h not successfully processed
2025-10-27 09:07:20,070 - Knowledge - INFO - process ingested knowledge for /app/data/tataelxsimcvaripplecode5379/718/b3129g6/Thunder-712/Source/WPEProcess/Module.h
2025-10-27 09:07:20,189 - Knowledge - WARNING - File /app/data/tataelxsimcvaripplecode5379/718/b3129g6/Thunder-712/Source/com/Administrator.h not successfully processed
2025-10-27 09:07:20,338 - Knowledge - WARNING - File /app/data/tataelxsimcvaripplecode5379/718/b3129g6/Thunder-712/Source/cryptalgo/Hash.cpp not successfully processed
2025-10-27 09:07:20,375 - Knowledge - INFO - process ingested knowledge for /app/data/tataelxsimcvaripplecode5379/718/b3129g6/Thunder-712/cmake/modules/FindDBus.cmake
2025-10-27 09:07:20,503 - Knowledge - WARNING - File /app/data/tataelxsimcvaripplecode5379/718/b3129g6/Thunder-712/Source/messaging/Logging.cpp not successfully processed
2025-10-27 09:07:20,593 - Knowledge - WARNING - File /app/data/tataelxsimcvaripplecode5379/718/b3129g6/Thunder-712/Source/WPEFramework/IRemoteInstantiation.h not successfully processed
2025-10-27 09:07:20,690 - Knowledge - INFO - process ingested knowledge for /app/data/tataelxsimcvaripplecode5379/718/b3129g6/Thunder-712/Source/plugins/SubSystem.h
2025-10-27 09:07:20,778 - Knowledge - WARNING - File /app/data/tataelxsimcvaripplecode5379/718/b3129g6/Thunder-712/cmake/config/formats/json/json3.cmake not successfully processed
2025-10-27 09:07:20,941 - Knowledge - INFO - Processing batch of 32 files
2025-10-27 09:07:20,996 - Knowledge - INFO - process ingested knowledge for /app/data/tataelxsimcvaripplecode5379/718/b3129g6/Thunder-712/Tests/loader/CMakeLists.txt
2025-10-27 09:07:21,094 - Knowledge - INFO - Processing batch of 32 files
2025-10-27 09:07:21,208 - Knowledge - INFO - process ingested knowledge for /app/data/tataelxsimcvaripplecode5379/718/b3129g6/Thunder-712/cmake/config/quickmap/val.cmake
2025-10-27 09:07:21,300 - Knowledge - INFO - process ingested knowledge for /app/data/tataelxsimcvaripplecode5379/718/b3129g6/Thunder-712/cmake/config/map/helpers/map_property_length.cmake
2025-10-27 09:07:21,373 - Knowledge - INFO - process ingested knowledge for /app/data/tataelxsimcvaripplecode5379/718/b3129g6/Thunder-712/Source/plugins/StateControl.h
2025-10-27 09:07:21,521 - Knowledge - INFO - process ingested knowledge for /app/data/tataelxsimcvaripplecode5379/718/b3129g6/Thunder-712/cmake/config/events/events_track.cmake
2025-10-27 09:07:21,669 - Knowledge - ERROR - Timeout processing /app/data/tataelxsimcvaripplecode5379/718/b3129g6/Thunder-712/Source/core/SocketServer.h after 90s
2025-10-27 09:07:21,682 - Knowledge - INFO - process ingested knowledge for /app/data/tataelxsimcvaripplecode5379/718/b3129g6/Thunder-712/Source/WPEFramework/ExampleConfigWindows.json
2025-10-27 09:07:21,766 - Knowledge - INFO - process ingested knowledge for /app/data/tataelxsimcvaripplecode5379/718/b3129g6/Thunder-712/Source/messaging/Module.h
2025-10-27 09:07:21,887 - Knowledge - INFO - process ingested knowledge for /app/data/tataelxsimcvaripplecode5379/718/b3129g6/Thunder-712/Source/extensions/processcontainers/implementations/AWCImplementation/AWCProxyContainer.h
2025-10-27 09:07:21,967 - Knowledge - ERROR - Timeout processing /app/data/tataelxsimcvaripplecode5379/718/b3129g6/Thunder-712/Source/core/FileSystem.cpp after 90s
2025-10-27 09:07:22,087 - Knowledge - INFO - process ingested knowledge for /app/data/tataelxsimcvaripplecode5379/718/b3129g6/Thunder-712/cmake/config/ref/address_type_get.cmake
2025-10-27 09:07:22,176 - Knowledge - INFO - process ingested knowledge for /app/data/tataelxsimcvaripplecode5379/718/b3129g6/Thunder-712/cmake/config/map/helpers/map_keys_remove.cmake
2025-10-27 09:07:22,264 - Knowledge - INFO - process ingested knowledge for /app/data/tataelxsimcvaripplecode5379/718/b3129g6/Thunder-712/Source/extensions/processcontainers/implementations/AWCImplementation/dbus/api.xml
2025-10-27 09:07:22,339 - Knowledge - ERROR - Timeout processing /app/data/tataelxsimcvaripplecode5379/718/b3129g6/Thunder-712/Source/WPEFramework/Controller.cpp after 90s
2025-10-27 09:07:22,425 - Knowledge - INFO - process ingested knowledge for /app/data/tataelxsimcvaripplecode5379/718/b3129g6/Thunder-712/Source/websocket/WebTransform.h
2025-10-27 09:07:22,500 - Knowledge - INFO - process ingested knowledge for /app/data/tataelxsimcvaripplecode5379/718/b3129g6/Thunder-712/cmake/config/map/helpers/map_count.cmake
2025-10-27 09:07:22,606 - Knowledge - INFO - process ingested knowledge for /app/data/tataelxsimcvaripplecode5379/718/b3129g6/Thunder-712/cmake/config/map/core/map_duplicate.cmake
2025-10-27 09:07:22,714 - Knowledge - ERROR - Timeout processing /app/data/tataelxsimcvaripplecode5379/718/b3129g6/Thunder-712/Source/core/ResourceMonitor.h after 90s
2025-10-27 09:07:22,844 - Knowledge - INFO - process ingested knowledge for /app/data/tataelxsimcvaripplecode5379/718/b3129g6/Thunder-712/cmake/config/map/helpers/map_promote.cmake
2025-10-27 09:07:22,918 - Knowledge - INFO - process ingested knowledge for /app/data/tataelxsimcvaripplecode5379/718/b3129g6/Thunder-712/Utils/PluginActivator/CMakeLists.txt
2025-10-27 09:07:23,024 - Knowledge - INFO - process ingested knowledge for /app/data/tataelxsimcvaripplecode5379/718/b3129g6/Thunder-712/cmake/config/map/helpers/map_pick_regex.cmake
2025-10-27 09:07:23,098 - Knowledge - ERROR - Timeout processing /app/data/tataelxsimcvaripplecode5379/718/b3129g6/Thunder-712/cmake/modules/FindGBM.cmake after 90s
2025-10-27 09:07:23,187 - Knowledge - INFO - process ingested knowledge for /app/data/tataelxsimcvaripplecode5379/718/b3129g6/Thunder-712/cmake/config/map/core/map_get_special.cmake
2025-10-27 09:07:23,310 - Knowledge - INFO - process ingested knowledge for /app/data/tataelxsimcvaripplecode5379/718/b3129g6/Thunder-712/Tests/unit/core/test_readwritelock.cpp
2025-10-27 09:07:23,435 - Knowledge - INFO - process ingested knowledge for /app/data/tataelxsimcvaripplecode5379/718/b3129g6/Thunder-712/Source/extensions/processcontainers/CMakeLists.txt
2025-10-27 09:07:23,527 - Knowledge - ERROR - Timeout processing /app/data/tataelxsimcvaripplecode5379/718/b3129g6/Thunder-712/Source/core/ReadWriteLock.h after 90s
2025-10-27 09:07:23,624 - Knowledge - INFO - process ingested knowledge for /app/data/tataelxsimcvaripplecode5379/718/b3129g6/Thunder-712/CMakeLists.txt
2025-10-27 09:07:23,731 - Knowledge - INFO - process ingested knowledge for /app/data/tataelxsimcvaripplecode5379/718/b3129g6/Thunder-712/Source/core/CallsignTLS.cpp
2025-10-27 09:07:23,811 - Knowledge - INFO - process ingested knowledge for /app/data/tataelxsimcvaripplecode5379/718/b3129g6/Thunder-712/cmake/config/ref/is_address.cmake
2025-10-27 09:07:23,890 - Knowledge - ERROR - Timeout processing /app/data/tataelxsimcvaripplecode5379/718/b3129g6/Thunder-712/Source/core/Netlink.cpp after 90s
2025-10-27 09:07:24,034 - Knowledge - INFO - process ingested knowledge for /app/data/tataelxsimcvaripplecode5379/718/b3129g6/Thunder-712/Tests/unit/core/test_queue.cpp
2025-10-27 09:07:24,116 - Knowledge - INFO - process ingested knowledge for /app/data/tataelxsimcvaripplecode5379/718/b3129g6/Thunder-712/Tests/file-unlink/file-master.cpp
2025-10-27 09:07:24,199 - Knowledge - INFO - process ingested knowledge for /app/data/tataelxsimcvaripplecode5379/718/b3129g6/Thunder-712/cmake/config/ref/address_set.cmake
2025-10-27 09:07:24,293 - Knowledge - ERROR - Timeout processing /app/data/tataelxsimcvaripplecode5379/718/b3129g6/Thunder-712/Source/core/Media.h after 90s
2025-10-27 09:07:24,383 - Knowledge - INFO - process ingested knowledge for /app/data/tataelxsimcvaripplecode5379/718/b3129g6/Thunder-712/cmake/config/string/string_codes.cmake
2025-10-27 09:07:24,498 - Knowledge - INFO - process ingested knowledge for /app/data/tataelxsimcvaripplecode5379/718/b3129g6/Thunder-712/cmake/config/map/core/map_delete.cmake
2025-10-27 09:07:24,581 - Knowledge - INFO - process ingested knowledge for /app/data/tataelxsimcvaripplecode5379/718/b3129g6/Thunder-712/cmake/config/filesystem/path/path.cmake
2025-10-27 09:07:24,675 - Knowledge - ERROR - Timeout processing /app/data/tataelxsimcvaripplecode5379/718/b3129g6/Thunder-712/Source/core/TriState.h after 90s
2025-10-27 09:07:24,752 - Knowledge - INFO - process ingested knowledge for /app/data/tataelxsimcvaripplecode5379/718/b3129g6/Thunder-712/Tests/unit/core/test_statetrigger.cpp
2025-10-27 09:07:24,840 - Knowledge - INFO - process ingested knowledge for /app/data/tataelxsimcvaripplecode5379/718/b3129g6/Thunder-712/cmake/config/map/map_import_properties.cmake
2025-10-27 09:07:24,909 - Knowledge - INFO - process ingested knowledge for /app/data/tataelxsimcvaripplecode5379/718/b3129g6/Thunder-712/cmake/config/core/return/return_truth.cmake
2025-10-27 09:07:25,014 - Knowledge - ERROR - Timeout processing /app/data/tataelxsimcvaripplecode5379/718/b3129g6/Thunder-712/Source/core/CallsignTLS.h after 90s
2025-10-27 09:07:25,139 - Knowledge - INFO - process ingested knowledge for /app/data/tataelxsimcvaripplecode5379/718/b3129g6/Thunder-712/Tests/unit/core/test_rectangle.cpp
2025-10-27 09:07:25,231 - Knowledge - INFO - process ingested knowledge for /app/data/tataelxsimcvaripplecode5379/718/b3129g6/Thunder-712/cmake/modules/FindDBusClient.cmake
2025-10-27 09:07:25,366 - Knowledge - INFO - process ingested knowledge for /app/data/tataelxsimcvaripplecode5379/718/b3129g6/Thunder-712/cmake/config/map/operations/map_merge.cmake
2025-10-27 09:07:25,477 - Knowledge - ERROR - Timeout processing /app/data/tataelxsimcvaripplecode5379/718/b3129g6/Thunder-712/Source/core/LockableContainer.h after 90s
2025-10-27 09:07:25,594 - Knowledge - INFO - process ingested knowledge for /app/data/tataelxsimcvaripplecode5379/718/b3129g6/Thunder-712/cmake/config/formats/json/json_print.cmake
2025-10-27 09:07:25,708 - Knowledge - INFO - process ingested knowledge for /app/data/tataelxsimcvaripplecode5379/718/b3129g6/Thunder-712/Source/extensions/processcontainers/implementations/AWCImplementation/AWCContainerBase.cpp
2025-10-27 09:07:25,807 - Knowledge - INFO - process ingested knowledge for /app/data/tataelxsimcvaripplecode5379/718/b3129g6/Thunder-712/Tests/unit/core/test_thread.cpp
2025-10-27 09:07:25,900 - Knowledge - ERROR - Timeout processing /app/data/tataelxsimcvaripplecode5379/718/b3129g6/Thunder-712/Source/extensions/hibernate/checkpointserver/CheckpointServer.c after 90s
2025-10-27 09:07:26,011 - Knowledge - INFO - process ingested knowledge for /app/data/tataelxsimcvaripplecode5379/718/b3129g6/Thunder-712/cmake/config/filesystem/fwrite_temp.cmake
2025-10-27 09:07:26,082 - Knowledge - INFO - process ingested knowledge for /app/data/tataelxsimcvaripplecode5379/718/b3129g6/Thunder-712/Tests/unit/core/test_ipc.cpp
2025-10-27 09:07:26,180 - Knowledge - INFO - process ingested knowledge for /app/data/tataelxsimcvaripplecode5379/718/b3129g6/Thunder-712/cmake/config/map/iterator/map_iterator.cmake
2025-10-27 09:07:26,289 - Knowledge - ERROR - Timeout processing /app/data/tataelxsimcvaripplecode5379/718/b3129g6/Thunder-712/Source/plugins/VirtualInput.h after 90s
2025-10-27 09:07:26,387 - Knowledge - INFO - process ingested knowledge for /app/data/tataelxsimcvaripplecode5379/718/b3129g6/Thunder-712/Tests/unit/core/test_rpc.cpp
2025-10-27 09:07:26,525 - Knowledge - INFO - process ingested knowledge for /app/data/tataelxsimcvaripplecode5379/718/b3129g6/Thunder-712/cmake/modules/FindLIBRT.cmake
2025-10-27 09:07:26,614 - Knowledge - INFO - process ingested knowledge for /app/data/tataelxsimcvaripplecode5379/718/b3129g6/Thunder-712/Tests/unit/tests/CMakeLists.txt
2025-10-27 09:07:26,695 - Knowledge - ERROR - Timeout processing /app/data/tataelxsimcvaripplecode5379/718/b3129g6/Thunder-712/Source/cryptalgo/AES.cpp after 90s
2025-10-27 09:07:27,098 - Knowledge - INFO - process ingested knowledge for /app/data/tataelxsimcvaripplecode5379/718/b3129g6/Thunder-712/cmake/config/quickmap/end.cmake
2025-10-27 09:07:27,099 - Knowledge - INFO - process ingested knowledge for /app/data/tataelxsimcvaripplecode5379/718/b3129g6/Thunder-712/Tests/httpsclient/CMakeLists.txt
2025-10-27 09:07:27,115 - Knowledge - ERROR - Timeout processing /app/data/tataelxsimcvaripplecode5379/718/b3129g6/Thunder-712/Source/core/SerialPort.cpp after 90s
2025-10-27 09:07:27,365 - Knowledge - INFO - process ingested knowledge for /app/data/tataelxsimcvaripplecode5379/718/b3129g6/Thunder-712/Source/extensions/warningreporting/Module.cpp
2025-10-27 09:07:27,394 - Knowledge - INFO - process ingested knowledge for /app/data/tataelxsimcvaripplecode5379/718/b3129g6/Thunder-712/Tests/unit/IPTestAdministrator.h
2025-10-27 09:07:27,496 - Knowledge - ERROR - Timeout processing /app/data/tataelxsimcvaripplecode5379/718/b3129g6/Thunder-712/Source/core/Library.cpp after 90s
2025-10-27 09:07:27,643 - Knowledge - INFO - process ingested knowledge for /app/data/tataelxsimcvaripplecode5379/718/b3129g6/Thunder-712/cmake/config.cmake
2025-10-27 09:07:27,802 - Knowledge - ERROR - Timeout processing /app/data/tataelxsimcvaripplecode5379/718/b3129g6/Thunder-712/Source/core/TokenizedStringList.h after 90s
2025-10-27 09:07:27,831 - Knowledge - ERROR - Timeout processing /app/data/tataelxsimcvaripplecode5379/718/b3129g6/Thunder-712/Source/core/Time.h after 90s
2025-10-27 09:07:27,985 - Knowledge - INFO - process ingested knowledge for /app/data/tataelxsimcvaripplecode5379/718/b3129g6/Thunder-712/docs/plugin/intro.md
2025-10-27 09:07:27,998 - Knowledge - INFO - process ingested knowledge for /app/data/tataelxsimcvaripplecode5379/718/b3129g6/Thunder-712/Source/websocket/JSONWebToken.h
2025-10-27 09:07:28,029 - Knowledge - ERROR - Timeout processing /app/data/tataelxsimcvaripplecode5379/718/b3129g6/Thunder-712/Source/core/AccessControl.h after 90s
2025-10-27 09:07:28,108 - Knowledge - ERROR - Timeout processing /app/data/tataelxsimcvaripplecode5379/718/b3129g6/Thunder-712/cmake/modules/FindLibGobject.cmake after 90s
2025-10-27 09:07:28,301 - Knowledge - INFO - process ingested knowledge for /app/data/tataelxsimcvaripplecode5379/718/b3129g6/Thunder-712/cmake/config/core/require.cmake
2025-10-27 09:07:28,302 - Knowledge - INFO - process ingested knowledge for /app/data/tataelxsimcvaripplecode5379/718/b3129g6/Thunder-712/Source/core/IAction.h
2025-10-27 09:07:28,370 - Knowledge - ERROR - Timeout processing /app/data/tataelxsimcvaripplecode5379/718/b3129g6/Thunder-712/Source/core/NodeId.h after 90s
2025-10-27 09:07:28,461 - Knowledge - ERROR - Timeout processing /app/data/tataelxsimcvaripplecode5379/718/b3129g6/Thunder-712/Source/cryptalgo/AES.h after 90s
2025-10-27 09:07:28,613 - Knowledge - INFO - process ingested knowledge for /app/data/tataelxsimcvaripplecode5379/718/b3129g6/Thunder-712/Tests/unit/core/test_lockablecontainer.cpp
2025-10-27 09:07:28,792 - Knowledge - ERROR - Timeout processing /app/data/tataelxsimcvaripplecode5379/718/b3129g6/Thunder-712/Source/core/Thread.cpp after 90s
2025-10-27 09:07:28,875 - Knowledge - INFO - process ingested knowledge for /app/data/tataelxsimcvaripplecode5379/718/b3129g6/Thunder-712/cmake/config/ref/address_get.cmake
2025-10-27 09:07:28,903 - Knowledge - ERROR - Timeout processing /app/data/tataelxsimcvaripplecode5379/718/b3129g6/Thunder-712/Source/core/JSON.cpp after 90s
2025-10-27 09:07:29,124 - Knowledge - ERROR - Timeout processing /app/data/tataelxsimcvaripplecode5379/718/b3129g6/Thunder-712/cmake/common/CmakeHelperFunctions.cmake after 90s
2025-10-27 09:07:29,190 - Knowledge - INFO - process ingested knowledge for /app/data/tataelxsimcvaripplecode5379/718/b3129g6/Thunder-712/Source/core/ResourceMonitor.cpp
2025-10-27 09:07:29,210 - Knowledge - INFO - process ingested knowledge for /app/data/tataelxsimcvaripplecode5379/718/b3129g6/Thunder-712/Tests/unit/core/test_synchronize.cpp
2025-10-27 09:07:29,296 - Knowledge - ERROR - Timeout processing /app/data/tataelxsimcvaripplecode5379/718/b3129g6/Thunder-712/Source/core/SerialPort.h after 90s
2025-10-27 09:07:29,385 - Knowledge - ERROR - Timeout processing /app/data/tataelxsimcvaripplecode5379/718/b3129g6/Thunder-712/Source/core/ASN1.h after 90s
2025-10-27 09:07:29,478 - Knowledge - INFO - process ingested knowledge for /app/data/tataelxsimcvaripplecode5379/718/b3129g6/Thunder-712/cmake/config/events/event_get.cmake
2025-10-27 09:07:29,682 - Knowledge - ERROR - Timeout processing /app/data/tataelxsimcvaripplecode5379/718/b3129g6/Thunder-712/Source/core/Library.h after 90s
2025-10-27 09:07:29,753 - Knowledge - ERROR - Timeout processing /app/data/tataelxsimcvaripplecode5379/718/b3129g6/Thunder-712/Source/plugins/SubSystem.cpp after 90s
2025-10-27 09:07:29,772 - Knowledge - INFO - process ingested knowledge for /app/data/tataelxsimcvaripplecode5379/718/b3129g6/Thunder-712/cmake/config/map/core/map_tryget.cmake
2025-10-27 09:07:29,919 - Knowledge - ERROR - Timeout processing /app/data/tataelxsimcvaripplecode5379/718/b3129g6/Thunder-712/Source/cryptalgo/HMAC.h after 90s
2025-10-27 09:07:29,989 - Knowledge - WARNING - File /app/data/tataelxsimcvaripplecode5379/718/b3129g6/Thunder-712/Source/core/SocketServer.h not successfully processed
2025-10-27 09:07:30,070 - Knowledge - INFO - process ingested knowledge for /app/data/tataelxsimcvaripplecode5379/718/b3129g6/Thunder-712/cmake/config/map/operations/map_foreach.cmake
2025-10-27 09:07:30,087 - Knowledge - INFO - process ingested knowledge for /app/data/tataelxsimcvaripplecode5379/718/b3129g6/Thunder-712/Source/com/Module.cpp
2025-10-27 09:07:30,164 - Knowledge - ERROR - Timeout processing /app/data/tataelxsimcvaripplecode5379/718/b3129g6/Thunder-712/Source/core/IPCChannel.h after 90s
2025-10-27 09:07:30,366 - Knowledge - WARNING - File /app/data/tataelxsimcvaripplecode5379/718/b3129g6/Thunder-712/Source/core/FileSystem.cpp not successfully processed
2025-10-27 09:07:30,394 - Knowledge - INFO - process ingested knowledge for /app/data/tataelxsimcvaripplecode5379/718/b3129g6/Thunder-712/Tests/unit/core/test_tristate.cpp
2025-10-27 09:07:30,553 - Knowledge - ERROR - Timeout processing /app/data/tataelxsimcvaripplecode5379/718/b3129g6/Thunder-712/Source/core/StateTrigger.h after 90s
2025-10-27 09:07:30,649 - Knowledge - INFO - process ingested knowledge for /app/data/tataelxsimcvaripplecode5379/718/b3129g6/Thunder-712/Source/plugins/IControllerDeprecated.h
2025-10-27 09:07:30,651 - Knowledge - WARNING - File /app/data/tataelxsimcvaripplecode5379/718/b3129g6/Thunder-712/Source/WPEFramework/Controller.cpp not successfully processed
2025-10-27 09:07:30,821 - Knowledge - ERROR - Timeout processing /app/data/tataelxsimcvaripplecode5379/718/b3129g6/Thunder-712/Source/plugins/Service.cpp after 90s
2025-10-27 09:07:30,980 - Knowledge - INFO - process ingested knowledge for /app/data/tataelxsimcvaripplecode5379/718/b3129g6/Thunder-712/cmake/config/map/helpers/map_peek_back.cmake
2025-10-27 09:07:30,981 - Knowledge - INFO - process ingested knowledge for /app/data/tataelxsimcvaripplecode5379/718/b3129g6/Thunder-712/cmake/config/map/helpers/map_match_properties.cmake
2025-10-27 09:07:31,085 - Knowledge - WARNING - File /app/data/tataelxsimcvaripplecode5379/718/b3129g6/Thunder-712/Source/core/ResourceMonitor.h not successfully processed
2025-10-27 09:07:31,166 - Knowledge - ERROR - Timeout processing /app/data/tataelxsimcvaripplecode5379/718/b3129g6/Thunder-712/Source/core/Netlink.h after 90s
2025-10-27 09:07:31,297 - Knowledge - INFO - process ingested knowledge for /app/data/tataelxsimcvaripplecode5379/718/b3129g6/Thunder-712/cmake/config/ref/address_push_back.cmake
2025-10-27 09:07:31,338 - Knowledge - INFO - process ingested knowledge for /app/data/tataelxsimcvaripplecode5379/718/b3129g6/Thunder-712/cmake/config/map/helpers/map_omit.cmake
2025-10-27 09:07:31,499 - Knowledge - ERROR - Timeout processing /app/data/tataelxsimcvaripplecode5379/718/b3129g6/Thunder-712/Source/core/Queue.h after 90s
2025-10-27 09:07:31,643 - Knowledge - INFO - process ingested knowledge for /app/data/tataelxsimcvaripplecode5379/718/b3129g6/Thunder-712/Source/WPEFramework/Module.h
2025-10-27 09:07:31,668 - Knowledge - WARNING - File /app/data/tataelxsimcvaripplecode5379/718/b3129g6/Thunder-712/cmake/modules/FindGBM.cmake not successfully processed
2025-10-27 09:07:31,756 - Knowledge - ERROR - Timeout processing /app/data/tataelxsimcvaripplecode5379/718/b3129g6/Thunder-712/Source/messaging/MessageUnit.cpp after 90s
2025-10-27 09:07:31,964 - Knowledge - INFO - process ingested knowledge for /app/data/tataelxsimcvaripplecode5379/718/b3129g6/Thunder-712/cmake/modules/FindExecInfo.cmake
2025-10-27 09:07:31,966 - Knowledge - WARNING - File /app/data/tataelxsimcvaripplecode5379/718/b3129g6/Thunder-712/Source/core/ReadWriteLock.h not successfully processed
2025-10-27 09:07:31,969 - Knowledge - INFO - process ingested knowledge for /app/data/tataelxsimcvaripplecode5379/718/b3129g6/Thunder-712/cmake/config/collections/list_push_front.cmake
2025-10-27 09:07:32,024 - Knowledge - ERROR - Timeout processing /app/data/tataelxsimcvaripplecode5379/718/b3129g6/Thunder-712/Source/core/Rectangle.h after 90s
2025-10-27 09:07:32,292 - Knowledge - INFO - process ingested knowledge for /app/data/tataelxsimcvaripplecode5379/718/b3129g6/Thunder-712/Source/com/IIteratorType.h
2025-10-27 09:07:32,342 - Knowledge - WARNING - File /app/data/tataelxsimcvaripplecode5379/718/b3129g6/Thunder-712/Source/core/Netlink.cpp not successfully processed
2025-10-27 09:07:32,481 - Knowledge - ERROR - Timeout processing /app/data/tataelxsimcvaripplecode5379/718/b3129g6/Thunder-712/Source/core/FileSystem.h after 90s
2025-10-27 09:07:32,619 - Knowledge - INFO - process ingested knowledge for /app/data/tataelxsimcvaripplecode5379/718/b3129g6/Thunder-712/Tests/httpsclient/main.cpp
2025-10-27 09:07:32,619 - Knowledge - INFO - process ingested knowledge for /app/data/tataelxsimcvaripplecode5379/718/b3129g6/Thunder-712/cmake/config/map/helpers/map_at.cmake
2025-10-27 09:07:32,688 - Knowledge - WARNING - File /app/data/tataelxsimcvaripplecode5379/718/b3129g6/Thunder-712/Source/core/Media.h not successfully processed
2025-10-27 09:07:32,803 - Knowledge - ERROR - Timeout processing /app/data/tataelxsimcvaripplecode5379/718/b3129g6/Thunder-712/Utils/PluginActivator/source/Log.h after 90s
2025-10-27 09:07:32,933 - Knowledge - INFO - process ingested knowledge for /app/data/tataelxsimcvaripplecode5379/718/b3129g6/Thunder-712/Source/plugins/plugins.h
2025-10-27 09:07:33,078 - Knowledge - WARNING - File /app/data/tataelxsimcvaripplecode5379/718/b3129g6/Thunder-712/Source/core/TriState.h not successfully processed
2025-10-27 09:07:33,162 - Knowledge - ERROR - Timeout processing /app/data/tataelxsimcvaripplecode5379/718/b3129g6/Thunder-712/Source/WPEFramework/Controller.h after 90s
2025-10-27 09:07:33,327 - Knowledge - INFO - process ingested knowledge for /app/data/tataelxsimcvaripplecode5379/718/b3129g6/Thunder-712/cmake/common/CreateLink.cmake
2025-10-27 09:07:33,329 - Knowledge - INFO - process ingested knowledge for /app/data/tataelxsimcvaripplecode5379/718/b3129g6/Thunder-712/cmake/config/map/iterator/map_iterator_break.cmake
2025-10-27 09:07:33,363 - Knowledge - WARNING - File /app/data/tataelxsimcvaripplecode5379/718/b3129g6/Thunder-712/Source/core/CallsignTLS.h not successfully processed
2025-10-27 09:07:33,462 - Knowledge - ERROR - Timeout processing /app/data/tataelxsimcvaripplecode5379/718/b3129g6/Thunder-712/cmake/config/events/event_new.cmake after 90s
2025-10-27 09:07:33,682 - Knowledge - INFO - process ingested knowledge for /app/data/tataelxsimcvaripplecode5379/718/b3129g6/Thunder-712/Tests/workerpool-test/Module.cpp
2025-10-27 09:07:33,699 - Knowledge - INFO - process ingested knowledge for /app/data/tataelxsimcvaripplecode5379/718/b3129g6/Thunder-712/cmake/config/events/is_event.cmake
2025-10-27 09:07:33,810 - Knowledge - WARNING - File /app/data/tataelxsimcvaripplecode5379/718/b3129g6/Thunder-712/Source/core/LockableContainer.h not successfully processed
2025-10-27 09:07:33,891 - Knowledge - ERROR - Timeout processing /app/data/tataelxsimcvaripplecode5379/718/b3129g6/Thunder-712/Source/plugins/MetaData.cpp after 90s
2025-10-27 09:07:34,290 - Knowledge - ERROR - Timeout processing /app/data/tataelxsimcvaripplecode5379/718/b3129g6/Thunder-712/Source/messaging/TraceControl.h after 90s
2025-10-27 09:07:34,534 - Knowledge - INFO - process ingested knowledge for /app/data/tataelxsimcvaripplecode5379/718/b3129g6/Thunder-712/cmake/config/events/event_removehandler.cmake
2025-10-27 09:07:34,543 - Knowledge - ERROR - Timeout processing /app/data/tataelxsimcvaripplecode5379/718/b3129g6/Thunder-712/Source/extensions/privilegedrequest/example/main.cpp after 90s
2025-10-27 09:07:34,859 - Knowledge - ERROR - Timeout processing /app/data/tataelxsimcvaripplecode5379/718/b3129g6/Thunder-712/Source/websocket/WebRequest.h after 90s
2025-10-27 09:07:35,092 - Knowledge - ERROR - Timeout processing /app/data/tataelxsimcvaripplecode5379/718/b3129g6/Thunder-712/Source/core/StreamTypeLengthValue.h after 90s
2025-10-27 09:07:35,251 - Knowledge - ERROR - Timeout processing /app/data/tataelxsimcvaripplecode5379/718/b3129g6/Thunder-712/Source/core/Range.h after 90s
2025-10-27 09:07:35,365 - Knowledge - WARNING - File /app/data/tataelxsimcvaripplecode5379/718/b3129g6/Thunder-712/Source/extensions/hibernate/checkpointserver/CheckpointServer.c not successfully processed
2025-10-27 09:07:35,396 - Knowledge - ERROR - Timeout processing /app/data/tataelxsimcvaripplecode5379/718/b3129g6/Thunder-712/Source/core/MessageStore.cpp after 90s
2025-10-27 09:07:36,572 - Knowledge - WARNING - File /app/data/tataelxsimcvaripplecode5379/718/b3129g6/Thunder-712/Source/plugins/VirtualInput.h not successfully processed
2025-10-27 09:07:37,033 - Knowledge - WARNING - File /app/data/tataelxsimcvaripplecode5379/718/b3129g6/Thunder-712/Source/cryptalgo/AES.cpp not successfully processed
2025-10-27 09:07:37,306 - Knowledge - WARNING - File /app/data/tataelxsimcvaripplecode5379/718/b3129g6/Thunder-712/Source/core/SerialPort.cpp not successfully processed
2025-10-27 09:07:37,516 - Knowledge - WARNING - File /app/data/tataelxsimcvaripplecode5379/718/b3129g6/Thunder-712/Source/core/Library.cpp not successfully processed
2025-10-27 09:07:37,566 - Knowledge - WARNING - File /app/data/tataelxsimcvaripplecode5379/718/b3129g6/Thunder-712/Source/core/Time.h not successfully processed
2025-10-27 09:07:37,664 - Knowledge - ERROR - Timeout processing /app/data/tataelxsimcvaripplecode5379/718/b3129g6/Thunder-712/cmake/config/formats/json/json2_definition.cmake after 90s
2025-10-27 09:07:37,797 - Knowledge - WARNING - File /app/data/tataelxsimcvaripplecode5379/718/b3129g6/Thunder-712/cmake/modules/FindLibGobject.cmake not successfully processed
2025-10-27 09:07:37,896 - Knowledge - ERROR - Timeout processing /app/data/tataelxsimcvaripplecode5379/718/b3129g6/Thunder-712/Source/extensions/processcontainers/implementations/DobbyImplementation/DobbyImplementation.h after 90s
2025-10-27 09:07:38,109 - Knowledge - ERROR - Timeout processing /app/data/tataelxsimcvaripplecode5379/718/b3129g6/Thunder-712/Source/extensions/privilegedrequest/include/privilegedrequest/PrivilegedRequest.h after 90s
2025-10-27 09:07:38,276 - Knowledge - ERROR - Timeout processing /app/data/tataelxsimcvaripplecode5379/718/b3129g6/Thunder-712/Source/core/Number.cpp after 90s
2025-10-27 09:07:38,473 - Knowledge - ERROR - Timeout processing /app/data/tataelxsimcvaripplecode5379/718/b3129g6/Thunder-712/Source/core/WorkerPool.h after 90s
2025-10-27 09:07:38,670 - Knowledge - ERROR - Timeout processing /app/data/tataelxsimcvaripplecode5379/718/b3129g6/Thunder-712/Source/messaging/MessageClient.cpp after 90s
2025-10-27 09:07:38,870 - Knowledge - ERROR - Timeout processing /app/data/tataelxsimcvaripplecode5379/718/b3129g6/Thunder-712/Source/core/DataElement.h after 90s
2025-10-27 09:07:38,922 - Knowledge - WARNING - File /app/data/tataelxsimcvaripplecode5379/718/b3129g6/Thunder-712/Source/core/TokenizedStringList.h not successfully processed
2025-10-27 09:07:39,035 - Knowledge - ERROR - Timeout processing /app/data/tataelxsimcvaripplecode5379/718/b3129g6/Thunder-712/cmake/modules/FindBreakpad.cmake after 90s
2025-10-27 09:07:39,116 - Knowledge - WARNING - File /app/data/tataelxsimcvaripplecode5379/718/b3129g6/Thunder-712/Source/core/AccessControl.h not successfully processed
2025-10-27 09:07:39,220 - Knowledge - ERROR - Timeout processing /app/data/tataelxsimcvaripplecode5379/718/b3129g6/Thunder-712/Source/core/DataElementFile.h after 90s
2025-10-27 09:07:39,338 - Knowledge - WARNING - File /app/data/tataelxsimcvaripplecode5379/718/b3129g6/Thunder-712/Source/core/NodeId.h not successfully processed
2025-10-27 09:07:39,439 - Knowledge - ERROR - Timeout processing /app/data/tataelxsimcvaripplecode5379/718/b3129g6/Thunder-712/cmake/config/formats/json/json.cmake after 90s
2025-10-27 09:07:39,632 - Knowledge - ERROR - Timeout processing /app/data/tataelxsimcvaripplecode5379/718/b3129g6/Thunder-712/Source/WPEFramework/Probe.cpp after 90s
2025-10-27 09:07:39,831 - Knowledge - WARNING - File /app/data/tataelxsimcvaripplecode5379/718/b3129g6/Thunder-712/Source/core/Thread.cpp not successfully processed
2025-10-27 09:07:39,834 - Knowledge - ERROR - Timeout processing /app/data/tataelxsimcvaripplecode5379/718/b3129g6/Thunder-712/Source/core/IPFrame.h after 90s
2025-10-27 09:07:40,120 - Knowledge - ERROR - Timeout processing /app/data/tataelxsimcvaripplecode5379/718/b3129g6/Thunder-712/Source/core/SynchronousChannel.h after 90s
2025-10-27 09:07:40,303 - Knowledge - ERROR - Timeout processing /app/data/tataelxsimcvaripplecode5379/718/b3129g6/Thunder-712/cmake/modules/FindLibGioUnix.cmake after 90s
2025-10-27 09:07:40,523 - Knowledge - ERROR - Timeout processing /app/data/tataelxsimcvaripplecode5379/718/b3129g6/Thunder-712/Source/core/Services.h after 90s
2025-10-27 09:07:40,671 - Knowledge - INFO - [WEBSOCKET] Sent: Type=progress_update, Size: 295, Duration: 0ms
2025-10-27 09:07:40,672 - Knowledge - WARNING - File /app/data/tataelxsimcvaripplecode5379/718/b3129g6/Thunder-712/Source/cryptalgo/AES.h not successfully processed
2025-10-27 09:07:40,733 - Knowledge - ERROR - Timeout processing /app/data/tataelxsimcvaripplecode5379/718/b3129g6/Thunder-712/Source/plugins/IStateControl.h after 90s
2025-10-27 09:07:40,839 - Knowledge - INFO - [WEBSOCKET] Sent: Type=unknown, Size: ?, Duration: 168ms
2025-10-27 09:07:40,925 - Knowledge - WARNING - File /app/data/tataelxsimcvaripplecode5379/718/b3129g6/Thunder-712/Source/core/JSON.cpp not successfully processed
2025-10-27 09:07:41,050 - Knowledge - ERROR - Timeout processing /app/data/tataelxsimcvaripplecode5379/718/b3129g6/Thunder-712/Source/extensions/localtracer/include/localtracer/localtracer.h after 90s
2025-10-27 09:07:41,152 - Knowledge - INFO - Progress: 40.5% | Files: 257/630 | Rate: 0.34 files/sec | Queue: 0
2025-10-27 09:07:41,153 - Knowledge - WARNING - File /app/data/tataelxsimcvaripplecode5379/718/b3129g6/Thunder-712/cmake/common/CmakeHelperFunctions.cmake not successfully processed
2025-10-27 09:07:41,341 - Knowledge - ERROR - Timeout processing /app/data/tataelxsimcvaripplecode5379/718/b3129g6/Thunder-712/Source/extensions/processcontainers/implementations/LXCImplementation/LXCImplementation.h after 90s
2025-10-27 09:07:41,623 - Knowledge - ERROR - Timeout processing /app/data/tataelxsimcvaripplecode5379/718/b3129g6/Thunder-712/Source/WPEProcess/Process.cpp after 90s
2025-10-27 09:07:41,768 - Knowledge - ERROR - Timeout processing /app/data/tataelxsimcvaripplecode5379/718/b3129g6/Thunder-712/Source/plugins/Shell.cpp after 90s
2025-10-27 09:07:41,958 - Knowledge - ERROR - Timeout processing /app/data/tataelxsimcvaripplecode5379/718/b3129g6/Thunder-712/Source/core/SharedBuffer.cpp after 90s
2025-10-27 09:07:42,163 - Knowledge - ERROR - Timeout processing /app/data/tataelxsimcvaripplecode5379/718/b3129g6/Thunder-712/Source/core/SystemInfo.cpp after 90s
2025-10-27 09:07:42,342 - Knowledge - ERROR - Timeout processing /app/data/tataelxsimcvaripplecode5379/718/b3129g6/Thunder-712/Source/core/Stream.h after 90s
2025-10-27 09:07:42,519 - Knowledge - ERROR - Timeout processing /app/data/tataelxsimcvaripplecode5379/718/b3129g6/Thunder-712/cmake/config/map/dfs_callback.cmake after 90s
2025-10-27 09:07:42,669 - Knowledge - WARNING - File /app/data/tataelxsimcvaripplecode5379/718/b3129g6/Thunder-712/Source/core/ASN1.h not successfully processed
2025-10-27 09:07:42,686 - Knowledge - ERROR - Timeout processing /app/data/tataelxsimcvaripplecode5379/718/b3129g6/Thunder-712/Source/websocket/windows/include/zlib.h after 90s
2025-10-27 09:07:42,994 - Knowledge - ERROR - Timeout processing /app/data/tataelxsimcvaripplecode5379/718/b3129g6/Thunder-712/Source/core/CyclicBuffer.cpp after 90s
2025-10-27 09:07:43,204 - Knowledge - ERROR - Timeout processing /app/data/tataelxsimcvaripplecode5379/718/b3129g6/Thunder-712/Source/core/Synchronize.h after 90s
2025-10-27 09:07:43,239 - Knowledge - WARNING - File /app/data/tataelxsimcvaripplecode5379/718/b3129g6/Thunder-712/Source/core/SerialPort.h not successfully processed
2025-10-27 09:07:43,262 - Knowledge - WARNING - File /app/data/tataelxsimcvaripplecode5379/718/b3129g6/Thunder-712/Source/plugins/SubSystem.cpp not successfully processed
2025-10-27 09:07:43,431 - Knowledge - ERROR - Timeout processing /app/data/tataelxsimcvaripplecode5379/718/b3129g6/Thunder-712/Source/websocket/URL.cpp after 90s
2025-10-27 09:07:43,517 - Knowledge - WARNING - File /app/data/tataelxsimcvaripplecode5379/718/b3129g6/Thunder-712/Source/core/Library.h not successfully processed
2025-10-27 09:07:43,678 - Knowledge - ERROR - Timeout processing /app/data/tataelxsimcvaripplecode5379/718/b3129g6/Thunder-712/Source/messaging/Logging.h after 90s
2025-10-27 09:07:43,764 - Knowledge - WARNING - File /app/data/tataelxsimcvaripplecode5379/718/b3129g6/Thunder-712/Source/cryptalgo/HMAC.h not successfully processed
2025-10-27 09:07:43,895 - Knowledge - WARNING - File /app/data/tataelxsimcvaripplecode5379/718/b3129g6/Thunder-712/cmake/config/formats/json/json2_definition.cmake not successfully processed
2025-10-27 09:07:43,975 - Knowledge - WARNING - File /app/data/tataelxsimcvaripplecode5379/718/b3129g6/Thunder-712/Source/core/IPCChannel.h not successfully processed
2025-10-27 09:07:44,164 - Knowledge - WARNING - File /app/data/tataelxsimcvaripplecode5379/718/b3129g6/Thunder-712/Source/extensions/processcontainers/implementations/DobbyImplementation/DobbyImplementation.h not successfully processed
2025-10-27 09:07:44,209 - Knowledge - WARNING - File /app/data/tataelxsimcvaripplecode5379/718/b3129g6/Thunder-712/Source/core/StateTrigger.h not successfully processed
2025-10-27 09:07:44,431 - Knowledge - WARNING - File /app/data/tataelxsimcvaripplecode5379/718/b3129g6/Thunder-712/Source/plugins/Service.cpp not successfully processed
2025-10-27 09:07:44,695 - Knowledge - INFO - Processing batch of 27 files
2025-10-27 09:07:44,886 - Knowledge - INFO - process ingested knowledge for /app/data/tataelxsimcvaripplecode5379/718/b3129g6/Thunder-712/cmake/config/map/dfs.cmake
2025-10-27 09:07:44,957 - Knowledge - WARNING - File /app/data/tataelxsimcvaripplecode5379/718/b3129g6/Thunder-712/Source/core/Netlink.h not successfully processed
2025-10-27 09:07:45,453 - Knowledge - INFO - process ingested knowledge for /app/data/tataelxsimcvaripplecode5379/718/b3129g6/Thunder-712/docs/introduction/config.md
2025-10-27 09:07:45,675 - Knowledge - WARNING - File /app/data/tataelxsimcvaripplecode5379/718/b3129g6/Thunder-712/Source/core/Queue.h not successfully processed
2025-10-27 09:07:45,676 - Knowledge - INFO - process ingested knowledge for /app/data/tataelxsimcvaripplecode5379/718/b3129g6/Thunder-712/Tests/unit/core/test_library.cpp
2025-10-27 09:07:45,844 - Knowledge - WARNING - File /app/data/tataelxsimcvaripplecode5379/718/b3129g6/Thunder-712/Source/messaging/MessageUnit.cpp not successfully processed
2025-10-27 09:07:45,904 - Knowledge - WARNING - File /app/data/tataelxsimcvaripplecode5379/718/b3129g6/Thunder-712/Source/extensions/privilegedrequest/include/privilegedrequest/PrivilegedRequest.h not successfully processed
2025-10-27 09:07:46,068 - Knowledge - WARNING - File /app/data/tataelxsimcvaripplecode5379/718/b3129g6/Thunder-712/Source/core/Rectangle.h not successfully processed
2025-10-27 09:07:46,172 - Knowledge - INFO - process ingested knowledge for /app/data/tataelxsimcvaripplecode5379/718/b3129g6/Thunder-712/Source/com/IStringIterator.h
2025-10-27 09:07:46,658 - Knowledge - INFO - process ingested knowledge for /app/data/tataelxsimcvaripplecode5379/718/b3129g6/Thunder-712/cmake/config/map/core/map_append.cmake
2025-10-27 09:07:46,895 - Knowledge - INFO - process ingested knowledge for /app/data/tataelxsimcvaripplecode5379/718/b3129g6/Thunder-712/cmake/config/formats/json/json_extract_string_value.cmake
2025-10-27 09:07:47,401 - Knowledge - INFO - process ingested knowledge for /app/data/tataelxsimcvaripplecode5379/718/b3129g6/Thunder-712/cmake/config/filesystem/path/path_qualify_from.cmake
2025-10-27 09:07:47,883 - Knowledge - INFO - process ingested knowledge for /app/data/tataelxsimcvaripplecode5379/718/b3129g6/Thunder-712/cmake/config/stack/stack_push.cmake
2025-10-27 09:07:47,885 - Knowledge - WARNING - File /app/data/tataelxsimcvaripplecode5379/718/b3129g6/Thunder-712/Source/core/FileSystem.h not successfully processed
2025-10-27 09:07:47,895 - Knowledge - WARNING - File /app/data/tataelxsimcvaripplecode5379/718/b3129g6/Thunder-712/Source/core/Number.cpp not successfully processed
2025-10-27 09:07:48,137 - Knowledge - INFO - process ingested knowledge for /app/data/tataelxsimcvaripplecode5379/718/b3129g6/Thunder-712/Tests/unit/core/test_filesystem.cpp
2025-10-27 09:07:48,166 - Knowledge - WARNING - File /app/data/tataelxsimcvaripplecode5379/718/b3129g6/Thunder-712/Utils/PluginActivator/source/Log.h not successfully processed
2025-10-27 09:07:48,412 - Knowledge - INFO - process ingested knowledge for /app/data/tataelxsimcvaripplecode5379/718/b3129g6/Thunder-712/Tests/jsongenerator/IJsonGeneratorCorpus.h
2025-10-27 09:07:48,940 - Knowledge - INFO - process ingested knowledge for /app/data/tataelxsimcvaripplecode5379/718/b3129g6/Thunder-712/Tests/workerpool-test/Module.h
2025-10-27 09:07:49,445 - Knowledge - INFO - process ingested knowledge for /app/data/tataelxsimcvaripplecode5379/718/b3129g6/Thunder-712/Source/extensions/hibernate/checkpointlib/CheckpointLib.c
2025-10-27 09:07:49,457 - Knowledge - WARNING - File /app/data/tataelxsimcvaripplecode5379/718/b3129g6/Thunder-712/Source/WPEFramework/Controller.h not successfully processed
2025-10-27 09:07:49,704 - Knowledge - INFO - process ingested knowledge for /app/data/tataelxsimcvaripplecode5379/718/b3129g6/Thunder-712/Utils/PluginActivator/source/IPluginStarter.h
2025-10-27 09:07:49,723 - Knowledge - WARNING - File /app/data/tataelxsimcvaripplecode5379/718/b3129g6/Thunder-712/cmake/config/events/event_new.cmake not successfully processed
2025-10-27 09:07:50,334 - Knowledge - INFO - process ingested knowledge for /app/data/tataelxsimcvaripplecode5379/718/b3129g6/Thunder-712/cmake/config/ref/README.md
2025-10-27 09:07:50,336 - Knowledge - WARNING - File /app/data/tataelxsimcvaripplecode5379/718/b3129g6/Thunder-712/Source/plugins/MetaData.cpp not successfully processed
2025-10-27 09:07:50,617 - Knowledge - WARNING - File /app/data/tataelxsimcvaripplecode5379/718/b3129g6/Thunder-712/Source/core/WorkerPool.h not successfully processed
2025-10-27 09:07:50,618 - Knowledge - INFO - process ingested knowledge for /app/data/tataelxsimcvaripplecode5379/718/b3129g6/Thunder-712/Tests/loader/main.cpp
2025-10-27 09:07:50,660 - Knowledge - WARNING - File /app/data/tataelxsimcvaripplecode5379/718/b3129g6/Thunder-712/Source/messaging/TraceControl.h not successfully processed
2025-10-27 09:07:51,049 - Knowledge - WARNING - File /app/data/tataelxsimcvaripplecode5379/718/b3129g6/Thunder-712/Source/extensions/privilegedrequest/example/main.cpp not successfully processed
2025-10-27 09:07:51,398 - Knowledge - INFO - process ingested knowledge for /app/data/tataelxsimcvaripplecode5379/718/b3129g6/Thunder-712/cmake/config/map/helpers/map_flatten.cmake
2025-10-27 09:07:51,420 - Knowledge - WARNING - File /app/data/tataelxsimcvaripplecode5379/718/b3129g6/Thunder-712/Source/websocket/WebRequest.h not successfully processed
2025-10-27 09:07:51,667 - Knowledge - WARNING - File /app/data/tataelxsimcvaripplecode5379/718/b3129g6/Thunder-712/Source/messaging/MessageClient.cpp not successfully processed
2025-10-27 09:07:51,859 - Knowledge - WARNING - File /app/data/tataelxsimcvaripplecode5379/718/b3129g6/Thunder-712/Source/core/DataElement.h not successfully processed
2025-10-27 09:07:51,912 - Knowledge - INFO - process ingested knowledge for /app/data/tataelxsimcvaripplecode5379/718/b3129g6/Thunder-712/Source/extensions/hibernate/CMakeLists.txt
2025-10-27 09:07:51,915 - Knowledge - WARNING - File /app/data/tataelxsimcvaripplecode5379/718/b3129g6/Thunder-712/Source/core/StreamTypeLengthValue.h not successfully processed
2025-10-27 09:07:52,254 - Knowledge - WARNING - File /app/data/tataelxsimcvaripplecode5379/718/b3129g6/Thunder-712/Source/core/Range.h not successfully processed
2025-10-27 09:07:52,423 - Knowledge - INFO - process ingested knowledge for /app/data/tataelxsimcvaripplecode5379/718/b3129g6/Thunder-712/docs/plugin/execution-modes.md
2025-10-27 09:07:52,427 - Knowledge - WARNING - File /app/data/tataelxsimcvaripplecode5379/718/b3129g6/Thunder-712/Source/core/MessageStore.cpp not successfully processed
2025-10-27 09:07:52,714 - Knowledge - INFO - process ingested knowledge for /app/data/tataelxsimcvaripplecode5379/718/b3129g6/Thunder-712/Source/CMakeLists.txt
2025-10-27 09:07:52,743 - Knowledge - INFO - Processing batch of 25 files
2025-10-27 09:07:53,001 - Knowledge - WARNING - File /app/data/tataelxsimcvaripplecode5379/718/b3129g6/Thunder-712/cmake/modules/FindBreakpad.cmake not successfully processed
2025-10-27 09:07:53,001 - Knowledge - INFO - process ingested knowledge for /app/data/tataelxsimcvaripplecode5379/718/b3129g6/Thunder-712/Source/WPEFramework/scripts/CMakeLists.txt
2025-10-27 09:07:53,012 - Knowledge - INFO - process ingested knowledge for /app/data/tataelxsimcvaripplecode5379/718/b3129g6/Thunder-712/Source/core/WorkerPool.cpp
2025-10-27 09:07:53,203 - Knowledge - WARNING - File /app/data/tataelxsimcvaripplecode5379/718/b3129g6/Thunder-712/Source/core/DataElementFile.h not successfully processed
2025-10-27 09:07:53,307 - Knowledge - INFO - process ingested knowledge for /app/data/tataelxsimcvaripplecode5379/718/b3129g6/Thunder-712/docs/introduction/repos.md
2025-10-27 09:07:53,613 - Knowledge - INFO - process ingested knowledge for /app/data/tataelxsimcvaripplecode5379/718/b3129g6/Thunder-712/Source/websocket/Module.cpp
2025-10-27 09:07:53,618 - Knowledge - WARNING - File /app/data/tataelxsimcvaripplecode5379/718/b3129g6/Thunder-712/cmake/config/formats/json/json.cmake not successfully processed
2025-10-27 09:07:53,654 - Knowledge - INFO - process ingested knowledge for /app/data/tataelxsimcvaripplecode5379/718/b3129g6/Thunder-712/Tests/unit/core/test_tracing.cpp
2025-10-27 09:07:53,823 - Knowledge - INFO - process ingested knowledge for /app/data/tataelxsimcvaripplecode5379/718/b3129g6/Thunder-712/Tests/unit/core/test_dataelement.cpp
2025-10-27 09:07:53,932 - Knowledge - WARNING - File /app/data/tataelxsimcvaripplecode5379/718/b3129g6/Thunder-712/Source/WPEFramework/Probe.cpp not successfully processed
2025-10-27 09:07:54,018 - Knowledge - INFO - process ingested knowledge for /app/data/tataelxsimcvaripplecode5379/718/b3129g6/Thunder-712/mkdocs.yml
2025-10-27 09:07:54,104 - Knowledge - INFO - process ingested knowledge for /app/data/tataelxsimcvaripplecode5379/718/b3129g6/Thunder-712/cmake/config/map/helpers/map_key_at.cmake
2025-10-27 09:07:54,176 - Knowledge - WARNING - File /app/data/tataelxsimcvaripplecode5379/718/b3129g6/Thunder-712/Source/core/IPFrame.h not successfully processed
2025-10-27 09:07:54,256 - Knowledge - INFO - process ingested knowledge for /app/data/tataelxsimcvaripplecode5379/718/b3129g6/Thunder-712/Tests/unit/core/test_textreader.cpp
2025-10-27 09:07:54,339 - Knowledge - INFO - process ingested knowledge for /app/data/tataelxsimcvaripplecode5379/718/b3129g6/Thunder-712/cmake/config/core/return/return_reset.cmake
2025-10-27 09:07:54,473 - Knowledge - WARNING - File /app/data/tataelxsimcvaripplecode5379/718/b3129g6/Thunder-712/Source/core/SynchronousChannel.h not successfully processed
2025-10-27 09:07:54,552 - Knowledge - INFO - process ingested knowledge for /app/data/tataelxsimcvaripplecode5379/718/b3129g6/Thunder-712/Source/messaging/messaging.h
2025-10-27 09:07:54,678 - Knowledge - INFO - process ingested knowledge for /app/data/tataelxsimcvaripplecode5379/718/b3129g6/Thunder-712/Source/messaging/TraceCategories.cpp
2025-10-27 09:07:54,754 - Knowledge - WARNING - File /app/data/tataelxsimcvaripplecode5379/718/b3129g6/Thunder-712/cmake/modules/FindLibGioUnix.cmake not successfully processed
2025-10-27 09:07:54,855 - Knowledge - INFO - process ingested knowledge for /app/data/tataelxsimcvaripplecode5379/718/b3129g6/Thunder-712/docs/utils/files/observer.md
2025-10-27 09:07:54,956 - Knowledge - INFO - process ingested knowledge for /app/data/tataelxsimcvaripplecode5379/718/b3129g6/Thunder-712/cmake/config/map/helpers/map_has_any.cmake
2025-10-27 09:07:55,069 - Knowledge - WARNING - File /app/data/tataelxsimcvaripplecode5379/718/b3129g6/Thunder-712/Source/core/Services.h not successfully processed
2025-10-27 09:07:55,169 - Knowledge - INFO - process ingested knowledge for /app/data/tataelxsimcvaripplecode5379/718/b3129g6/Thunder-712/Tests/unit/core/test_measurementtype.cpp
2025-10-27 09:07:55,264 - Knowledge - INFO - process ingested knowledge for /app/data/tataelxsimcvaripplecode5379/718/b3129g6/Thunder-712/cmake/config/map/helpers/map_keys_append.cmake
2025-10-27 09:07:55,390 - Knowledge - WARNING - File /app/data/tataelxsimcvaripplecode5379/718/b3129g6/Thunder-712/Source/plugins/IStateControl.h not successfully processed
2025-10-27 09:07:55,690 - Knowledge - WARNING - File /app/data/tataelxsimcvaripplecode5379/718/b3129g6/Thunder-712/Source/extensions/localtracer/include/localtracer/localtracer.h not successfully processed
2025-10-27 09:07:55,795 - Knowledge - INFO - process ingested knowledge for /app/data/tataelxsimcvaripplecode5379/718/b3129g6/Thunder-712/cmake/config/stack/stack_peek.cmake
2025-10-27 09:07:56,068 - Knowledge - INFO - process ingested knowledge for /app/data/tataelxsimcvaripplecode5379/718/b3129g6/Thunder-712/Source/com/com.h
2025-10-27 09:07:56,094 - Knowledge - WARNING - File /app/data/tataelxsimcvaripplecode5379/718/b3129g6/Thunder-712/Source/extensions/processcontainers/implementations/LXCImplementation/LXCImplementation.h not successfully processed
2025-10-27 09:07:56,342 - Knowledge - INFO - process ingested knowledge for /app/data/tataelxsimcvaripplecode5379/718/b3129g6/Thunder-712/cmake/config/ref/address_append_string.cmake
2025-10-27 09:07:56,404 - Knowledge - WARNING - File /app/data/tataelxsimcvaripplecode5379/718/b3129g6/Thunder-712/Source/WPEProcess/Process.cpp not successfully processed
2025-10-27 09:07:56,620 - Knowledge - INFO - process ingested knowledge for /app/data/tataelxsimcvaripplecode5379/718/b3129g6/Thunder-712/cmake/config/map/operations/map_equal_obj.cmake
2025-10-27 09:07:56,651 - Knowledge - WARNING - File /app/data/tataelxsimcvaripplecode5379/718/b3129g6/Thunder-712/Source/plugins/Shell.cpp not successfully processed
2025-10-27 09:07:56,922 - Knowledge - INFO - process ingested knowledge for /app/data/tataelxsimcvaripplecode5379/718/b3129g6/Thunder-712/Source/websocket/websocket.h
2025-10-27 09:07:56,948 - Knowledge - WARNING - File /app/data/tataelxsimcvaripplecode5379/718/b3129g6/Thunder-712/Source/core/SharedBuffer.cpp not successfully processed
2025-10-27 09:07:57,227 - Knowledge - INFO - process ingested knowledge for /app/data/tataelxsimcvaripplecode5379/718/b3129g6/Thunder-712/cmake/config/map/helpers/map_keys_sort.cmake
2025-10-27 09:07:57,267 - Knowledge - WARNING - File /app/data/tataelxsimcvaripplecode5379/718/b3129g6/Thunder-712/Source/core/SystemInfo.cpp not successfully processed
2025-10-27 09:07:57,515 - Knowledge - WARNING - File /app/data/tataelxsimcvaripplecode5379/718/b3129g6/Thunder-712/Source/core/Stream.h not successfully processed
2025-10-27 09:07:57,548 - Knowledge - INFO - process ingested knowledge for /app/data/tataelxsimcvaripplecode5379/718/b3129g6/Thunder-712/Source/WPEFramework/ConfigBuildroot.json
2025-10-27 09:07:57,683 - Knowledge - WARNING - File /app/data/tataelxsimcvaripplecode5379/718/b3129g6/Thunder-712/cmake/config/map/dfs_callback.cmake not successfully processed
2025-10-27 09:07:57,885 - Knowledge - WARNING - File /app/data/tataelxsimcvaripplecode5379/718/b3129g6/Thunder-712/Source/websocket/windows/include/zlib.h not successfully processed
2025-10-27 09:07:57,889 - Knowledge - INFO - process ingested knowledge for /app/data/tataelxsimcvaripplecode5379/718/b3129g6/Thunder-712/cmake/config/map/helpers/map_omit_regex.cmake
2025-10-27 09:07:58,098 - Knowledge - WARNING - File /app/data/tataelxsimcvaripplecode5379/718/b3129g6/Thunder-712/Source/core/CyclicBuffer.cpp not successfully processed
2025-10-27 09:07:58,438 - Knowledge - INFO - process ingested knowledge for /app/data/tataelxsimcvaripplecode5379/718/b3129g6/Thunder-712/Tests/unit/core/test_iterator.cpp
2025-10-27 09:07:58,458 - Knowledge - WARNING - File /app/data/tataelxsimcvaripplecode5379/718/b3129g6/Thunder-712/Source/core/Synchronize.h not successfully processed
2025-10-27 09:07:58,691 - Knowledge - INFO - process ingested knowledge for /app/data/tataelxsimcvaripplecode5379/718/b3129g6/Thunder-712/docs/plugin/messaging.md
2025-10-27 09:07:58,977 - Knowledge - INFO - process ingested knowledge for /app/data/tataelxsimcvaripplecode5379/718/b3129g6/Thunder-712/Source/extensions/localtracer/example/CMakeLists.txt
2025-10-27 09:07:58,997 - Knowledge - WARNING - File /app/data/tataelxsimcvaripplecode5379/718/b3129g6/Thunder-712/Source/websocket/URL.cpp not successfully processed
2025-10-27 09:07:59,261 - Knowledge - INFO - process ingested knowledge for /app/data/tataelxsimcvaripplecode5379/718/b3129g6/Thunder-712/Tests/unit/core/test_socketstreamtext.cpp
2025-10-27 09:07:59,309 - Knowledge - WARNING - File /app/data/tataelxsimcvaripplecode5379/718/b3129g6/Thunder-712/Source/messaging/Logging.h not successfully processed
2025-10-27 09:07:59,556 - Knowledge - INFO - Processing batch of 46 files
2025-10-27 09:07:59,558 - Knowledge - INFO - process ingested knowledge for /app/data/tataelxsimcvaripplecode5379/718/b3129g6/Thunder-712/cmake/config/filesystem/path/path_qualify.cmake
2025-10-27 09:07:59,727 - Knowledge - INFO - process ingested knowledge for /app/data/tataelxsimcvaripplecode5379/718/b3129g6/Thunder-712/cmake/config/quickmap/map.cmake
2025-10-27 09:07:59,837 - Knowledge - INFO - process ingested knowledge for /app/data/tataelxsimcvaripplecode5379/718/b3129g6/Thunder-712/cmake/config/map/helpers/map_isempty.cmake
2025-10-27 09:08:00,137 - Knowledge - INFO - process ingested knowledge for /app/data/tataelxsimcvaripplecode5379/718/b3129g6/Thunder-712/cmake/config/map/helpers/map_to_valuelist.cmake
2025-10-27 09:08:00,139 - Knowledge - INFO - process ingested knowledge for /app/data/tataelxsimcvaripplecode5379/718/b3129g6/Thunder-712/Tests/file-unlink/file-client.cpp
2025-10-27 09:08:00,430 - Knowledge - INFO - process ingested knowledge for /app/data/tataelxsimcvaripplecode5379/718/b3129g6/Thunder-712/cmake/config/quickmap/README.md
2025-10-27 09:08:00,432 - Knowledge - INFO - process ingested knowledge for /app/data/tataelxsimcvaripplecode5379/718/b3129g6/Thunder-712/cmake/config/map/operations/map_clone_shallow.cmake
2025-10-27 09:08:00,758 - Knowledge - INFO - process ingested knowledge for /app/data/tataelxsimcvaripplecode5379/718/b3129g6/Thunder-712/cmake/config/map/core/map_set_special.cmake
2025-10-27 09:08:00,759 - Knowledge - ERROR - Timeout processing /app/data/tataelxsimcvaripplecode5379/718/b3129g6/Thunder-712/Source/com/Communicator.cpp after 90s
2025-10-27 09:08:00,761 - Knowledge - INFO - process ingested knowledge for /app/data/tataelxsimcvaripplecode5379/718/b3129g6/Thunder-712/Source/messaging/CMakeLists.txt
2025-10-27 09:08:00,979 - Knowledge - INFO - process ingested knowledge for /app/data/tataelxsimcvaripplecode5379/718/b3129g6/Thunder-712/cmake/config/map/core/map_keys.cmake
2025-10-27 09:08:01,063 - Knowledge - ERROR - Timeout processing /app/data/tataelxsimcvaripplecode5379/718/b3129g6/Thunder-712/Source/WPEFramework/SystemInfo.h after 90s
2025-10-27 09:08:01,349 - Knowledge - ERROR - Timeout processing /app/data/tataelxsimcvaripplecode5379/718/b3129g6/Thunder-712/Source/com/IteratorType.h after 90s
2025-10-27 09:08:01,566 - Knowledge - ERROR - Timeout processing /app/data/tataelxsimcvaripplecode5379/718/b3129g6/Thunder-712/Source/websocket/JSONWebToken.cpp after 90s
2025-10-27 09:08:01,726 - Knowledge - INFO - process ingested knowledge for /app/data/tataelxsimcvaripplecode5379/718/b3129g6/Thunder-712/cmake/config/events/event_handler_call.cmake
2025-10-27 09:08:01,729 - Knowledge - ERROR - Timeout processing /app/data/tataelxsimcvaripplecode5379/718/b3129g6/Thunder-712/Source/core/Proxy.h after 90s
2025-10-27 09:08:01,980 - Knowledge - INFO - process ingested knowledge for /app/data/tataelxsimcvaripplecode5379/718/b3129g6/Thunder-712/cmake/config/ref/address_print.cmake
2025-10-27 09:08:02,044 - Knowledge - ERROR - Timeout processing /app/data/tataelxsimcvaripplecode5379/718/b3129g6/Thunder-712/Source/plugins/Channel.h after 90s
2025-10-27 09:08:02,212 - Knowledge - INFO - process ingested knowledge for /app/data/tataelxsimcvaripplecode5379/718/b3129g6/Thunder-712/Source/core/DataBuffer.h
2025-10-27 09:08:02,312 - Knowledge - ERROR - Timeout processing /app/data/tataelxsimcvaripplecode5379/718/b3129g6/Thunder-712/Source/extensions/processcontainers/common/CGroupContainerInfo.h after 90s
2025-10-27 09:08:02,487 - Knowledge - ERROR - Timeout processing /app/data/tataelxsimcvaripplecode5379/718/b3129g6/Thunder-712/Source/core/ThreadPool.h after 90s
2025-10-27 09:08:02,645 - Knowledge - ERROR - Timeout processing /app/data/tataelxsimcvaripplecode5379/718/b3129g6/Thunder-712/Source/com/Administrator.cpp after 90s
2025-10-27 09:08:02,699 - Knowledge - INFO - process ingested knowledge for /app/data/tataelxsimcvaripplecode5379/718/b3129g6/Thunder-712/cmake/config/ref/address_peek_front.cmake
2025-10-27 09:08:02,849 - Knowledge - ERROR - Timeout processing /app/data/tataelxsimcvaripplecode5379/718/b3129g6/Thunder-712/Source/plugins/Request.h after 90s
2025-10-27 09:08:03,074 - Knowledge - ERROR - Timeout processing /app/data/tataelxsimcvaripplecode5379/718/b3129g6/Thunder-712/Source/WPEFramework/PluginServer.cpp after 90s
2025-10-27 09:08:03,207 - Knowledge - INFO - process ingested knowledge for /app/data/tataelxsimcvaripplecode5379/718/b3129g6/Thunder-712/cmake/config/formats/json/json_deserialize.cmake
2025-10-27 09:08:03,237 - Knowledge - ERROR - Timeout processing /app/data/tataelxsimcvaripplecode5379/718/b3129g6/Thunder-712/Source/core/MessageStore.h after 90s
2025-10-27 09:08:03,469 - Knowledge - INFO - process ingested knowledge for /app/data/tataelxsimcvaripplecode5379/718/b3129g6/Thunder-712/cmake/config/string/encoding/string_decode_semicolon.cmake
2025-10-27 09:08:03,546 - Knowledge - ERROR - Timeout processing /app/data/tataelxsimcvaripplecode5379/718/b3129g6/Thunder-712/Source/plugins/Service.h after 90s
2025-10-27 09:08:03,731 - Knowledge - ERROR - Timeout processing /app/data/tataelxsimcvaripplecode5379/718/b3129g6/Thunder-712/Source/websocket/WebLink.h after 90s
2025-10-27 09:08:03,896 - Knowledge - ERROR - Timeout processing /app/data/tataelxsimcvaripplecode5379/718/b3129g6/Thunder-712/Source/com/IUnknown.cpp after 90s
2025-10-27 09:08:03,952 - Knowledge - INFO - process ingested knowledge for /app/data/tataelxsimcvaripplecode5379/718/b3129g6/Thunder-712/Tests/unit/core/test_textfragment.cpp
2025-10-27 09:08:04,067 - Knowledge - ERROR - Timeout processing /app/data/tataelxsimcvaripplecode5379/718/b3129g6/Thunder-712/Source/messaging/MessageUnit.h after 90s
2025-10-27 09:08:04,260 - Knowledge - ERROR - Timeout processing /app/data/tataelxsimcvaripplecode5379/718/b3129g6/Thunder-712/Source/core/NodeId.cpp after 90s
2025-10-27 09:08:04,435 - Knowledge - INFO - process ingested knowledge for /app/data/tataelxsimcvaripplecode5379/718/b3129g6/Thunder-712/Utils/PluginActivator/source/Module.cpp
2025-10-27 09:08:04,453 - Knowledge - ERROR - Timeout processing /app/data/tataelxsimcvaripplecode5379/718/b3129g6/Thunder-712/Source/messaging/TraceCategories.h after 90s
2025-10-27 09:08:04,673 - Knowledge - INFO - process ingested knowledge for /app/data/tataelxsimcvaripplecode5379/718/b3129g6/Thunder-712/docs/introduction/build_windows.md
2025-10-27 09:08:04,720 - Knowledge - ERROR - Timeout processing /app/data/tataelxsimcvaripplecode5379/718/b3129g6/Thunder-712/Source/core/Trace.cpp after 90s
2025-10-27 09:08:04,943 - Knowledge - INFO - process ingested knowledge for /app/data/tataelxsimcvaripplecode5379/718/b3129g6/Thunder-712/cmake/config/map/helpers/map_ensure.cmake
2025-10-27 09:08:04,944 - Knowledge - INFO - [WEBSOCKET] Sent: Type=progress_update, Size: 295, Duration: 0ms
2025-10-27 09:08:05,036 - Knowledge - ERROR - Timeout processing /app/data/tataelxsimcvaripplecode5379/718/b3129g6/Thunder-712/Source/plugins/MetaData.h after 90s
2025-10-27 09:08:05,235 - Knowledge - INFO - [WEBSOCKET] Sent: Type=unknown, Size: ?, Duration: 290ms
2025-10-27 09:08:05,308 - Knowledge - ERROR - Timeout processing /app/data/tataelxsimcvaripplecode5379/718/b3129g6/Thunder-712/Source/extensions/processcontainers/implementations/AWCImplementation/dbus/Client.cpp after 90s
2025-10-27 09:08:05,311 - Knowledge - INFO - process ingested knowledge for /app/data/tataelxsimcvaripplecode5379/718/b3129g6/Thunder-712/Source/websocket/Module.h
2025-10-27 09:08:05,418 - Knowledge - INFO - Progress: 52.1% | Files: 328/630 | Rate: 0.42 files/sec | Queue: 0
2025-10-27 09:08:05,530 - Knowledge - ERROR - Timeout processing /app/data/tataelxsimcvaripplecode5379/718/b3129g6/Thunder-712/Source/core/Time.cpp after 90s
2025-10-27 09:08:05,632 - Knowledge - INFO - process ingested knowledge for /app/data/tataelxsimcvaripplecode5379/718/b3129g6/Thunder-712/Source/cryptalgo/CMakeLists.txt
2025-10-27 09:08:05,814 - Knowledge - ERROR - Timeout processing /app/data/tataelxsimcvaripplecode5379/718/b3129g6/Thunder-712/Source/plugins/IShell.h after 90s
2025-10-27 09:08:06,017 - Knowledge - ERROR - Timeout processing /app/data/tataelxsimcvaripplecode5379/718/b3129g6/Thunder-712/Source/core/IWarningReportingControl.h after 90s
2025-10-27 09:08:06,181 - Knowledge - INFO - process ingested knowledge for /app/data/tataelxsimcvaripplecode5379/718/b3129g6/Thunder-712/Source/extensions/processcontainers/common/BaseRefCount.h
2025-10-27 09:08:06,209 - Knowledge - ERROR - Timeout processing /app/data/tataelxsimcvaripplecode5379/718/b3129g6/Thunder-712/Source/cryptalgo/AESImplementation.cpp after 90s
2025-10-27 09:08:06,460 - Knowledge - INFO - process ingested knowledge for /app/data/tataelxsimcvaripplecode5379/718/b3129g6/Thunder-712/cmake/config/map/core/map_has.cmake
2025-10-27 09:08:06,536 - Knowledge - ERROR - Timeout processing /app/data/tataelxsimcvaripplecode5379/718/b3129g6/Thunder-712/Source/plugins/IController.h after 90s
2025-10-27 09:08:06,759 - Knowledge - INFO - process ingested knowledge for /app/data/tataelxsimcvaripplecode5379/718/b3129g6/Thunder-712/cmake/config/map/core/is_map.cmake
2025-10-27 09:08:06,766 - Knowledge - ERROR - Timeout processing /app/data/tataelxsimcvaripplecode5379/718/b3129g6/Thunder-712/Source/core/KeyValue.h after 90s
2025-10-27 09:08:07,041 - Knowledge - ERROR - Timeout processing /app/data/tataelxsimcvaripplecode5379/718/b3129g6/Thunder-712/Source/core/NetworkInfo.h after 90s
2025-10-27 09:08:07,104 - Knowledge - INFO - process ingested knowledge for /app/data/tataelxsimcvaripplecode5379/718/b3129g6/Thunder-712/cmake/config/map/core/map_remove_item.cmake
2025-10-27 09:08:07,221 - Knowledge - ERROR - Timeout processing /app/data/tataelxsimcvaripplecode5379/718/b3129g6/Thunder-712/Source/core/StreamJSON.h after 90s
2025-10-27 09:08:07,406 - Knowledge - INFO - process ingested knowledge for /app/data/tataelxsimcvaripplecode5379/718/b3129g6/Thunder-712/Source/core/MessageException.h
2025-10-27 09:08:07,416 - Knowledge - ERROR - Timeout processing /app/data/tataelxsimcvaripplecode5379/718/b3129g6/Thunder-712/Source/websocket/WebSerializer.h after 90s
2025-10-27 09:08:07,667 - Knowledge - ERROR - Timeout processing /app/data/tataelxsimcvaripplecode5379/718/b3129g6/Thunder-712/Source/com/Ids.h after 90s
2025-10-27 09:08:07,681 - Knowledge - INFO - process ingested knowledge for /app/data/tataelxsimcvaripplecode5379/718/b3129g6/Thunder-712/cmake/config/filesystem/path/path_vary.cmake
2025-10-27 09:08:07,848 - Knowledge - ERROR - Timeout processing /app/data/tataelxsimcvaripplecode5379/718/b3129g6/Thunder-712/Source/core/XGetopt.cpp after 90s
2025-10-27 09:08:07,935 - Knowledge - INFO - process ingested knowledge for /app/data/tataelxsimcvaripplecode5379/718/b3129g6/Thunder-712/cmake/config/map/core/map_set.cmake
2025-10-27 09:08:08,022 - Knowledge - ERROR - Timeout processing /app/data/tataelxsimcvaripplecode5379/718/b3129g6/Thunder-712/Source/core/Enumerate.h after 90s
2025-10-27 09:08:08,177 - Knowledge - INFO - process ingested knowledge for /app/data/tataelxsimcvaripplecode5379/718/b3129g6/Thunder-712/cmake/config/map/operations/map_clone.cmake
2025-10-27 09:08:08,187 - Knowledge - ERROR - Timeout processing /app/data/tataelxsimcvaripplecode5379/718/b3129g6/Thunder-712/Source/extensions/warningreporting/WarningReportingUnit.h after 90s
2025-10-27 09:08:08,442 - Knowledge - INFO - process ingested knowledge for /app/data/tataelxsimcvaripplecode5379/718/b3129g6/Thunder-712/cmake/config/formats/json/json_escape.cmake
2025-10-27 09:08:08,494 - Knowledge - ERROR - Timeout processing /app/data/tataelxsimcvaripplecode5379/718/b3129g6/Thunder-712/Source/core/WarningReportingCategories.h after 90s
2025-10-27 09:08:08,691 - Knowledge - ERROR - Timeout processing /app/data/tataelxsimcvaripplecode5379/718/b3129g6/Thunder-712/Source/core/ProcessInfo.cpp after 90s
2025-10-27 09:08:08,713 - Knowledge - INFO - process ingested knowledge for /app/data/tataelxsimcvaripplecode5379/718/b3129g6/Thunder-712/cmake/config/map/helpers/map_unpack.cmake
2025-10-27 09:08:08,905 - Knowledge - ERROR - Timeout processing /app/data/tataelxsimcvaripplecode5379/718/b3129g6/Thunder-712/Source/messaging/Control.h after 90s
2025-10-27 09:08:09,003 - Knowledge - INFO - process ingested knowledge for /app/data/tataelxsimcvaripplecode5379/718/b3129g6/Thunder-712/Source/extensions/processcontainers/implementations/AWCImplementation/AWCImplementation.h
2025-10-27 09:08:09,106 - Knowledge - ERROR - Timeout processing /app/data/tataelxsimcvaripplecode5379/718/b3129g6/Thunder-712/Source/core/Optional.h after 90s
2025-10-27 09:08:09,304 - Knowledge - INFO - process ingested knowledge for /app/data/tataelxsimcvaripplecode5379/718/b3129g6/Thunder-712/cmake/config/map/helpers/map_keys_clear.cmake
2025-10-27 09:08:09,309 - Knowledge - ERROR - Timeout processing /app/data/tataelxsimcvaripplecode5379/718/b3129g6/Thunder-712/Source/core/Measurement.h after 90s
2025-10-27 09:08:09,613 - Knowledge - INFO - process ingested knowledge for /app/data/tataelxsimcvaripplecode5379/718/b3129g6/Thunder-712/cmake/config/filesystem/navigation/pwd.cmake
2025-10-27 09:08:09,621 - Knowledge - ERROR - Timeout processing /app/data/tataelxsimcvaripplecode5379/718/b3129g6/Thunder-712/Source/com/Messages.h after 90s
2025-10-27 09:08:09,885 - Knowledge - INFO - process ingested knowledge for /app/data/tataelxsimcvaripplecode5379/718/b3129g6/Thunder-712/Tests/unit/core/test_timer.cpp
2025-10-27 09:08:09,911 - Knowledge - ERROR - Timeout processing /app/data/tataelxsimcvaripplecode5379/718/b3129g6/Thunder-712/Source/plugins/Types.h after 90s
2025-10-27 09:08:10,068 - Knowledge - INFO - process ingested knowledge for /app/data/tataelxsimcvaripplecode5379/718/b3129g6/Thunder-712/Source/com/Module.h
2025-10-27 09:08:10,184 - Knowledge - ERROR - Timeout processing /app/data/tataelxsimcvaripplecode5379/718/b3129g6/Thunder-712/Source/core/Link.h after 90s
2025-10-27 09:08:10,298 - Knowledge - INFO - process ingested knowledge for /app/data/tataelxsimcvaripplecode5379/718/b3129g6/Thunder-712/cmake/config/formats/json/json_string_to_cmake.cmake
2025-10-27 09:08:10,378 - Knowledge - ERROR - Timeout processing /app/data/tataelxsimcvaripplecode5379/718/b3129g6/Thunder-712/Source/messaging/BaseCategory.h after 90s
2025-10-27 09:08:10,505 - Knowledge - INFO - process ingested knowledge for /app/data/tataelxsimcvaripplecode5379/718/b3129g6/Thunder-712/cmake/config/events/event_handlers.cmake
2025-10-27 09:08:10,604 - Knowledge - ERROR - Timeout processing /app/data/tataelxsimcvaripplecode5379/718/b3129g6/Thunder-712/cmake/config/formats/json/json_indented.cmake after 90s
2025-10-27 09:08:10,701 - Knowledge - INFO - process ingested knowledge for /app/data/tataelxsimcvaripplecode5379/718/b3129g6/Thunder-712/Tests/unit/core/test_weblinktext.cpp
2025-10-27 09:08:10,804 - Knowledge - ERROR - Timeout processing /app/data/tataelxsimcvaripplecode5379/718/b3129g6/Thunder-712/Source/core/Serialization.h after 90s
2025-10-27 09:08:10,907 - Knowledge - INFO - process ingested knowledge for /app/data/tataelxsimcvaripplecode5379/718/b3129g6/Thunder-712/Source/extensions/warningreporting/Module.h
2025-10-27 09:08:11,028 - Knowledge - ERROR - Timeout processing /app/data/tataelxsimcvaripplecode5379/718/b3129g6/Thunder-712/Source/extensions/processcontainers/implementations/AWCImplementation/AWCProxyContainer.cpp after 90s
2025-10-27 09:08:11,115 - Knowledge - INFO - process ingested knowledge for /app/data/tataelxsimcvaripplecode5379/718/b3129g6/Thunder-712/Source/extensions/processcontainers/implementations/AWCImplementation/AWCContainerBase.h
2025-10-27 09:08:11,219 - Knowledge - ERROR - Timeout processing /app/data/tataelxsimcvaripplecode5379/718/b3129g6/Thunder-712/Source/core/Portability.cpp after 90s
2025-10-27 09:08:11,297 - Knowledge - INFO - process ingested knowledge for /app/data/tataelxsimcvaripplecode5379/718/b3129g6/Thunder-712/cmake/config/events/event.cmake
2025-10-27 09:08:11,432 - Knowledge - ERROR - Timeout processing /app/data/tataelxsimcvaripplecode5379/718/b3129g6/Thunder-712/Source/websocket/WebSocketLink.cpp after 90s
2025-10-27 09:08:11,540 - Knowledge - INFO - process ingested knowledge for /app/data/tataelxsimcvaripplecode5379/718/b3129g6/Thunder-712/cmake/config/string/string_take_address.cmake
2025-10-27 09:08:11,623 - Knowledge - ERROR - Timeout processing /app/data/tataelxsimcvaripplecode5379/718/b3129g6/Thunder-712/Source/com/ICOM.h after 90s
2025-10-27 09:08:11,778 - Knowledge - INFO - process ingested knowledge for /app/data/tataelxsimcvaripplecode5379/718/b3129g6/Thunder-712/Tests/unit/core/test_sharedbuffer.cpp
2025-10-27 09:08:11,848 - Knowledge - ERROR - Timeout processing /app/data/tataelxsimcvaripplecode5379/718/b3129g6/Thunder-712/Source/core/DoorBell.cpp after 90s
2025-10-27 09:08:11,942 - Knowledge - INFO - process ingested knowledge for /app/data/tataelxsimcvaripplecode5379/718/b3129g6/Thunder-712/cmake/config/core/return/return_refs.cmake
2025-10-27 09:08:12,040 - Knowledge - ERROR - Timeout processing /app/data/tataelxsimcvaripplecode5379/718/b3129g6/Thunder-712/Source/extensions/processcontainers/implementations/CRunImplementation/CRunImplementation.h after 90s
2025-10-27 09:08:12,146 - Knowledge - INFO - process ingested knowledge for /app/data/tataelxsimcvaripplecode5379/718/b3129g6/Thunder-712/Tests/unit/core/test_websocketjson.cpp
2025-10-27 09:08:12,253 - Knowledge - ERROR - Timeout processing /app/data/tataelxsimcvaripplecode5379/718/b3129g6/Thunder-712/Source/core/SocketPort.h after 90s
2025-10-27 09:08:12,362 - Knowledge - INFO - process ingested knowledge for /app/data/tataelxsimcvaripplecode5379/718/b3129g6/Thunder-712/Source/messaging/DirectOutput.cpp
2025-10-27 09:08:12,441 - Knowledge - ERROR - Timeout processing /app/data/tataelxsimcvaripplecode5379/718/b3129g6/Thunder-712/Source/extensions/processcontainers/implementations/RunCImplementation/RunCImplementation.h after 90s
2025-10-27 09:08:12,538 - Knowledge - INFO - process ingested knowledge for /app/data/tataelxsimcvaripplecode5379/718/b3129g6/Thunder-712/Source/extensions/processcontainers/Module.cpp
2025-10-27 09:08:12,628 - Knowledge - WARNING - File /app/data/tataelxsimcvaripplecode5379/718/b3129g6/Thunder-712/Source/com/Communicator.cpp not successfully processed
2025-10-27 09:08:12,721 - Knowledge - INFO - process ingested knowledge for /app/data/tataelxsimcvaripplecode5379/718/b3129g6/Thunder-712/cmake/config/map/operations/map_union.cmake
2025-10-27 09:08:12,842 - Knowledge - WARNING - File /app/data/tataelxsimcvaripplecode5379/718/b3129g6/Thunder-712/Source/WPEFramework/SystemInfo.h not successfully processed
2025-10-27 09:08:12,904 - Knowledge - INFO - process ingested knowledge for /app/data/tataelxsimcvaripplecode5379/718/b3129g6/Thunder-712/cmake/config/ref/address_set_new.cmake
2025-10-27 09:08:13,023 - Knowledge - WARNING - File /app/data/tataelxsimcvaripplecode5379/718/b3129g6/Thunder-712/Source/com/IteratorType.h not successfully processed
2025-10-27 09:08:13,359 - Knowledge - WARNING - File /app/data/tataelxsimcvaripplecode5379/718/b3129g6/Thunder-712/Source/websocket/JSONWebToken.cpp not successfully processed
2025-10-27 09:08:13,539 - Knowledge - WARNING - File /app/data/tataelxsimcvaripplecode5379/718/b3129g6/Thunder-712/Source/core/Proxy.h not successfully processed
2025-10-27 09:08:13,742 - Knowledge - WARNING - File /app/data/tataelxsimcvaripplecode5379/718/b3129g6/Thunder-712/Source/plugins/Channel.h not successfully processed
2025-10-27 09:08:14,163 - Knowledge - WARNING - File /app/data/tataelxsimcvaripplecode5379/718/b3129g6/Thunder-712/Source/extensions/processcontainers/common/CGroupContainerInfo.h not successfully processed
2025-10-27 09:08:14,337 - Knowledge - WARNING - File /app/data/tataelxsimcvaripplecode5379/718/b3129g6/Thunder-712/Source/core/ThreadPool.h not successfully processed
2025-10-27 09:08:14,721 - Knowledge - WARNING - File /app/data/tataelxsimcvaripplecode5379/718/b3129g6/Thunder-712/Source/com/Administrator.cpp not successfully processed
2025-10-27 09:08:14,981 - Knowledge - WARNING - File /app/data/tataelxsimcvaripplecode5379/718/b3129g6/Thunder-712/Source/plugins/Request.h not successfully processed
2025-10-27 09:08:15,227 - Knowledge - WARNING - File /app/data/tataelxsimcvaripplecode5379/718/b3129g6/Thunder-712/Source/WPEFramework/PluginServer.cpp not successfully processed
2025-10-27 09:08:15,508 - Knowledge - WARNING - File /app/data/tataelxsimcvaripplecode5379/718/b3129g6/Thunder-712/Source/core/MessageStore.h not successfully processed
2025-10-27 09:08:15,814 - Knowledge - WARNING - File /app/data/tataelxsimcvaripplecode5379/718/b3129g6/Thunder-712/Source/plugins/Service.h not successfully processed
2025-10-27 09:08:16,061 - Knowledge - WARNING - File /app/data/tataelxsimcvaripplecode5379/718/b3129g6/Thunder-712/Source/websocket/WebLink.h not successfully processed
2025-10-27 09:08:16,316 - Knowledge - WARNING - File /app/data/tataelxsimcvaripplecode5379/718/b3129g6/Thunder-712/Source/com/IUnknown.cpp not successfully processed
2025-10-27 09:08:16,559 - Knowledge - WARNING - File /app/data/tataelxsimcvaripplecode5379/718/b3129g6/Thunder-712/Source/messaging/MessageUnit.h not successfully processed
2025-10-27 09:08:17,079 - Knowledge - WARNING - File /app/data/tataelxsimcvaripplecode5379/718/b3129g6/Thunder-712/Source/messaging/TraceCategories.h not successfully processed
2025-10-27 09:08:17,338 - Knowledge - WARNING - File /app/data/tataelxsimcvaripplecode5379/718/b3129g6/Thunder-712/Source/core/Trace.cpp not successfully processed
2025-10-27 09:08:17,649 - Knowledge - WARNING - File /app/data/tataelxsimcvaripplecode5379/718/b3129g6/Thunder-712/Source/plugins/MetaData.h not successfully processed
2025-10-27 09:08:17,849 - Knowledge - WARNING - File /app/data/tataelxsimcvaripplecode5379/718/b3129g6/Thunder-712/Source/extensions/processcontainers/implementations/AWCImplementation/dbus/Client.cpp not successfully processed
2025-10-27 09:08:18,046 - Knowledge - WARNING - File /app/data/tataelxsimcvaripplecode5379/718/b3129g6/Thunder-712/Source/core/Time.cpp not successfully processed
2025-10-27 09:08:18,220 - Knowledge - WARNING - File /app/data/tataelxsimcvaripplecode5379/718/b3129g6/Thunder-712/Source/plugins/IShell.h not successfully processed
2025-10-27 09:08:18,497 - Knowledge - WARNING - File /app/data/tataelxsimcvaripplecode5379/718/b3129g6/Thunder-712/Source/core/IWarningReportingControl.h not successfully processed
2025-10-27 09:08:18,794 - Knowledge - WARNING - File /app/data/tataelxsimcvaripplecode5379/718/b3129g6/Thunder-712/Source/cryptalgo/AESImplementation.cpp not successfully processed
2025-10-27 09:08:19,062 - Knowledge - WARNING - File /app/data/tataelxsimcvaripplecode5379/718/b3129g6/Thunder-712/Source/plugins/IController.h not successfully processed
2025-10-27 09:08:19,386 - Knowledge - WARNING - File /app/data/tataelxsimcvaripplecode5379/718/b3129g6/Thunder-712/Source/core/KeyValue.h not successfully processed
2025-10-27 09:08:19,675 - Knowledge - WARNING - File /app/data/tataelxsimcvaripplecode5379/718/b3129g6/Thunder-712/Source/core/NetworkInfo.h not successfully processed
2025-10-27 09:08:19,981 - Knowledge - WARNING - File /app/data/tataelxsimcvaripplecode5379/718/b3129g6/Thunder-712/Source/core/StreamJSON.h not successfully processed
2025-10-27 09:08:20,351 - Knowledge - WARNING - File /app/data/tataelxsimcvaripplecode5379/718/b3129g6/Thunder-712/Source/websocket/WebSerializer.h not successfully processed
2025-10-27 09:08:20,686 - Knowledge - WARNING - File /app/data/tataelxsimcvaripplecode5379/718/b3129g6/Thunder-712/Source/com/Ids.h not successfully processed
2025-10-27 09:08:20,924 - Knowledge - WARNING - File /app/data/tataelxsimcvaripplecode5379/718/b3129g6/Thunder-712/Source/core/XGetopt.cpp not successfully processed
2025-10-27 09:08:21,216 - Knowledge - WARNING - File /app/data/tataelxsimcvaripplecode5379/718/b3129g6/Thunder-712/Source/core/Enumerate.h not successfully processed
2025-10-27 09:08:21,481 - Knowledge - WARNING - File /app/data/tataelxsimcvaripplecode5379/718/b3129g6/Thunder-712/Source/extensions/warningreporting/WarningReportingUnit.h not successfully processed
2025-10-27 09:08:21,676 - Knowledge - WARNING - File /app/data/tataelxsimcvaripplecode5379/718/b3129g6/Thunder-712/Source/core/WarningReportingCategories.h not successfully processed
2025-10-27 09:08:21,874 - Knowledge - WARNING - File /app/data/tataelxsimcvaripplecode5379/718/b3129g6/Thunder-712/Source/core/ProcessInfo.cpp not successfully processed
2025-10-27 09:08:22,047 - Knowledge - WARNING - File /app/data/tataelxsimcvaripplecode5379/718/b3129g6/Thunder-712/Source/messaging/Control.h not successfully processed
2025-10-27 09:08:22,334 - Knowledge - WARNING - File /app/data/tataelxsimcvaripplecode5379/718/b3129g6/Thunder-712/Source/core/Optional.h not successfully processed
2025-10-27 09:08:22,612 - Knowledge - WARNING - File /app/data/tataelxsimcvaripplecode5379/718/b3129g6/Thunder-712/Source/core/Measurement.h not successfully processed
2025-10-27 09:08:22,917 - Knowledge - WARNING - File /app/data/tataelxsimcvaripplecode5379/718/b3129g6/Thunder-712/Source/com/Messages.h not successfully processed
2025-10-27 09:08:23,143 - Knowledge - WARNING - File /app/data/tataelxsimcvaripplecode5379/718/b3129g6/Thunder-712/Source/plugins/Types.h not successfully processed
2025-10-27 09:08:23,347 - Knowledge - WARNING - File /app/data/tataelxsimcvaripplecode5379/718/b3129g6/Thunder-712/Source/core/Link.h not successfully processed
2025-10-27 09:08:23,755 - Knowledge - WARNING - File /app/data/tataelxsimcvaripplecode5379/718/b3129g6/Thunder-712/Source/messaging/BaseCategory.h not successfully processed
2025-10-27 09:08:23,930 - Knowledge - WARNING - File /app/data/tataelxsimcvaripplecode5379/718/b3129g6/Thunder-712/cmake/config/formats/json/json_indented.cmake not successfully processed
2025-10-27 09:08:24,637 - Knowledge - WARNING - File /app/data/tataelxsimcvaripplecode5379/718/b3129g6/Thunder-712/Source/core/Serialization.h not successfully processed
2025-10-27 09:08:24,989 - Knowledge - WARNING - File /app/data/tataelxsimcvaripplecode5379/718/b3129g6/Thunder-712/Source/extensions/processcontainers/implementations/AWCImplementation/AWCProxyContainer.cpp not successfully processed
2025-10-27 09:08:25,288 - Knowledge - WARNING - File /app/data/tataelxsimcvaripplecode5379/718/b3129g6/Thunder-712/Source/core/Portability.cpp not successfully processed
2025-10-27 09:08:25,464 - Knowledge - WARNING - File /app/data/tataelxsimcvaripplecode5379/718/b3129g6/Thunder-712/Source/websocket/WebSocketLink.cpp not successfully processed
2025-10-27 09:08:25,829 - Knowledge - WARNING - File /app/data/tataelxsimcvaripplecode5379/718/b3129g6/Thunder-712/Source/com/ICOM.h not successfully processed
2025-10-27 09:08:26,024 - Knowledge - WARNING - File /app/data/tataelxsimcvaripplecode5379/718/b3129g6/Thunder-712/Source/core/DoorBell.cpp not successfully processed
2025-10-27 09:08:26,124 - Knowledge - INFO - [WEBSOCKET] Sent: Type=progress_update, Size: 294, Duration: 0ms
2025-10-27 09:08:26,220 - Knowledge - WARNING - File /app/data/tataelxsimcvaripplecode5379/718/b3129g6/Thunder-712/Source/extensions/processcontainers/implementations/CRunImplementation/CRunImplementation.h not successfully processed
2025-10-27 09:08:26,309 - Knowledge - INFO - [WEBSOCKET] Sent: Type=unknown, Size: ?, Duration: 186ms
2025-10-27 09:08:26,423 - Knowledge - WARNING - File /app/data/tataelxsimcvaripplecode5379/718/b3129g6/Thunder-712/Source/core/SocketPort.h not successfully processed
2025-10-27 09:08:26,502 - Knowledge - INFO - Progress: 67.0% | Files: 424/630 | Rate: 0.53 files/sec | Queue: 0
2025-10-27 09:08:26,588 - Knowledge - WARNING - File /app/data/tataelxsimcvaripplecode5379/718/b3129g6/Thunder-712/Source/extensions/processcontainers/implementations/RunCImplementation/RunCImplementation.h not successfully processed
2025-10-27 09:08:26,802 - Knowledge - WARNING - File /app/data/tataelxsimcvaripplecode5379/718/b3129g6/Thunder-712/Source/core/NodeId.cpp not successfully processed
2025-10-27 09:08:26,968 - Knowledge - INFO - Processing batch of 97 files
2025-10-27 09:08:27,154 - Knowledge - INFO - process ingested knowledge for /app/data/tataelxsimcvaripplecode5379/718/b3129g6/Thunder-712/Source/WPEFramework/WarningReportingCategories.cpp
2025-10-27 09:08:27,376 - Knowledge - INFO - process ingested knowledge for /app/data/tataelxsimcvaripplecode5379/718/b3129g6/Thunder-712/Tests/CMakeLists.txt
2025-10-27 09:08:27,539 - Knowledge - INFO - process ingested knowledge for /app/data/tataelxsimcvaripplecode5379/718/b3129g6/Thunder-712/Source/extensions/privilegedrequest/CMakeLists.txt
2025-10-27 09:08:27,724 - Knowledge - INFO - process ingested knowledge for /app/data/tataelxsimcvaripplecode5379/718/b3129g6/Thunder-712/cmake/config/events/event_clear.cmake
2025-10-27 09:08:27,958 - Knowledge - INFO - process ingested knowledge for /app/data/tataelxsimcvaripplecode5379/718/b3129g6/Thunder-712/Source/extensions/processcontainers/implementations/AWCImplementation/AWCContainerAdministrator.h
2025-10-27 09:08:28,208 - Knowledge - INFO - process ingested knowledge for /app/data/tataelxsimcvaripplecode5379/718/b3129g6/Thunder-712/Source/cryptalgo/Module.h
2025-10-27 09:08:28,389 - Knowledge - INFO - process ingested knowledge for /app/data/tataelxsimcvaripplecode5379/718/b3129g6/Thunder-712/cmake/config/map/helpers/map_values.cmake
2025-10-27 09:08:28,595 - Knowledge - INFO - process ingested knowledge for /app/data/tataelxsimcvaripplecode5379/718/b3129g6/Thunder-712/Tests/unit/core/test_jsonparser.cpp
2025-10-27 09:08:28,783 - Knowledge - INFO - process ingested knowledge for /app/data/tataelxsimcvaripplecode5379/718/b3129g6/Thunder-712/Source/extensions/hibernate/common/Log.h
2025-10-27 09:08:28,964 - Knowledge - INFO - process ingested knowledge for /app/data/tataelxsimcvaripplecode5379/718/b3129g6/Thunder-712/docs/docs.md
2025-10-27 09:08:29,172 - Knowledge - INFO - process ingested knowledge for /app/data/tataelxsimcvaripplecode5379/718/b3129g6/Thunder-712/Tests/workerpool-test/CMakeLists.txt
2025-10-27 09:08:29,356 - Knowledge - INFO - process ingested knowledge for /app/data/tataelxsimcvaripplecode5379/718/b3129g6/Thunder-712/cmake/config/map/helpers/map_push_back.cmake
2025-10-27 09:08:29,555 - Knowledge - INFO - process ingested knowledge for /app/data/tataelxsimcvaripplecode5379/718/b3129g6/Thunder-712/Source/WPEFramework/doc/ControllerPlugin.md
2025-10-27 09:08:29,735 - Knowledge - INFO - process ingested knowledge for /app/data/tataelxsimcvaripplecode5379/718/b3129g6/Thunder-712/cmake/config/function/function_import_table.cmake
2025-10-27 09:08:29,991 - Knowledge - INFO - process ingested knowledge for /app/data/tataelxsimcvaripplecode5379/718/b3129g6/Thunder-712/cmake/config/events/event_addhandler.cmake
2025-10-27 09:08:30,192 - Knowledge - INFO - process ingested knowledge for /app/data/tataelxsimcvaripplecode5379/718/b3129g6/Thunder-712/Source/messaging/LoggingCategories.h
2025-10-27 09:08:30,395 - Knowledge - INFO - process ingested knowledge for /app/data/tataelxsimcvaripplecode5379/718/b3129g6/Thunder-712/cmake/config/map/core/map_new.cmake
2025-10-27 09:08:30,617 - Knowledge - INFO - process ingested knowledge for /app/data/tataelxsimcvaripplecode5379/718/b3129g6/Thunder-712/cmake/config/map/helpers/map_set_default.cmake
2025-10-27 09:08:30,819 - Knowledge - INFO - process ingested knowledge for /app/data/tataelxsimcvaripplecode5379/718/b3129g6/Thunder-712/cmake/config/events/event_emit.cmake
2025-10-27 09:08:31,011 - Knowledge - INFO - process ingested knowledge for /app/data/tataelxsimcvaripplecode5379/718/b3129g6/Thunder-712/cmake/config/map/helpers/map_path_set.cmake
2025-10-27 09:08:31,195 - Knowledge - INFO - process ingested knowledge for /app/data/tataelxsimcvaripplecode5379/718/b3129g6/Thunder-712/Utils/PluginActivator/README.md
2025-10-27 09:08:31,366 - Knowledge - INFO - process ingested knowledge for /app/data/tataelxsimcvaripplecode5379/718/b3129g6/Thunder-712/Source/extensions/hibernate/hibernate.h
2025-10-27 09:08:31,564 - Knowledge - INFO - process ingested knowledge for /app/data/tataelxsimcvaripplecode5379/718/b3129g6/Thunder-712/cmake/config/map/operations/map_issubsetof.cmake
2025-10-27 09:08:31,782 - Knowledge - INFO - process ingested knowledge for /app/data/tataelxsimcvaripplecode5379/718/b3129g6/Thunder-712/Tests/unit/core/test_time.cpp
2025-10-27 09:08:31,979 - Knowledge - INFO - process ingested knowledge for /app/data/tataelxsimcvaripplecode5379/718/b3129g6/Thunder-712/cmake/config/ref/address_delete.cmake
2025-10-27 09:08:32,157 - Knowledge - INFO - process ingested knowledge for /app/data/tataelxsimcvaripplecode5379/718/b3129g6/Thunder-712/Source/core/JSON.h
2025-10-27 09:08:32,334 - Knowledge - INFO - process ingested knowledge for /app/data/tataelxsimcvaripplecode5379/718/b3129g6/Thunder-712/Source/core/JSONRPC.cpp
2025-10-27 09:08:32,556 - Knowledge - INFO - process ingested knowledge for /app/data/tataelxsimcvaripplecode5379/718/b3129g6/Thunder-712/cmake/config/map/helpers/map_rename.cmake
2025-10-27 09:08:32,782 - Knowledge - INFO - process ingested knowledge for /app/data/tataelxsimcvaripplecode5379/718/b3129g6/Thunder-712/Tests/unit/core/test_socketstreamjson.cpp
2025-10-27 09:08:32,957 - Knowledge - INFO - process ingested knowledge for /app/data/tataelxsimcvaripplecode5379/718/b3129g6/Thunder-712/cmake/config/filesystem/file/fwrite.cmake
2025-10-27 09:08:33,163 - Knowledge - INFO - process ingested knowledge for /app/data/tataelxsimcvaripplecode5379/718/b3129g6/Thunder-712/Source/extensions/localtracer/CMakeLists.txt
2025-10-27 09:08:33,346 - Knowledge - INFO - process ingested knowledge for /app/data/tataelxsimcvaripplecode5379/718/b3129g6/Thunder-712/cmake/common/CompileSettingsDebug.cmake
2025-10-27 09:08:33,504 - Knowledge - INFO - process ingested knowledge for /app/data/tataelxsimcvaripplecode5379/718/b3129g6/Thunder-712/cmake/config/map/helpers/map_defaults.cmake
2025-10-27 09:08:33,682 - Knowledge - INFO - process ingested knowledge for /app/data/tataelxsimcvaripplecode5379/718/b3129g6/Thunder-712/Tests/unit/core/test_rangetype.cpp
2025-10-27 09:08:33,884 - Knowledge - INFO - process ingested knowledge for /app/data/tataelxsimcvaripplecode5379/718/b3129g6/Thunder-712/cmake/config/map/helpers/map_push_front.cmake
2025-10-27 09:08:34,040 - Knowledge - INFO - process ingested knowledge for /app/data/tataelxsimcvaripplecode5379/718/b3129g6/Thunder-712/Source/plugins/Module.cpp
2025-10-27 09:08:34,269 - Knowledge - INFO - process ingested knowledge for /app/data/tataelxsimcvaripplecode5379/718/b3129g6/Thunder-712/cmake/config/core/return/set_ans.cmake
2025-10-27 09:08:34,454 - Knowledge - INFO - process ingested knowledge for /app/data/tataelxsimcvaripplecode5379/718/b3129g6/Thunder-712/cmake/config/map/helpers/map_all_paths.cmake
2025-10-27 09:08:34,681 - Knowledge - INFO - process ingested knowledge for /app/data/tataelxsimcvaripplecode5379/718/b3129g6/Thunder-712/Source/WPEProcess/CMakeLists.txt
2025-10-27 09:08:34,845 - Knowledge - INFO - process ingested knowledge for /app/data/tataelxsimcvaripplecode5379/718/b3129g6/Thunder-712/cmake/config/map/iterator/README.md
2025-10-27 09:08:35,051 - Knowledge - INFO - process ingested knowledge for /app/data/tataelxsimcvaripplecode5379/718/b3129g6/Thunder-712/cmake/config/map/helpers/map_invert.cmake
2025-10-27 09:08:35,211 - Knowledge - INFO - process ingested knowledge for /app/data/tataelxsimcvaripplecode5379/718/b3129g6/Thunder-712/cmake/config/map/core/map_append_unique.cmake
2025-10-27 09:08:35,388 - Knowledge - INFO - process ingested knowledge for /app/data/tataelxsimcvaripplecode5379/718/b3129g6/Thunder-712/Tests/unit/core/test_processinfo.cpp
2025-10-27 09:08:35,574 - Knowledge - INFO - process ingested knowledge for /app/data/tataelxsimcvaripplecode5379/718/b3129g6/Thunder-712/cmake/config/map/core/map_remove.cmake
2025-10-27 09:08:35,772 - Knowledge - INFO - process ingested knowledge for /app/data/tataelxsimcvaripplecode5379/718/b3129g6/Thunder-712/Tests/unit/core/test_ipcclient.cpp
2025-10-27 09:08:35,945 - Knowledge - INFO - process ingested knowledge for /app/data/tataelxsimcvaripplecode5379/718/b3129g6/Thunder-712/cmake/config/core/return/return_math.cmake
2025-10-27 09:08:36,142 - Knowledge - INFO - process ingested knowledge for /app/data/tataelxsimcvaripplecode5379/718/b3129g6/Thunder-712/Tests/unit/core/test_synchronous.cpp
2025-10-27 09:08:36,319 - Knowledge - INFO - process ingested knowledge for /app/data/tataelxsimcvaripplecode5379/718/b3129g6/Thunder-712/cmake/config/core/eval.cmake
2025-10-27 09:08:36,539 - Knowledge - INFO - process ingested knowledge for /app/data/tataelxsimcvaripplecode5379/718/b3129g6/Thunder-712/cmake/config/map/core/map_append_string.cmake
2025-10-27 09:08:36,769 - Knowledge - INFO - process ingested knowledge for /app/data/tataelxsimcvaripplecode5379/718/b3129g6/Thunder-712/Tests/unit/core/test_xgetopt.cpp
2025-10-27 09:08:36,946 - Knowledge - INFO - process ingested knowledge for /app/data/tataelxsimcvaripplecode5379/718/b3129g6/Thunder-712/cmake/config/map/helpers/map_to_keyvaluelist.cmake
2025-10-27 09:08:37,146 - Knowledge - INFO - process ingested knowledge for /app/data/tataelxsimcvaripplecode5379/718/b3129g6/Thunder-712/Source/WPEFramework/ExampleConfigAll.json
2025-10-27 09:08:37,329 - Knowledge - INFO - process ingested knowledge for /app/data/tataelxsimcvaripplecode5379/718/b3129g6/Thunder-712/cmake/config/map/helpers/map_capture.cmake
2025-10-27 09:08:37,501 - Knowledge - INFO - process ingested knowledge for /app/data/tataelxsimcvaripplecode5379/718/b3129g6/Thunder-712/Source/websocket/JSONRPCLink.cpp
2025-10-27 09:08:37,715 - Knowledge - INFO - process ingested knowledge for /app/data/tataelxsimcvaripplecode5379/718/b3129g6/Thunder-712/cmake/config/ref/address_pop_back.cmake
2025-10-27 09:08:37,905 - Knowledge - INFO - process ingested knowledge for /app/data/tataelxsimcvaripplecode5379/718/b3129g6/Thunder-712/cmake/platform.cmake
2025-10-27 09:08:38,088 - Knowledge - INFO - process ingested knowledge for /app/data/tataelxsimcvaripplecode5379/718/b3129g6/Thunder-712/cmake/config/map/helpers/map_get_default.cmake
2025-10-27 09:08:38,319 - Knowledge - INFO - process ingested knowledge for /app/data/tataelxsimcvaripplecode5379/718/b3129g6/Thunder-712/Source/extensions/warningreporting/warningreporting.h
2025-10-27 09:08:38,535 - Knowledge - INFO - process ingested knowledge for /app/data/tataelxsimcvaripplecode5379/718/b3129g6/Thunder-712/docs/introduction/intro.md
2025-10-27 09:08:38,709 - Knowledge - INFO - process ingested knowledge for /app/data/tataelxsimcvaripplecode5379/718/b3129g6/Thunder-712/Tests/unit/core/test_numbertype.cpp
2025-10-27 09:08:38,868 - Knowledge - INFO - process ingested knowledge for /app/data/tataelxsimcvaripplecode5379/718/b3129g6/Thunder-712/cmake/config/core/return/ans_append.cmake
2025-10-27 09:08:39,068 - Knowledge - INFO - process ingested knowledge for /app/data/tataelxsimcvaripplecode5379/718/b3129g6/Thunder-712/cmake/config/core/return/set_ans_ref.cmake
2025-10-27 09:08:39,295 - Knowledge - INFO - process ingested knowledge for /app/data/tataelxsimcvaripplecode5379/718/b3129g6/Thunder-712/cmake/config/collections/list_pop_front.cmake
2025-10-27 09:08:39,467 - Knowledge - INFO - process ingested knowledge for /app/data/tataelxsimcvaripplecode5379/718/b3129g6/Thunder-712/Source/plugins/StateControl.cpp
2025-10-27 09:08:39,661 - Knowledge - INFO - process ingested knowledge for /app/data/tataelxsimcvaripplecode5379/718/b3129g6/Thunder-712/cmake/config/map/helpers/map_has_all.cmake
2025-10-27 09:08:39,869 - Knowledge - INFO - process ingested knowledge for /app/data/tataelxsimcvaripplecode5379/718/b3129g6/Thunder-712/Tests/unit/core/test_message_dispatcher.cpp
2025-10-27 09:08:40,062 - Knowledge - INFO - process ingested knowledge for /app/data/tataelxsimcvaripplecode5379/718/b3129g6/Thunder-712/Source/core/Module.h
2025-10-27 09:08:40,246 - Knowledge - INFO - process ingested knowledge for /app/data/tataelxsimcvaripplecode5379/718/b3129g6/Thunder-712/Source/messaging/Module.cpp
2025-10-27 09:08:40,454 - Knowledge - INFO - process ingested knowledge for /app/data/tataelxsimcvaripplecode5379/718/b3129g6/Thunder-712/cmake/config/map/helpers/map_copy_shallow.cmake
2025-10-27 09:08:40,611 - Knowledge - INFO - process ingested knowledge for /app/data/tataelxsimcvaripplecode5379/718/b3129g6/Thunder-712/cmake/config/formats/json/json2.cmake
2025-10-27 09:08:40,780 - Knowledge - INFO - process ingested knowledge for /app/data/tataelxsimcvaripplecode5379/718/b3129g6/Thunder-712/Source/core/Config.h
2025-10-27 09:08:40,976 - Knowledge - INFO - process ingested knowledge for /app/data/tataelxsimcvaripplecode5379/718/b3129g6/Thunder-712/Source/WPEFramework/PostMortem.cpp
2025-10-27 09:08:41,188 - Knowledge - INFO - process ingested knowledge for /app/data/tataelxsimcvaripplecode5379/718/b3129g6/Thunder-712/Source/com/IValueIterator.h
2025-10-27 09:08:41,399 - Knowledge - INFO - process ingested knowledge for /app/data/tataelxsimcvaripplecode5379/718/b3129g6/Thunder-712/Source/websocket/CMakeLists.txt
2025-10-27 09:08:41,577 - Knowledge - INFO - process ingested knowledge for /app/data/tataelxsimcvaripplecode5379/718/b3129g6/Thunder-712/cmake/config/collections/list_pop_back.cmake
2025-10-27 09:08:41,776 - Knowledge - INFO - process ingested knowledge for /app/data/tataelxsimcvaripplecode5379/718/b3129g6/Thunder-712/Tests/unit/core/test_nodeid.cpp
2025-10-27 09:08:41,971 - Knowledge - INFO - process ingested knowledge for /app/data/tataelxsimcvaripplecode5379/718/b3129g6/Thunder-712/cmake/config/core/return/clr.cmake
2025-10-27 09:08:42,157 - Knowledge - INFO - process ingested knowledge for /app/data/tataelxsimcvaripplecode5379/718/b3129g6/Thunder-712/Tests/unit/core/test_portability.cpp
2025-10-27 09:08:42,372 - Knowledge - INFO - process ingested knowledge for /app/data/tataelxsimcvaripplecode5379/718/b3129g6/Thunder-712/Tests/unit/IPTestAdministrator.cpp
2025-10-27 09:08:42,579 - Knowledge - INFO - process ingested knowledge for /app/data/tataelxsimcvaripplecode5379/718/b3129g6/Thunder-712/cmake/config/ref/address_pop_front.cmake
2025-10-27 09:08:42,783 - Knowledge - INFO - process ingested knowledge for /app/data/tataelxsimcvaripplecode5379/718/b3129g6/Thunder-712/Tests/unit/core/test_doorbell.cpp
2025-10-27 09:08:43,020 - Knowledge - INFO - process ingested knowledge for /app/data/tataelxsimcvaripplecode5379/718/b3129g6/Thunder-712/Source/extensions/processcontainers/implementations/AWCImplementation/AWC.h
2025-10-27 09:08:43,268 - Knowledge - INFO - process ingested knowledge for /app/data/tataelxsimcvaripplecode5379/718/b3129g6/Thunder-712/cmake/config/formats/json/json_write.cmake
2025-10-27 09:08:43,474 - Knowledge - INFO - process ingested knowledge for /app/data/tataelxsimcvaripplecode5379/718/b3129g6/Thunder-712/cmake/modules/FindMemcr.cmake
2025-10-27 09:08:43,628 - Knowledge - INFO - process ingested knowledge for /app/data/tataelxsimcvaripplecode5379/718/b3129g6/Thunder-712/cmake/config/string/cmake_string_to_json.cmake
2025-10-27 09:08:43,853 - Knowledge - INFO - process ingested knowledge for /app/data/tataelxsimcvaripplecode5379/718/b3129g6/Thunder-712/Source/com/ConnectorType.cpp
2025-10-27 09:08:44,047 - Knowledge - INFO - process ingested knowledge for /app/data/tataelxsimcvaripplecode5379/718/b3129g6/Thunder-712/Tests/unit/core/test_memberavailability.cpp
2025-10-27 09:08:44,246 - Knowledge - INFO - process ingested knowledge for /app/data/tataelxsimcvaripplecode5379/718/b3129g6/Thunder-712/Source/core/Singleton.cpp
2025-10-27 09:08:44,456 - Knowledge - INFO - process ingested knowledge for /app/data/tataelxsimcvaripplecode5379/718/b3129g6/Thunder-712/docs/utils/files/files.md
2025-10-27 09:08:44,658 - Knowledge - INFO - process ingested knowledge for /app/data/tataelxsimcvaripplecode5379/718/b3129g6/Thunder-712/Tests/unit/core/test_singleton.cpp
2025-10-27 09:08:44,846 - Knowledge - INFO - process ingested knowledge for /app/data/tataelxsimcvaripplecode5379/718/b3129g6/Thunder-712/Tests/unit/core/test_valuerecorder.cpp
2025-10-27 09:08:45,060 - Knowledge - INFO - process ingested knowledge for /app/data/tataelxsimcvaripplecode5379/718/b3129g6/Thunder-712/Source/plugins/System.h
2025-10-27 09:08:45,265 - Knowledge - INFO - process ingested knowledge for /app/data/tataelxsimcvaripplecode5379/718/b3129g6/Thunder-712/cmake/config/core/return/return_ans.cmake
2025-10-27 09:08:45,453 - Knowledge - INFO - process ingested knowledge for /app/data/tataelxsimcvaripplecode5379/718/b3129g6/Thunder-712/Source/extensions/warningreporting/CMakeLists.txt
2025-10-27 09:08:45,647 - Knowledge - INFO - process ingested knowledge for /app/data/tataelxsimcvaripplecode5379/718/b3129g6/Thunder-712/Source/com/CMakeLists.txt
2025-10-27 09:08:45,811 - Knowledge - INFO - process ingested knowledge for /app/data/tataelxsimcvaripplecode5379/718/b3129g6/Thunder-712/cmake/common/InstallLink.cmake
2025-10-27 09:08:46,001 - Knowledge - INFO - process ingested knowledge for /app/data/tataelxsimcvaripplecode5379/718/b3129g6/Thunder-712/cmake/config/map/helpers/map_path_get.cmake
2025-10-27 09:09:12,387 - Knowledge - INFO - Knowledge creation complete
2025-10-27 09:09:12,551 - Knowledge - INFO - ==================================================
2025-10-27 09:09:12,759 - Knowledge - INFO - KNOWLEDGE GRAPH GENERATION PERFORMANCE SUMMARY
2025-10-27 09:09:12,944 - Knowledge - INFO - ==================================================
2025-10-27 09:09:13,114 - Knowledge - INFO - Total processing time: 848.87 seconds (14.15 minutes)
2025-10-27 09:09:13,299 - Knowledge - INFO - Files processed: 0
2025-10-27 09:09:13,528 - Knowledge - INFO - Processing rate: 0.00 files/second
2025-10-27 09:09:13,712 - Knowledge - INFO - 
[TIME_BREAKDOWN]
2025-10-27 09:09:13,877 - Knowledge - INFO - File Reading: 3.59s (0.4%)
2025-10-27 09:09:14,064 - Knowledge - INFO - LLM Processing: 958.00s (112.9%)
2025-10-27 09:09:14,283 - Knowledge - INFO - MongoDB Operations: 0.00s (0.0%)
2025-10-27 09:09:14,470 - Knowledge - INFO - Redis Operations: 0.00s (0.0%)
2025-10-27 09:09:14,658 - Knowledge - INFO - WebSocket Communication: 0.83s (0.1%)
2025-10-27 09:09:14,880 - Knowledge - INFO - 
[LLM_STATS]
2025-10-27 09:09:15,111 - Knowledge - INFO - Total LLM calls: 32
2025-10-27 09:09:15,333 - Knowledge - INFO - Average LLM response time: 29937ms
2025-10-27 09:09:15,533 - Knowledge - INFO - Average prompt tokens: 130709.4
2025-10-27 09:09:15,728 - Knowledge - INFO - Average completion tokens: 12892.6
2025-10-27 09:09:15,928 - Knowledge - INFO - Total prompt tokens: 4182700
2025-10-27 09:09:16,104 - Knowledge - INFO - Total completion tokens: 412564
2025-10-27 09:09:16,252 - Knowledge - INFO - Total LLM cost: $0.0000
2025-10-27 09:09:16,429 - Knowledge - INFO - 
[DATABASE_STATS]
2025-10-27 09:09:16,617 - Knowledge - INFO - MongoDB operations: 0
2025-10-27 09:09:16,833 - Knowledge - INFO - Redis operations: 0
2025-10-27 09:09:17,038 - Knowledge - INFO - 
[COMMUNICATION_STATS]
2025-10-27 09:09:17,260 - Knowledge - INFO - WebSocket messages sent: 8
2025-10-27 09:09:17,452 - Knowledge - INFO - Average message size: 147.1 bytes
2025-10-27 09:09:17,638 - Knowledge - INFO - 
[WORKER_STATS]
2025-10-27 09:09:17,812 - Knowledge - INFO - 
[FILE_TYPE_STATS]
2025-10-27 09:09:17,983 - Knowledge - INFO - 
[SLOWEST_FILES]
2025-10-27 09:09:18,180 - Knowledge - INFO - ==================================================
2025-10-27 09:09:18,417 - Knowledge - INFO - ==================================================
2025-10-27 09:09:18,579 - Knowledge - INFO - KNOWLEDGE GRAPH GENERATION PERFORMANCE SUMMARY
2025-10-27 09:09:18,761 - Knowledge - INFO - ==================================================
2025-10-27 09:09:18,943 - Knowledge - INFO - Total processing time: 854.75 seconds (14.25 minutes)
2025-10-27 09:09:19,104 - Knowledge - INFO - Files processed: 425 of 630
2025-10-27 09:09:19,276 - Knowledge - INFO - Processing rate: 0.50 files/second
2025-10-27 09:09:19,459 - Knowledge - INFO - WebSocket messages sent: 4
2025-10-27 09:09:19,644 - Knowledge - INFO - MongoDB operations: 425
2025-10-27 09:09:19,916 - Knowledge - INFO - Average MongoDB ops per file: 1.00
2025-10-27 09:09:20,137 - Knowledge - INFO - LLM costs: $0.0323
2025-10-27 09:09:20,329 - Knowledge - INFO - Prompt tokens: 225728
2025-10-27 09:09:20,490 - Knowledge - INFO - Completion tokens: 24194
2025-10-27 09:09:20,702 - Knowledge - INFO - Updating org costs, total cost: 0.03225039999999999
2025-10-27 09:09:20,860 - Knowledge - INFO - [WEBSOCKET] Sent: Type=progress_update, Size: 291, Duration: 0ms
2025-10-27 09:09:21,042 - Knowledge - INFO - Saving knowledge to Redis...
2025-10-27 09:09:21,394 - Knowledge - INFO - Knowledge saved to Redis successfully
